date,5RLST,S5COND,S5CONS,S5HLTH,S5INDU,S5INFT,S5MATR,S5TELS,S5UTIL,SPF,SPN,SP500,SP1500
2014-08-01,-0.0017012788924088973,-0.0035428396338426094,0.007666118013122558,-0.00025554751054124303,-0.0007616487455196497,-0.004054138339674496,0.0005208502880953425,-0.009303185262768743,0.004202884707230847,-0.008746065926784952,-0.00711369100971726,-0.0028591110857888458,-0.0028237192416298296
2014-08-04,0.005758946935417564,0.010108969307939253,0.004005280705287273,0.0048282423777672445,0.0030713356947495996,0.006685245490982039,0.011062306816333134,0.00603233830845773,-0.005849900123656382,0.007987700945824239,0.01609182225915995,0.007189050203880276,0.007124235886371899
2014-08-05,-0.010400233713117157,-0.0070016552826348555,-0.00474704702473816,-0.008945858477366841,-0.0055427664662629494,-0.009393614208619061,-0.00952534191472243,-0.009025159176608843,-0.01277328613117723,-0.00991379310344831,-0.021379213087011628,-0.009685454798632254,-0.00901524111306995
2014-08-06,0.002597862667532702,-0.002586652871184758,0.008643661687977255,-0.0012121039272167122,-0.004607259242611517,-0.0021037758065782786,0.006855323434809213,-0.012912482065997044,-0.012841635975964327,0.0036502461404506192,0.0039196472317490905,1.56232912025267e-05,0.0002026616226440403
2014-08-07,0.00029444673458578485,-0.004898570769939936,-0.00808116688497651,-0.011864479376365145,0.0008354030255137701,-0.004531080379478025,-0.008873830267828287,-0.010048028311425705,0.011437828285307372,-0.0053053053053052635,-0.006832601268911609,-0.005556597092030158,-0.005380701517402775
2014-08-08,0.0073001295184267345,0.01563676376903933,0.009870408916940798,0.01140008669267445,0.013986960543235671,0.006969797543975975,0.010711378805144056,0.004915416533673778,0.01980198019801982,0.009727952769112092,0.016765428530134407,0.011531391884036735,0.011340229520812928
2014-08-11,0.005026300409117557,0.004447739065974954,0.00762411347517733,7.142959185135744e-05,0.004204952499610615,0.005744420378566595,-0.000708671562942853,0.0006987676280016952,-0.00404530744336562,0.0014949669446198133,-0.0014925373134327957,0.0027593847555642537,0.0031110116383168407
2014-08-12,-0.0025587345894393376,-0.0029898760526068102,-0.001385711771951459,-0.0013999200045712312,-0.0023927685218009254,-0.0020287141073657144,0.002611050222422584,0.004507078016885657,-0.0011468437903188189,0.0013268758707623007,-0.006648160011388793,-0.001636618962063574,-0.001985764965751091
2014-08-13,0.011077425373134275,0.0035302826124090636,0.002510957908416156,0.011472548851314768,0.008483610198099178,0.011399530883502651,0.004147509886506251,0.0010743174924165988,0.0021049610103813787,0.005333598356854319,0.0033248301757000664,0.006707175177763425,0.006796333556896794
2014-08-14,0.0012109329950409364,0.007659864202901101,0.004196418763045218,0.011794987837302484,0.004624532041400453,0.0011904945963914226,0.0008004610655738542,0.00359825768575206,0.009595646154580528,0.0054371107522983575,-0.005027853163833695,0.004345771348730265,0.004174623617711148
2014-08-15,-0.00011518746760341703,-0.0014264799729719613,0.0010939482781253673,0.0011042464566268784,-0.002783866725120543,0.001127308666378335,0.002143519851553366,-0.0042143665869920355,0.003120862492907106,-0.004195070791819688,0.005125039478595328,-6.137542323469969e-05,-0.00015479191543954496
2014-08-18,0.009849663037843293,0.008608698921093172,0.005857155345746934,0.007651387162982859,0.015321038401512332,0.010612534513875005,0.00967309411313999,-0.0011370096645821892,-0.0016969925520882168,0.010762243285939999,0.0028136827822609067,0.00853170746677856,0.009023554130266564
2014-08-19,0.0021674652064795907,0.007622064852776722,0.00223796280201638,0.006554060607740109,0.0024031175579128927,0.006853183143306296,0.00347804091440862,-0.002592803389616094,0.012324109925394122,0.0014978346520790886,0.007277958183786293,0.005000659316136913,0.005041316879643931
2014-08-20,0.0033010813887308643,0.005067598808929041,-6.503783033795507e-05,0.00012389526720091304,0.009827001576639738,-3.0318649000937725e-05,0.0014179033935153296,0.001965508496069024,0.0022389103969402413,0.0029586760737394524,0.0020078333781088364,0.002477795720629894,0.002224500032713239
2014-08-21,0.0007941910596778179,-0.0009016800691900029,0.0011924377764287453,0.0011149192715862455,-0.0002780391821370909,0.005124007034139844,-0.0021710402114404337,0.0020249319749414685,0.0023735281798296093,0.011151452282157637,2.8222676920819367e-05,0.002949897055640305,0.0028723751496029237
2014-08-22,-0.0071987303026866956,0.0012156039341362224,-0.0017756989107602372,4.124731892418687e-05,-0.004278715529598021,0.0001809900153841859,-0.003973134045974769,-0.0039785285759393885,-0.0029250626799145474,-0.003494485765580979,-0.00650514343770725,-0.0019926017757744274,-0.001844337882700109
2014-08-25,-0.0006280331144733475,0.0027409860191316415,0.0052064125648090265,0.0072179830892966645,0.003459166791998758,0.0001507977199384225,0.003704055465856282,0.006023332487953281,0.006239813736903299,0.008236013254833807,0.007882850893389914,0.004787769060551117,0.004521542541628731
2014-08-26,-0.00017138939670935383,0.0005503678291658431,-0.0006905928307832099,0.004122304122304188,-0.0033401849948612172,0.000799107412098099,0.001135503406510141,0.0005041910884227008,-0.011291591466518591,0.002648457193911824,0.005185947210439412,0.0010510931368623577,0.0014282622808914347
2014-08-27,0.001999885720816108,0.0009717816608298957,0.0006478781988985549,1.3593975150216764e-05,-0.0003652144023373882,-0.0005574219985838846,9.451795841219912e-05,0.004472440944881972,0.009220688041188918,-0.0015912418051047261,-0.0009813680270296388,4.999950000494913e-05,-0.00010804736796610204
2014-08-28,-0.0007983576642336399,-0.0020882180539273376,-0.00019423761735193334,-0.0013457852452999353,-0.002836818465109303,-0.0022007838408198976,0.00047254512805960935,0.0,0.006771171505426166,-0.004303200306005395,-0.0004490660828808668,-0.0016898986060835952,-0.001880227356227504
2014-08-29,0.004394475516493523,5.506810088462544e-05,0.0011440659672754538,0.004029184362408955,2.155218862465169e-05,0.004486811493488618,0.0016058945777441824,0.006960993352564726,0.00746268656716409,0.005186157441495753,0.0048436688334481115,0.0033204122720034146,0.0035943183786593114
2014-09-02,-0.00034092846184441417,0.0017620821937924802,-0.0004743526164859846,0.0002033622559651782,0.0020905172413794304,0.0013836459069649365,-0.003866830142412403,-0.0025534035000310817,-0.010196616369455791,0.003630688875441823,-0.012462974347510314,-0.0005440832197746159,-2.1574973031235345e-05
2014-09-03,0.0016483828795543776,-0.0031881561830074956,0.0009707271825183383,0.004066418163334529,-0.0007957502634579061,-0.0070888965651894065,0.0017673420438049092,0.0028096903096903603,0.005543493324710047,-0.001237584488941068,0.003112620260328214,-0.0007791118125336505,-0.0010571964875186746
2014-09-04,-0.001759164680512959,0.003915225263312783,0.00217663031765869,-0.005035437057036796,0.0004950495049504955,-0.0009226906263708479,-0.0011026400352845966,-0.0019924039599029664,0.0,0.00019063353879400502,-0.012933709449929442,-0.0015344475988643413,-0.0017278617710583255
2014-09-05,0.010800977772724707,0.0038084077925883975,0.005548029159409218,0.005712192342134603,0.0034851451068131922,0.006464799394398257,0.004888510423565862,0.005552436209370626,0.012404097946432824,0.001810673443456201,0.0068730977523112635,0.005035917202713236,0.004846386845521522
2014-09-08,-0.0020246330352624575,-0.005089012111483937,-0.006372832060905442,0.000485679208882539,-0.0005574016507664536,0.0015042796756772336,-0.004362563555332377,-0.006514455887827397,-0.007215138176702829,-9.512635951436366e-05,-0.015852066303360557,-0.0030731529952034986,-0.002734475927999247
2014-09-09,-0.005917159763313529,-0.009863415528462705,-0.002991627746809278,-0.0030609905743065324,-0.003946888607649135,-0.006413626327410382,-0.00816442328909639,-0.011490663835633574,-0.011929792485601998,-0.009957506183801534,-0.004744257141621189,-0.006544960380507003,-0.006844139300904661
2014-09-10,-0.015079365079365026,0.0033514174088542514,0.004339003540281494,0.006668289779797609,0.0009044901475179223,0.008359788359788345,9.534706331049136e-05,-0.002527007391496694,-0.003932090484340955,0.004196028187059664,-0.003013706569300667,0.0036460743095090287,0.003478260869565375
2014-09-11,0.00040290088638195165,0.0005351738392262995,-0.00047286405158519784,-0.0032515955660059603,0.0012479290832025924,0.0012143381856888347,-0.0011758350017478936,0.005953511938691758,0.00845253576072813,0.0031258971005709846,0.0008719662839704601,0.0008819004955680221,0.0013214904679375028
2014-09-12,-0.029227317185432478,-0.0031355478908827727,-0.006580220630926892,-0.006928811183155137,-0.004125926721822326,-0.004402252036415977,-0.005408845052497613,-0.012025436000755674,-0.018144975591784074,-0.0012401030239435062,-0.015057354435893733,-0.005962602317955423,-0.006382380303325275
2014-09-15,-0.0024891839032773477,-0.004015023960627029,0.004415871160464935,-0.003203518440592412,8.63129275188168e-05,-0.006316739359302104,0.0016954574536147682,0.004205964822839858,0.0030487804878049918,0.0002865329512893311,0.007312075243612881,-0.0007101342707775959,-0.001306449505726559
2014-09-16,0.008317984671142531,0.004514211406279056,0.007456735846210316,0.013440823607914654,0.005631432455174945,0.0067655516876039545,0.005173570082713352,0.007615179591318633,0.012298339957914406,0.003596549858365883,0.011854410279676264,0.007484388623729243,0.00721667466096898
2014-09-17,-0.0003535442814213141,0.0003143898063728834,-0.0014332470532868458,0.0009271701155602052,0.00431256436663241,0.001834117593998652,0.0056552819698172385,0.00440861569467188,-0.0023558758314855544,0.004408220220728065,-0.004787457151535279,0.0012956607870013848,0.0011905534991447642
2014-09-18,-0.006896551724138056,0.00404880754298409,0.002142245072836335,0.007866933372712825,0.004016321647546617,0.006557721454403476,0.007076738381827985,0.006646601454727952,-0.0068991063573644595,0.010514350667803374,-0.004766887571212797,0.004891160439055353,0.004756551068062054
2014-09-19,0.00017806267806275144,0.0008838314091588195,0.0021804189824710107,0.000972360972361086,-0.0011277315573334779,-0.003637664738505464,-0.0007215233553972134,0.01071384078734261,0.008578888474449764,-0.0035933008373953967,2.9205607476878725e-05,-0.00047728899848853423,-0.0012480633499742932
2014-09-22,-0.0072399264138626185,-0.014515149842706743,-0.001535770658248281,-0.005602278171075836,-0.011034423994546683,-0.0076161120421355255,-0.0010045834118164176,-0.001232589670898454,-0.007211538461538436,-0.006898930665746761,-0.013580210858327835,-0.008013330680461617,-0.008596544146162843
2014-09-23,-0.004901667762567952,-0.007952508960573423,-0.009335612048707587,-0.005767660952533782,-0.00842200491104117,-0.0020807261432685964,-0.0056250392810006655,-0.005985437492286749,-0.003725088470851068,-0.006852126685402138,-0.003153126480341051,-0.005776491884329715,-0.006128436379441493
2014-09-24,-0.0010812759055686127,0.010387264310714794,0.012183813857201242,0.016770754818563383,0.0049527533398501244,0.00660270454030365,0.01027083399172013,0.003041777888137087,-0.0032249018508132554,0.005913773368943165,0.0003564056490295009,0.007832476787524412,0.007609384908053407
2014-09-25,-0.00559263936496468,-0.014359146273326684,-0.012527163492266347,-0.01581901458791124,-0.014914726671422018,-0.0228002761850441,-0.014577077077077116,-0.009468993687337557,-0.005626670417780311,-0.016467539035337153,-0.01534967266897258,-0.0161687434319171,-0.01590677285649178
2014-09-26,0.009675858732462572,0.010751469115507284,0.0036245954692557536,0.003039799857425196,0.008952669343690323,0.012242139379137651,0.00876134848581045,0.0040612308653544815,0.0016503984533409177,0.009287527717967592,0.01305612929487876,0.008575832023560492,0.00840169356972753
2014-09-29,0.00011978917105892606,-0.005888731025199934,-0.0004299410980694862,-0.0018103066793612177,-0.0028707509623540073,-0.0009559939301972964,-0.0048775882686133976,-0.0006845052893589276,0.00541380284342341,-0.003916449086161955,-0.004226504948284915,-0.002546839145674107,-0.0024273436987469754
2014-09-30,-0.0027548209366390353,-0.005397070161912154,0.00019355671211651604,-0.005937827453719846,-0.0008288076075814166,0.002354299254218706,-0.011573854473010181,0.003362600410984351,0.00196656833824993,-0.0017261771569221374,-0.012045851952593778,-0.002785923753665709,-0.0036169932921216175
2014-10-01,-0.00030026423252471623,-0.01264889393079971,-0.005999096910142554,-0.010297853938050716,-0.018794612647617392,-0.0164413868347677,-0.022938861694980384,-0.009867808601750183,0.005374082901069999,-0.011751897274968837,-0.0186672717646168,-0.013248558781923436,-0.013288451807361379
2014-10-02,0.00012014176728536441,0.0038298768694586816,0.001319546595137222,-0.002225742141628184,-0.001156840934371517,0.00040057312770569453,-0.002619515389652771,-0.0008148426726839464,-0.0011620340243562177,0.0017821268874345098,-0.0037921413266328585,5.138323673214984e-06,0.0004905349060178033
2014-10-03,0.007147576431016933,0.013105434844814079,0.011255373846918326,0.019679489811279538,0.013586351285135079,0.007700244867786754,0.00308601444517409,0.009723354871087109,0.006189213085764811,0.014522754471649968,1.5473887814199117e-05,0.011165519969992266,0.010675046243676434
2014-10-06,0.0011331106870229313,-0.00559237779618893,0.0006836146122624065,-0.0039055684548175984,-0.003296123758460001,-0.00015282808368866085,-0.0007200366564117378,0.004100397614314133,-9.249838127833865e-05,-0.0015303194541861354,0.0012843128152757455,-0.0015651201788710045,-0.0018963616317531073
2014-10-07,-0.007982367308036031,-0.01459923122076845,-0.004888775030955195,-0.015831738931256556,-0.023656245866219727,-0.016553811350748293,-0.017457094196253076,-0.007053582477416276,-0.0010175763182238562,-0.018328118015198958,-0.01330572254245932,-0.015126067527814313,-0.015155531990102555
2014-10-08,0.02035669248784,0.015622598001537202,0.01415914015403441,0.02516325999753577,0.017658349328214973,0.01975442959278828,0.013067102236741235,0.0009970089730806375,0.02227058060931575,0.018117356232110415,0.010070793133692524,0.017461629889928165,0.01727309435147384
2014-10-09,-0.0011770244821092124,-0.022666641439464175,-0.00932879233389039,-0.019871529493462936,-0.023143319945858387,-0.01668927466430936,-0.025435161725510858,-0.017928286852589626,-0.016486253906426884,-0.02060637040350144,-0.037012916530988815,-0.020661387888607274,-0.02097115639057945
2014-10-10,0.0015319349516851322,-0.0087116445649017,0.0049752306115475875,-0.007235022413581649,-0.014764673814283147,-0.027869055738111492,-0.01519346343439798,-0.006211967545638908,0.005065622841353923,-0.00815501043841338,-0.011770578384645014,-0.011451034897651202,-0.01187017140797808
2014-10-13,-0.0034709965878338966,-0.020583927350844577,-0.01383193455858922,-0.023894485465674742,-0.015493152579886593,-0.012468509837686104,-0.02615880416895222,-0.012629161882893203,-0.0009163802978235935,-0.008814049858580586,-0.02854675508774218,-0.016467921915084505,-0.01572828812400273
2014-10-14,0.01623472460003539,0.006659887140834764,-0.0006894471495669796,-0.00759269414097119,0.013043885532293631,0.0028254972875225715,0.0033092765358211373,-0.00025839793281667855,0.00967667966062824,0.004778021102926466,-0.012260780597440624,0.0015788856054705924,0.0025243168133395333
2014-10-15,-0.008074822818635918,-0.007903337625037143,-0.012159889612349595,-0.008019155296751235,-0.00166439353660508,-0.007486596577095828,0.006561633741534845,-0.0029723442750063667,-0.013308502906976827,-0.019912819496730627,0.004279164544065184,-0.008100335516855739,-0.007068770357365639
2014-10-16,0.0008784773060028783,0.0015573214071795682,-0.007267885983674449,-0.005013211454688249,0.0071780859981014355,-0.005645135126366663,0.010004880429477891,-0.005379131561892514,0.0003222391014132686,-0.00010108157282939789,0.01685773223766529,0.0001449672213005293,0.001186515599190363
2014-10-17,0.007431246342890496,0.010764691810860372,0.011410355062108302,0.01613458888378494,0.019679518127686757,0.01197428953636348,0.013564353018327369,0.010555808952889878,0.005890473999079715,0.013007143819921962,0.009162107783634577,0.01288410745345625,0.011990519124413401
2014-10-20,0.013126560957193556,0.013943673082991381,0.01439005303886609,0.011965304853930103,0.003043762541429018,0.006690095434614296,0.014234148334808738,0.007479528015990722,0.013953701162045862,0.006054154746856444,0.007595979568297828,0.009142657253704778,0.00932261768082654
2014-10-21,0.011121940033251176,0.018848106436365697,0.003835769082415341,0.02653730718224323,0.021983456212911312,0.02160231876631391,0.02222669889873763,0.007231999999999905,0.0036998601272391074,0.018714455759820225,0.029255449624699503,0.019574477024805637,0.019747019747019756
2014-10-22,-0.0024380563587912407,-0.008457426498663545,0.001280819724623905,-0.005466710182767565,-0.01328465226762865,-0.00551758730954921,-0.008605399724101681,-0.004574914220358384,0.006338503034389875,-0.008893216488153222,-0.016571337782014584,-0.0072993076732877915,-0.007719079064786749
2014-10-23,0.007502557690121536,0.014171014883416433,-0.0007248694169065262,0.017488445866491675,0.021822477820872876,0.015289073828888444,0.00023191094619678942,-0.011617515638963294,0.0019208433842579087,0.009758973015457029,0.017852238396044884,0.012303397315150733,0.012612977202212328
2014-10-24,0.0007333859866862635,-0.0010251931729727826,0.008192699110324053,0.013828228938491893,0.008965772997971078,0.00807277920948879,0.006425756020006057,0.008202014983208494,0.00958580409291554,0.009048453006421653,-0.0028411796450905635,0.007053444192698377,0.006616487932680659
2014-10-27,0.005186312644455793,0.0018244360402135396,0.002475928473177458,0.0012327350812546545,-0.00034593098676805045,0.000385006314103542,-0.020569359881520533,0.010185125872781864,-0.002119766825649183,0.001382058946421072,-0.020295114846473394,-0.0015015932158526368,-0.001411650528266084
2014-10-28,0.002748023105827002,0.010964621075595149,0.003926370007599322,0.007360826107102536,0.01697811229345092,0.014208962576394368,0.009307795698924703,0.009511731135066537,0.0070808992742077415,0.01133008088329679,0.02268148436992279,0.01193905068743839,0.012943697126322373
2014-10-29,-0.004642058165548191,-0.0032649691329065256,-0.0011775095672652558,0.0002891274920819864,-0.004274685778694609,-0.001639294496220578,-0.012551186869527498,-0.00031407035175867737,-0.0061082791351732,0.001935954806563167,0.0016046009150991747,-0.001385355532606214,-0.0013955821103818211
2014-10-30,0.01000168567736126,0.006607805116813248,0.005536608984884728,0.018104660176316845,0.0038231524989320587,0.0023413506856813093,0.007349966284558196,0.002827521206409056,0.02064818499358889,0.004941400063351198,-0.003093028788960339,0.006230136709882483,0.005983185937329383
2014-10-31,0.008233657858136345,0.009818589863474836,0.006804145294671882,0.005084461421326347,0.010298091448754265,0.017579784006795274,0.018776357185889436,0.0077067669172934394,0.0003898804366662123,0.012418836285696289,0.02039777247414487,0.01173138144536634,0.011938613818402777
2014-11-03,0.008938917397781854,0.00018520233354912818,0.003555832813474824,0.00024394941259542335,-0.002169197396963085,0.003994812705889306,-0.00768750615986058,0.001803146179195414,0.006928506473823148,0.0031444582814446065,-0.017401609181064148,-0.00011892668665292039,-8.580192625329275e-05
2014-11-04,0.0008203445447088065,-0.012535876307749216,0.005387372826920256,0.0008728691723147719,0.0005065428450823362,0.00046024794001930935,-0.010362522761132253,-0.0021102284011916828,-0.005934718100890191,0.0009621054591726352,-0.019312555541449727,-0.0028298006254305896,-0.0029389681433015236
2014-11-05,-0.0008743169398907069,0.004162916291629237,0.0073576389604501635,-0.001923767506284313,0.0055691502826764605,0.0026414982340545734,0.009500869797939071,0.0021146908819504873,0.023145143845987537,0.006263177477365822,0.017476010938688225,0.005700511902986927,0.0054219200481948615
2014-11-06,-0.0063990374097572245,0.008758169934640625,0.0020049920209501693,0.0056796278687261115,0.010992699504908998,-0.0006956367296193644,0.008218451749735012,-0.00831678252234358,-0.018012684989429095,0.000739508227028951,0.012802366449848224,0.003775505665729373,0.003958912903916145
2014-11-07,-0.0008256729234324967,-0.0019252485236677108,0.002695197647827552,-0.009416845548400277,0.0009752656042496533,-0.0003406549461615338,0.005061793321062158,0.008073601201652236,0.010075783672063299,0.0005234312457664814,0.009358708623830037,0.0003495453448929542,0.0003410423105616456
2014-11-10,0.007106654914059041,-0.0007233608457757335,0.0042762889956831085,0.009970719878235945,0.004809386595907794,0.0026520875929711973,0.0026162600562495975,0.0020487986589681206,0.005115525620257522,0.004985382366518021,-0.008322962041070192,0.0031202015827394014,0.00315356587330351
2014-11-11,-0.0033367977681746375,0.003879278342861392,-0.001784338375441008,0.0035376756066411996,-0.0012791153473210581,0.0009309473497554066,0.004631743753669593,-0.0009913258983891282,-0.003520230723555895,-0.002265976666564584,0.002619813318691655,0.0006966726521642208,0.0006372267890140115
2014-11-12,-0.005488474204171201,0.005121567902375945,0.00014218972171442523,-0.0015398908077427498,0.0009502365262659129,0.002362111727884697,0.00188311688311682,0.007566360704539754,-0.020302191955735238,-0.0025166497866985216,-0.009247089748404047,-0.0007010903671164082,-0.0002122736632065303
2014-11-13,0.005629139072847789,0.0060888120378204125,0.0046712837906452975,-0.0009941878250229186,-0.0026416262511609334,0.005950276894073125,-0.0004212845939464138,0.0073864335836513195,-0.008167521070466588,-0.0004922925448447302,-0.01345525181219498,0.0005298663068808995,-0.00021231873288185543
2014-11-14,-0.006750082318076944,0.0037664783427495685,-0.006165726646046865,-0.008318660848707471,0.0006621557307509018,0.006163982430454018,0.0031771762035988083,0.006415739948674171,-0.0037669732807710243,-0.0035400954286595177,0.008308120827930532,0.00024027499227696758,0.0001486546751894302
2014-11-17,0.004530637051770814,-0.0010747008142225623,0.006163296855294709,0.004914700357666835,-0.0010339337041709307,-0.0017025363426027562,-0.00016158743496108574,-0.0016392447331674553,0.01345409778403095,0.00021624961384003605,-0.00433415888740718,0.000735359002264957,0.00023356548326813886
2014-11-18,0.0058852648369176475,0.0014040846097738147,0.0036995855655514998,0.015773032211809257,0.007514127802273007,0.003819019299166282,0.011215980347792476,-0.0022500608124543797,0.002646420824295115,0.0024400037063347924,0.0004305190145896809,0.005133932945349251,0.005094784214660253
2014-11-19,-0.00552274715660539,0.0044612779285104764,0.004390912020625137,-0.005306276783463515,-0.002876397107166362,-0.006432782505154888,-0.001150711203452226,-0.01060522947522391,-0.0006490415819306872,-0.0018178456987921754,0.005594338720474212,-0.0015011209669559822,-0.0019431009356454254
2014-11-20,0.002639247814372858,0.0042057938435879905,-0.004552199895720643,-0.003953420595800727,0.001813236627379755,0.0064159712377416245,0.004864155652980928,-0.004558615166635915,-0.002338067197783289,0.0005556070006480507,0.010920387364684148,0.001967081885274835,0.0025182520368214334
2014-11-21,0.008774335069920536,0.0022926670758565137,0.004452144483168441,0.0039309476255293685,0.009790209790209836,0.002105660596555481,0.01261106334193185,0.0010520452998328267,0.0038191129242253208,0.005367885238315662,0.012197798751999,0.0052368773596394025,0.0050238527462320715
2014-11-24,0.0022832291383529935,0.009419859152392851,-0.0010629763337345333,0.004675857874195444,0.0026478735538537634,0.0070137812106016995,-0.004937572726987027,-0.014033135509396555,-0.008862948551664585,0.006044984503973838,-0.0073110285006195985,0.0028640659074388175,0.00344450978744848
2014-11-25,0.0033085643000487774,0.002337449147098658,0.0013853474411227307,0.0006936999432427537,0.001584528501198612,0.0006475658718396726,-0.0036346396965865058,-0.0015674963947582832,-0.0010905125408942062,-0.0020130543524675693,-0.016009237298714285,-0.0011500862564690628,-0.0010674815807099058
2014-11-26,0.007406206076332689,0.0002848242100577103,0.0033082043467800304,0.007033022435089631,-0.0014806100924874555,0.008945006902899344,0.0013957176843775176,0.012308465209746267,0.005065502183406068,0.0019559902200487755,-0.011052614886936762,0.002805958307329659,0.002619172341540077
2014-11-28,0.003917359806815179,0.011656670997134855,0.012170020583121888,0.005844952314200569,-0.008551522414738666,0.0037344280053592804,-0.02426430992429285,0.008746898263027436,0.010644768856447717,0.00048804294777937685,-0.06264731820732772,-0.002542417853852008,-0.0033646812957157657
2014-12-01,-0.0006414368184733954,-0.010853885937445185,-0.0061204343534058125,-0.0019660299881788523,-0.012927678754353633,-0.011076398750355154,-0.010161347920657038,-0.009716499600270656,0.0016766261123768444,-0.007195121951219519,0.007116220192274758,-0.006829306041904459,-0.007527941454004039
2014-12-02,0.0018720581942661685,0.0035746678760071315,0.003655145013905514,0.011021481915543418,0.007804230058739314,0.0025703618609995704,0.005673991472614048,-0.018009066633546622,0.006866952789699621,0.009765385087826983,0.013316574379182766,0.006384408602150504,0.0064863722797379175
2014-12-03,-0.002295659601729838,0.0018961545277336178,-0.007976407251999107,0.001504482618293057,0.012913191226444187,0.004583279623025183,0.014414766983008809,-0.007968127490039834,-0.0028132992327365436,0.004196825010644112,0.011649736833282853,0.003764728654036764,0.0043663538845855054
2014-12-04,0.0011772260273972268,-0.001149689583812341,-0.0009377306917259798,-0.001243643259084104,-0.00455451181326505,0.0010550478335875635,0.0030863205272464445,-0.001721170395869276,-0.0008549200649738964,0.000999394306480772,-0.008052623730386288,-0.001161820925310808,-0.0013585536628696326
2014-12-05,-0.0069481560662746356,0.0025499362515934987,0.0013979310620282348,0.007668409113324781,0.001695330691613206,-0.0016093885747653358,-0.0010897086631838082,-0.001787994891443212,-0.008299820313168449,0.009862947387529353,-0.011926436935206342,0.0016651222054904213,0.0018208455420678504
2014-12-08,0.007373519913885795,-0.008442843012575918,-0.002293395022335609,0.0032789292093864386,-0.01099080361330329,-0.012196861626248112,-0.016203035261655008,0.0008316274309110305,0.007118205349438966,0.003834746397435529,-0.03905127381536022,-0.0072565373885138396,-0.007416382894269602
2014-12-09,0.0036330608537693543,-0.0014606861662332937,-0.0031381798556836538,-0.003768200775590924,0.0008865613789121873,0.00470792114954155,0.0025438653708171888,-0.032150846915947606,0.0049261083743843415,-0.0024472498283940602,0.008549865418784997,-0.0002378282879760274,0.0007997979457821103
2014-12-10,-0.0009049773755654966,-0.014200085628656933,-0.009925409047160771,-0.015852031385797938,-0.018910289422185644,-0.01635739029193195,-0.021275211450878184,-0.014397041341962624,-0.012105711849957346,-0.013462976813762184,-0.03080465384011577,-0.016350943286306596,-0.0167823343848581
2014-12-11,-0.0008525149190110604,0.007021353601158076,0.007878161897239666,0.002649319634816738,0.004640225082411353,0.005056040214516333,0.0007312371202552459,0.005896542481908407,0.010010355540214011,0.0033055344958301536,0.00034195417814020246,0.004535718163601654,0.004555954825461894
2014-12-12,-0.009225682593856699,-0.006199683726279548,-0.012578869107422785,-0.016288099639007125,-0.01868416652733651,-0.01562977071489846,-0.029161684602099003,-0.01878497202238205,-0.009569377990430672,-0.020493289807761994,-0.0214457918031018,-0.016213586985894146,-0.015884169062067466
2014-12-15,-0.008665697830884223,-0.005822468943818659,-0.006573056573056513,-0.007679891043910314,-0.0024492056054863376,-0.005922840600259938,-0.005439616832021987,-0.00020366598778009948,-0.008928571428571397,-0.008486082824168406,-0.007115278543849968,-0.006342610858349973,-0.006490837101624902
2014-12-16,-0.006135302421544142,-0.015805460068023414,-0.004445172788168139,-0.01272096481083762,-4.269945985180268e-05,-0.01470959689761231,-0.006845309758866103,0.00033951246010710534,-0.001871436654045433,-0.009990351996514213,0.006962576153176636,-0.008489015545603995,-0.007774559550512872
2014-12-17,0.019776017481562214,0.019237876995860326,0.014300411522633727,0.019024817217588197,0.009052672032794584,0.01918175923272969,0.02770850651149903,0.018531088786315708,0.019359902328420775,0.02276013832128254,0.0422221813567738,0.020352403256384655,0.02078486458013251
2014-12-18,0.009856966839877801,0.01588308886189327,0.020225174967035242,0.02771391759088515,0.024692664141681142,0.030376562846785582,0.02258021029927204,0.018393868710429695,0.01954829326717422,0.024251552222290584,0.021243934715482915,0.024015221894887473,0.023113805930035092
2014-12-19,0.0015383799267945086,0.0036052758392974837,-0.0020480394496142917,0.00411750245821052,0.0053068472784341125,0.0009046784801400864,0.011535165776811018,0.0002617629736272331,0.0001258653241031915,0.00027008372595505037,0.031203027004613082,0.0045700867928373246,0.004350201748486882
2014-12-22,0.01583686440677945,0.009443189699631871,0.007810476399211064,-0.011530693432890704,0.009119852110506255,0.010831982324500222,0.0004887267040269982,0.010206084396467086,0.003272086584445111,0.006150246009840377,-0.009784703024210528,0.0038103977012049484,0.003933795066016543
2014-12-23,-0.003076281349392529,0.005884218315070022,0.007492932128664975,-0.0220301412950602,0.004498361456573452,0.0027676847961848328,0.007946070928452897,0.003885758694385011,0.002843284830239101,0.00581447356650866,0.012571699294428251,0.001746418158899976,0.002000875382980105
2014-12-24,-0.005230125523012608,-0.0018390079865491238,-0.0017268445839874191,0.00663509509458815,0.0005268490374872314,-0.0009483234490664794,-0.0028755129074988783,-0.0007096316366684841,0.01805370246831206,-0.0019862445155935937,-0.008087694672816004,-0.00013927777270827946,8.320332813327447e-05
2014-12-26,0.0029442691903260876,0.005614921654296445,0.0019460607013679354,0.007585096480414499,4.05055087491224e-05,0.004108579848124183,0.0033374376255588256,0.005229180116204102,0.012081746324282383,-2.9704440813849153e-05,-0.0006907008086253219,0.0033095087132783974,0.003411052642525725
2014-12-29,0.0030928915915287014,0.006735181727766104,-0.0036098958231151057,0.0025717531616336053,0.00014176353841799383,-0.004896012642153669,-0.0021637332472144166,-0.004238648770149567,0.011128196827452141,0.0035646387832699578,0.002646706788718589,0.0008617511741360051,0.001243703749766789
2014-12-30,-0.0027175333159131787,-0.00377835936010551,-0.0041349164156182505,-0.0040718741828235094,-0.004738280854510557,-0.006990230691791721,-0.001974237814745372,-0.003869719445340314,-0.020890863248889446,-0.0012727918541319827,-0.006237810209160033,-0.004888618893411967,-0.0048030143055296515
2014-12-31,-0.015406382644238437,-0.003549122288139972,-0.01223876465587126,-0.009789947486871675,-0.010254114870500985,-0.011979895479338531,-0.010020430002918634,-0.01230171576561978,-0.018434498262824506,-0.012121750985448099,-0.007545892902461548,-0.010310765015502099,-0.010214058371991408
2015-01-02,0.013944329128745547,-0.0072282845918812955,-0.0035029424716762625,0.003914289682690031,-0.0015006064094394977,-0.001488546860322404,0.001768867924528461,0.005244182235332628,0.0057050054135088235,0.0002700108004320967,0.004313063638998305,-0.0003399873718977764,-0.0006094997898277166
2015-01-05,0.0019421552674401266,-0.019873023689347846,-0.0076933893096036154,-0.006100091815814945,-0.023201712850496103,-0.01765761593237991,-0.026747760120332198,-0.01010759700032593,-0.013084344333567977,-0.02093518490747137,-0.03992395437262353,-0.018278107083859685,-0.018001724464259405
2015-01-06,0.010739731768650618,-0.00943819418277081,-0.0001417004048582804,-0.002670142491964289,-0.011844795245220974,-0.012228901461574848,-0.0069883080231151196,0.003491436100131695,0.00121669813299774,-0.015317219618294908,-0.013101131541725541,-0.008893486028764053,-0.009294356997537112
2015-01-07,0.015135023065360409,0.015306584548501201,0.017451865648978604,0.022699876920734496,0.00610003199317477,0.008651293219176237,0.010014886994180516,-0.013457624893323805,0.009763660744217306,0.011044395358242864,0.0034038589010909615,0.011629823080879564,0.01167289941851668
2015-01-08,0.005054888945621672,0.014861730597680811,0.01512287334593565,0.017196029776674893,0.01992749782705494,0.022714501197835135,0.023717003885836974,0.015437849347883947,0.007054820102087245,0.014739368576527578,0.022050027674123784,0.017888345920331616,0.017713296724429117
2015-01-09,0.00147327778906714,-0.011409384174533743,-0.00803685190630199,-0.00808674651769814,-0.010891480118891739,-0.00280517076838549,-0.005006544502617949,-0.006618610747051057,-0.0065108995755551735,-0.013372956909361022,-0.00789602403745382,-0.008403891103416772,-0.008419063615368483
2015-01-12,0.005072794602546615,-0.0047302343777787526,-0.0034383954154727503,-0.0006763154335183152,-0.006598440750625101,-0.013441795719505767,-0.003091393429144551,0.00560723002836605,-0.002654610311501937,-0.008482911236783797,-0.028032117199605522,-0.008093661513783657,-0.007749475957568475
2015-01-13,-0.002876899005703315,-0.001179245283018826,-0.00013880351371176047,-0.004860461682334893,-0.0019461426184079755,-0.0006467069388715885,-0.01161217959291383,0.0011807924429283467,0.003160740278644214,-0.003378797272163725,-0.007264492753623175,-0.0025785648782700177,-0.002240573586838268
2015-01-14,0.005770398866167259,-0.011520160280490743,-0.0026376328732349297,-0.0009768402309794366,-0.005722642589177873,-0.005309370082214215,-0.011882113414105056,-0.0041934215699123145,0.009452344430164628,-0.014183073621349296,0.0012591470647274061,-0.005813062584341333,-0.005624705932674612
2015-01-15,0.0025163563160544022,-0.012486879727822364,0.001491320514604988,-0.01070624056241809,-0.0057342627528724766,-0.01462325526378061,-0.0012835669650397286,-6.579813133300583e-05,0.007146084028091471,-0.012778040700425985,-0.012065320405336477,-0.00924788815027322,-0.00961393698247115
2015-01-16,0.007379518072289093,0.013121243219469392,0.00784259222491368,0.019179521825620327,0.006775009647956631,0.009138244076647206,0.016504887205330165,0.016516417714022458,0.008848835786812392,0.011984659635666306,0.03191528613068684,0.013424199691870697,0.0136379430159832
2015-01-20,-0.006478297702695923,-0.006421387743289375,0.0035854297590669493,-0.0007488153985907298,0.007751607819753925,0.008193064890263502,0.0010647146897355686,0.004401864319005799,0.002263540824575694,-0.0038528343597030723,0.00096538901601817,0.0015499499856392873,0.000899820035992871
2015-01-21,-0.003210111852334885,0.0061898086620912895,0.0029837269104684427,0.0010933526615151123,0.007227082540889995,0.0014601123844077968,0.009838136072057635,0.0018045888115494346,0.009880625907404461,0.0019338680531337804,0.018306840507233524,0.004731650639044682,0.004602080568517408
2015-01-22,0.02042972877773863,0.018997991640883782,0.010764262648008671,0.012700944901214983,0.01628063108425648,0.019542870607640372,0.01303360431820444,-0.005532681420483687,-0.004392795814863626,0.024490570813820778,0.005770411295273226,0.01526976753341347,0.01572454349817831
2015-01-23,0.0,-0.0015980397379216082,-0.01063026430438585,-0.004725840654347113,-0.007782824112303799,0.0016611535628134888,-0.01598492478638036,-0.011903221632811545,0.0033692992659741794,-0.010099450243992725,-0.008998325892857317,-0.005491602646438665,-0.005328186948039604
2015-01-26,0.007643374919867885,0.005744366785822352,-0.0001761390324095391,0.004456078407499842,0.0016436760085720703,-0.004369520073834954,0.0046884802060289665,-0.004321068482388335,-0.00043973615830505963,0.004742441733487146,0.013901597803899435,0.002568451423614171,0.0034797646413733396
2015-01-27,-0.0017128315552510376,-0.007868864054321523,-0.01225360659267527,-0.007527181488709234,-0.01294088322047282,-0.03273417244825538,-0.007459988826448605,-0.011375591793792883,0.0016797312430012479,-0.01093065863428866,-0.0017355687458779911,-0.0133878439932138,-0.01256777773107487
2015-01-28,-0.008137653806559175,-0.013420785285258696,-0.011474207804046732,-0.014594528578407373,-0.009448852038132172,-0.0006588700378848955,-0.017978941791934377,-0.00591952111739269,-0.00942266230136557,-0.01965401400270006,-0.03871831426683814,-0.013495602473454604,-0.013430103865145537
2015-01-29,0.0007413631196560022,0.01318784550348684,0.007738262299025633,0.008539381545516589,0.01181219460378169,0.010773633816323791,0.013452914798206317,0.0032784691556266843,0.01330108827085863,0.00919135308246588,0.001718181982601319,0.009534702521277083,0.009427653010592563
2015-01-30,-0.01827340971947844,-0.01078739034305698,-0.018779342723004744,-0.015336593998082959,-0.016230630327972118,-0.014290796963946861,-0.004524585800784964,-0.005468489496498807,-0.022394590294351646,-0.016216044681391262,0.007384537608781994,-0.012991960420531856,-0.013293438768967714
2015-02-02,0.001106751182211374,0.008904270084176158,0.01311734652501828,0.006190250355689875,0.014961688685890095,0.010407267039644008,0.009424503709644982,0.02434117883725606,0.004353663994791868,0.016193026031418256,0.029984765660005186,0.0129624709898295,0.012541154046092684
2015-02-03,0.007638190954774027,0.021510371071766787,0.008504932861059356,0.006524273771427058,0.015750515203768245,0.010314955941890913,0.021718977618858437,0.021798900235663776,0.004213255550153949,0.01688728057645328,0.027771977448319163,0.01443946854046585,0.014888655956531993
2015-02-04,-0.00443846000398973,0.006681008097661811,0.00093261369950004,-0.013481539902400641,-0.00809473531664695,0.0012228000648231152,-0.006189241736876294,0.0008328528413095171,-0.012869130224302028,-0.0029967223349463,-0.016118109169714123,-0.004156036740925795,-0.0041312733174545535
2015-02-05,0.01192205580323602,0.0060112232665612275,0.004242412227662973,0.01641392060359248,0.00974703623309403,0.009137728075338414,0.02442205484365334,0.0023684547433107106,0.008623155829825535,0.009987789223206756,0.014472053964757592,0.010291401952476242,0.010371028848392472
2015-02-06,-0.027721399930696444,-0.00138157326655719,-0.004678524192115563,-0.008443122603480457,-0.0022737138014428115,-0.006313702045755987,-0.003087402126169758,0.018519701130340405,-0.041329011345218825,0.007285014570029169,-0.002629213101962513,-0.0034181486724977894,-0.0033516978444393386
2015-02-09,-0.003869456748638034,-0.003527885862516178,-0.006921856406188032,-0.011427721520556156,-0.002734674428722328,-0.0014967423842225935,-0.0007662590594168517,-0.0026333939431940623,-0.009002535925612842,-0.004123965161727194,0.001785775026361458,-0.004247203802536514,-0.0044769531496311465
2015-02-10,0.004702274469716272,0.012304541746932296,0.011343891673823103,0.015596985920084183,0.005858279493944352,0.015871616259589105,0.007380899127711782,0.00810963726661229,0.020812897172346023,0.007200469730214376,-0.001935385294467129,0.010675513255225422,0.01021873152605357
2015-02-11,-0.004120669481609607,0.0002571575518601765,0.005726811350935224,0.001123415182153753,-0.0007022036803733256,0.004238636692416753,-0.002759451915757216,-0.0019955101022700594,-0.02389805723835392,-0.0005216003927344115,-0.006565854156389772,-2.9005264455483903e-05,-8.359806052504748e-05
2015-02-12,0.009552513281569253,0.011449138743679699,0.00455536138545809,0.003354132241595975,0.008639041025110927,0.016393206470850963,0.01752488788524542,-0.0013121719570106105,-0.005307537559388842,0.010498848810437611,0.01337260072256563,0.009644530173601451,0.009781790820165615
2015-02-13,-0.006577948692000124,0.005693660718824711,-0.005023357635699055,0.005063540053585003,0.0046923344876339534,0.0071148149722919385,0.008470867716929176,-0.0014390289682788548,-0.01570635569516754,-0.0010025214934533677,0.0195323060286563,0.004074733777675421,0.0042018546116906474
2015-02-17,-0.0022411246370906968,-0.001735496807022785,-0.00011786892975007568,0.00637090660079731,0.0016519823788545551,-4.221843819940396e-05,0.0010538387626695123,-0.0008145363408521566,-0.0009617906793739639,0.003953290353971628,0.0014584023864765427,0.0015975278852071728,0.0014222405441615127
2015-02-18,0.00826994741947007,-0.001147756810586431,0.004597430154426485,0.001652510966111409,0.0050495795410583355,0.0015621481648278035,0.002229309223766851,-0.00808929579231199,0.02363031682128458,-0.006512388683588721,-0.014562785463692274,-0.00031423483816916953,0.0001029145397661857
2015-02-19,-0.02156852817578847,0.003024772719591784,-0.006199640147070307,0.0009098077273002048,-0.00010129454427587614,0.003990613627102402,0.002687756804349961,-0.005373624984195136,-0.0109439124487003,-0.004420866489831976,-0.007808826492913257,-0.0010620666006249113,-0.0011113626540986132
2015-02-20,0.010245795601552254,0.007564398470272904,0.0028338089146906498,0.010289661859168575,0.009279520220439208,0.006284026815579935,0.0037897461178211245,0.0006991673552405597,0.00043222683264176887,0.008084767562932527,-0.0029788602474485337,0.0061264869245991616,0.006119295353868237
2015-02-23,0.006863699226553388,-0.0006019462930139108,0.0027473066582939243,0.0034669321848870283,-0.004035010238085612,0.0015716272600834191,-0.0015961202001290031,-0.005779979674796709,0.006696621446470097,-0.003554286408651852,-0.004193050061962134,-0.0003032744159600087,-0.0003071756225425659
2015-02-24,-0.021264689423615035,0.003915007528860537,0.0030920370261648955,-0.0005857880642693436,0.0030637131397013295,0.0015969338869370464,0.004088910751068431,0.006069124129559844,0.0061370756619887334,0.005060821316423381,0.0019263552676440643,0.002758738374904146,0.0026425220722288145
2015-02-25,0.002546909922553242,0.0078994733684421,-0.0026532961351621864,0.00013158052129802478,-0.00044207776549776145,-0.006696428571428492,-0.0026944274341702545,0.001841503683007506,-0.01633680259341408,0.0005156671823336456,0.004168580810916422,-0.0007657836519371353,-0.0007763657908715915
2015-02-26,-0.008450850269597687,-0.003836105691325642,0.0008998259032493294,0.0025236215763664305,-0.004804696138150044,0.006685742201130607,-0.007245486921282129,0.004943905685491634,-0.0074584796843156775,-0.0029711375212222446,-0.01765563048561447,-0.0014759728648067183,-0.0014108121370737248
2015-02-27,0.0074248366013072165,-0.0012614945390565513,0.004201927023276708,-0.004593121055582738,-0.00434308338720113,-0.0053102989296213154,-0.0023193963384463556,0.002522863450015622,-0.0009611603827165416,-0.004074682235601923,-0.003880916241203236,-0.002956309161715742,-0.0030713159565101122
2015-03-02,0.004515492811543176,0.011982715639022645,0.0018294344322913325,0.008473560573373451,0.008419728539836635,0.00972944341450499,0.00685037661572796,0.0008178672538534659,-0.019547820002623895,0.008152173913043459,-0.0069262869907014135,0.0061249703017343116,0.006264248598246036
2015-03-03,-0.0034618166787226956,-0.0024305726626266955,-0.004390395524127677,-0.008533092473527182,-0.006800257524545272,-0.007951517828793886,-0.006188042608213706,-0.0014458134272065104,0.007136485280999194,-0.0025439898240405823,0.002266743387212111,-0.004538606491954589,-0.004633220394334003
2015-03-04,-0.009488256338466394,-0.006140625257231136,-0.007785365853658521,0.003943661971830936,-0.00792043106591589,-0.003256195817040841,-0.003655401009882042,-0.011898016997167082,-0.006288751107174528,-0.007621071808107005,-0.002052852246829273,-0.0043885035440131,-0.004449730350441938
2015-03-05,0.005077470686767116,0.0012589034288554846,0.003362765727320971,0.003928170594837299,0.001265952016334948,-0.001228552681176609,-0.003979728259179693,-0.0010193679918449883,0.007665567341117674,0.004191653408395668,-0.006188658194306362,0.0011960753479816066,0.001194644696189462
2015-03-06,-0.030206760064579896,-0.012391225225821367,-0.01922700011759637,-0.019123960848209554,-0.013418439137793836,-0.011503892872618549,-0.013329171218979363,-0.014668367346938882,-0.03073861123396726,-0.007556137838578891,-0.01652399663205173,-0.014173932909416154,-0.014010039499670834
2015-03-09,0.0073572847859944,0.005326900849288885,0.004516296636757788,0.005334949984843851,0.008640112445482462,0.004920953646879278,0.001075677043786527,-0.0027184466019416487,0.001095140314852694,0.00448223989193508,-0.006902579103199802,0.003944458928381467,0.004006092599161182
2015-03-10,-0.004691331698475465,-0.016545863534116356,-0.014900431694750083,-0.011409274558282445,-0.01838227759903277,-0.02186699687614324,-0.01583338600594142,-0.015576323987538943,-0.0016409134418158278,-0.021180353922797157,-0.01422439339786985,-0.016961378839393415,-0.0165007585361292
2015-03-11,-0.0005891805034814457,-0.004760936599911947,-0.007774950523042223,-0.0004147909575571429,-0.000793319415448801,-0.006934054551732127,-0.0006743521402653441,0.00013185654008429637,-0.006574441857279845,0.006276150627614996,0.0020041175506040343,-0.0019176581089542788,-0.0009086106708927622
2015-03-12,0.01688193365132107,0.02015627925980157,0.013127633158976693,0.01276621712332937,0.012661401529397098,0.00528755613501386,0.012596401028277748,0.01799604482531314,0.018934693689967474,0.021845036770409942,-0.0046366165427206285,0.012601458651923192,0.012732117930713605
2015-03-13,-0.003741962685780531,-0.0072256987901544445,-0.007473180923299405,-0.0015786746363625204,-0.009160683337459785,-0.005245334678291136,-0.009869256156384898,-0.005309849122579813,-0.010103288079022166,-0.006862834411344942,-0.0046582148989805505,-0.006074687189912553,-0.006035418929078551
2015-03-16,0.012378987462307478,0.010925838768237828,0.012002590778448008,0.021882920941460382,0.016366816591704136,0.012124987324535264,-0.0011217589179832732,0.008397890762320115,0.016995489132911157,0.011771900321051687,0.01345275019729475,0.01353365150482122,0.0130685996428197
2015-03-17,-0.004023619167058623,-0.005187722390342819,-0.0071001420028400375,-0.0027638992239821247,-0.004056545789797195,0.0005581954542852596,-0.011518962972470126,-0.0041316978695933315,-0.0017473118279569544,-0.002085222121486874,-0.005215501629844299,-0.003320215838054086,-0.002779102806064304
2015-03-18,0.020724029380902564,0.008791576132375134,0.006184030295705467,0.012886567411671379,0.011602073562083426,0.012673981146380076,0.015743175252377783,0.015687799818488335,0.02715317983932497,0.005329941552345563,0.02899949027889015,0.012158435698169878,0.011937691075847967
2015-03-19,-0.0026214340786431256,-0.0017562462721186778,-0.004584492802946816,0.005332273115287167,-0.00683260126891172,-0.001709208537567175,-0.017448549149942538,-0.008360990553995418,-0.009875032771126557,-0.009759918064885409,-0.0169305616983636,-0.004872588711598014,-0.004500894013194423
2015-03-20,0.023036487322201538,0.010705394190871464,0.012067093037287258,0.007839670594256276,0.005159705159705208,0.005292053429929888,0.006830156768360185,0.004183561820171322,0.009311562224183723,0.012776442673318567,0.01371292830405979,0.009012717360609157,0.009290226681531122
2015-03-23,-0.00040300236763879393,-0.0011987847934969986,0.002642979213862695,-0.0028275647166088325,-0.007516499633341445,0.0008867494299467094,-0.0007429900503941322,0.0014100756313293328,0.001180534301079783,-0.004385306220526797,-0.0017752529735487466,-0.0017456477396706749,-0.0016568483063328365
2015-03-24,-0.0065010331099129015,-0.005047515701555483,-0.006639579823605191,-0.008645633202935099,-0.003714877983703846,-0.002925086838515556,-0.0028448582420068647,-0.005248335893497269,-0.011747750895274689,-0.008628231815850596,-0.008091765961230624,-0.006139458853270718,-0.0057573708689326875
2015-03-25,-0.018007507355178975,-0.016128232669586073,-0.0020949720670391248,-0.01836436868834268,-0.016851386428247683,-0.026656887773092053,-0.011217377208623702,-0.014348217732595536,-0.01224092978037028,-0.014911293022123573,0.012191842223218119,-0.014558928998326448,-0.01496105180727858
2015-03-26,-0.004907278268505677,-0.006348779791397141,-0.003858842347295721,-0.002723531790395195,-0.0029754421255553387,0.0006375795163089393,0.0018689137348766316,-0.0005875057118610583,-0.008008231925554887,-0.0015445923820703866,-0.0020193074129837285,-0.0023774289803740745,-0.0023640167364016307
2015-03-27,0.0021802325581397053,0.005155423336319354,0.005620007225723533,0.007405817323172803,0.004056155689126095,0.0016508580117298166,-0.0007199895274251356,-0.00039190071848471675,0.005231587967347684,-0.0012375854707464828,-0.007419108642019001,0.002368504243367431,0.0026212594627466057
2015-03-30,0.011499015849994798,0.009972084888844046,0.00942078160552473,0.009872860288372864,0.013689167974882288,0.011580332229756074,0.012870898015327148,0.008625196027182591,0.013055767418906239,0.013599330875747384,0.021046796488028097,0.012236659518102488,0.012381828829582497
2015-03-31,-0.010446538303973796,-0.004545530228608596,-0.008719895598528926,-0.01447695409574723,-0.009560387371203238,-0.009404030298699517,-0.008924240954505724,-0.009264058046125956,-0.0005314437555359319,-0.006876528117359393,-0.009176882661996566,-0.008795728200015285,-0.008243120403272464
2015-04-01,0.00015524736079486345,-0.004499381126016222,0.0005186204695508678,-0.01242967421169705,-0.008089063086352932,-0.004414819944598469,0.001207138429415,0.008304453017720315,0.0011077632045373154,-0.001815663948299684,0.0018382352941175295,-0.003965394677666545,-0.003853765232788353
2015-04-02,0.007140270088477285,0.008989028344842609,0.006419585717418741,0.0023004287710171045,0.0015133044684518815,-0.0006376257137059582,0.0011405109489051046,0.008754863813229763,0.002611428318505693,0.005796029103465328,0.0017466478475653968,0.0035296573756244953,0.0035340861564199244
2015-04-06,0.011250963267402936,0.004712582428561873,0.008141677066619168,0.0013338300147802684,0.007450157397691504,0.009875003625184897,0.008104677277609662,0.004050144648023224,0.012758255341691616,0.0009195684158902484,0.017700206062100543,0.006608739404729613,0.006605680468440678
2015-04-07,-0.014478764478764394,-0.005220850252755427,-0.003969189656527594,0.002556102244089864,-0.0013748567857515548,-0.0014502534353775243,-0.0011946274053984407,-0.005762581636573172,-0.010810339566714622,-0.004379249096588489,0.003080437491347121,-0.0020618853995443276,-0.0026704757173022786
2015-04-08,0.0007216866848804848,0.009213595468177127,0.0005326494377591029,0.008510587362196675,0.002085984271678498,0.002430186074602547,0.0021335057378373268,-0.007405976300875916,-0.00286431939364562,0.0034142290301744094,-0.010299851626928036,0.0026826178882932705,0.0029267077651162765
2015-04-09,-0.017307989491577747,0.0009079953114423667,0.0035491058225052274,0.007750373869489957,0.006369824517579392,0.004002237810388554,0.0033224734685979307,-0.00045416207097903616,-0.004772847799186852,0.0013181288700874205,0.01530549986925811,0.004457466737115112,0.0038081046400926244
2015-04-10,-0.0022016040257902825,0.003199841657320235,0.001198498929209979,0.008456311022648322,0.017954286896266325,0.0038719817116732447,0.002475565843621297,0.0033103985460209984,0.007859680284191928,0.0,0.005030647459780768,0.005202804158417784,0.004948249556719464
2015-04-13,-0.0030995534541633507,-0.005277695570681695,-0.004964873032693551,-0.006201459854014546,-0.010728872452400728,-0.003430067889725441,-0.004008851544209602,-0.0014879989648701741,-0.010397849936114811,0.002785856421245958,-0.00842216755500902,-0.004581220326727142,-0.004308399327069057
2015-04-14,0.004057757166947784,-0.0007437893588536637,0.0022285770634060675,0.0017980116106892652,0.0011913320324534737,-0.0033704655812625273,0.004218186501803167,-0.0009718802643514657,0.005609723520769272,0.0003358163389912683,0.017745464569371094,0.0016296841471401535,0.0015041622022582413
2015-04-15,-0.004198813835091686,3.308191081141665e-05,-0.002499114486992804,0.0027097727779274994,0.0014155878792851961,0.008784248538346917,0.010324814826690565,0.005318114015176123,0.0019037499446583617,0.0043641468550676965,0.023039290369542886,0.005148293762882616,0.005122929739738824
2015-04-16,0.005165234807357866,0.0021171722518111835,0.0036298356710262603,-0.0006083436673763876,-0.0028066868802752998,-0.0029120559114735878,-0.0031102224761178077,-0.004386813753951224,-0.006053910737958468,0.0010635065329684945,-0.00276334513684362,-0.0007784945624055295,-0.0009415810373767375
2015-04-17,-0.005400870431545246,-0.014689862344435922,-0.009041769041769121,-0.008018636012455227,-0.011402157164869031,-0.01440335080920907,-0.008372863009773579,-0.008488304283029935,-0.003423287244920692,-0.013385946274093063,-0.008064114689631197,-0.01131121763048748,-0.011534994263235565
2015-04-20,0.00163433150569392,0.010653980166175359,0.004006744024595887,0.0054165044075478175,0.01103491271820456,0.017866177129558736,0.006998844227558809,0.010521500457456368,0.014855460385438946,0.004953236524735338,0.004466302002308575,0.009235145446333526,0.009265208829930538
2015-04-21,-0.0008421495868203843,0.0007292978850359511,0.0010470790445897826,0.006760563380281637,-0.002322665515611222,-0.0006532513455556055,-0.007811005547408212,-0.002069456121063129,-0.009626796782276181,-0.005449257615184333,-0.010125233146815904,-0.0014806703485050754,-0.001396533311426973
2015-04-22,0.0021071485012904567,0.0014409699218231875,0.00108545490428269,0.0015855250886029904,0.004470723968849288,0.010927796961816671,0.002474213553549154,0.006480461408852278,0.0025299600532622257,0.007018191892141479,0.0063425302826378704,0.00508751770141469,0.0047713063507732745
2015-04-23,0.0019450139305052794,0.004647470353770222,-0.0051651059635288155,0.00384113977092837,-0.0014152394626192333,0.0019960640989598044,0.0023719469196743503,0.02240679930461642,0.006198255633771632,0.0010698456365583198,0.006168814885400664,0.002357729748192483,0.002681349271328015
2015-04-24,0.0006820566631688951,0.01340050046095076,-0.00031706398747588516,-0.003188701560724483,-0.004149036684057084,0.009988496394601754,0.008250191864927148,-0.0032747654134390736,0.009856118273419145,-0.002564885496183167,-0.006446681952613553,0.00225279588060201,0.0016126727499132798
2015-04-27,-0.0010486027368530326,-0.008463562818805115,-0.004955696077071026,-0.017634673770167586,-0.0005362593845391617,0.003611412062116237,0.008848715509038874,0.0005686485120364182,-0.012374188488519011,-0.0031225127043410517,-0.0006187497909628803,-0.004141304912428145,-0.004524517996168487
2015-04-28,-0.0004198813835092352,-0.003440536068286537,0.00035858716656367307,0.003883909012326603,0.0027240084196624714,0.0016884878345835297,0.0006601905121192964,0.015281636776963703,0.007146953721268723,0.005957499078737216,0.005321196097789471,0.0027691899171140566,0.00292768815002864
2015-04-29,-0.021265423995799337,-0.006625347296430828,-0.0078263467091505,-0.007973672725557046,-0.005062770117308046,-0.004835857190228832,0.0002827521206407724,-0.0014927229754945204,-0.003416706820272508,0.00015263447096902638,0.007123953461276145,-0.003740377158637509,-0.004103129401678007
2015-04-30,-0.013197424892703924,-0.011485502449357976,-0.0034723616073221164,-0.014482242012770041,-0.008646367698163182,-0.01574431455307812,-0.007726373315744772,-0.00280303974087448,-0.0128785547888004,-0.007416903213991466,-0.0036028889219430482,-0.010128865367728945,-0.010597302504816941
2015-05-01,0.007284984233989267,0.013996316758747795,0.008882354125964165,0.013428243952464225,0.011955932061928909,0.01468430852564473,0.017503877441205296,-0.0028109188581424416,0.00565500044527556,0.00796432964329652,0.003085139909436263,0.010922987662490113,0.010607222026559393
2015-05-04,0.0009715025906735786,0.0018822441633918885,0.0015172689159512753,0.005904902497678499,0.0014639477102620368,-6.950912654846153e-05,-0.003266347290487026,0.0030067652217491414,0.007305733894177546,0.009762347844656682,-0.002298470442331557,0.0029407719051932624,0.003013468358582072
2015-05-05,-0.021406233150005338,-0.01028345418589327,-0.007295778016983667,-0.011716808294080172,-0.012991558575252249,-0.015640640640640635,-0.011235604381885755,-0.015550836872345819,-0.02281318681318678,-0.008338620502129968,-0.011005038451339155,-0.011837369767650707,-0.011895029431000625
2015-05-06,-0.0025896743622237928,-0.004179432529639038,0.002108433734939741,-0.004754263268825332,-0.0016062078891925236,-0.008092877420448286,0.0,-0.011736344604453386,-0.005892672394404275,-0.00594095603692546,-0.0029997318675426543,-0.0044556966871822645,-0.003909320316055065
2015-05-07,0.014584023864766316,0.004765487835465265,0.0020038072337440482,0.004716810858291121,0.005494964690150761,0.006464473871564902,0.004766263691171391,0.0007703171138786491,0.0042533936651583115,0.006620080912100201,-0.01099288991982239,0.0037737663149290945,0.003800070602404615
2015-05-08,0.015408907764347335,0.010933599600599253,0.009159084091590719,0.0162037868716991,0.011927272727272786,0.01535000848848389,0.016053028399095393,0.009172546504169432,0.007659727854375076,0.013914261356716473,0.016009789425381005,0.01345785440613012,0.012867190732312794
2015-05-11,-0.014638854630275144,-0.0042306615964575744,-0.004656877316053354,-0.00031820110309710437,-0.0016427442041930806,-0.005573436999261494,-0.005101567572581511,-0.006800991546431212,-0.00702021105347872,-0.0034533497492567067,-0.02047473277462719,-0.005089551533481451,-0.004534128507822421
2015-05-12,0.0014148889856335778,-0.002000330633162406,-0.001552918690770011,-0.0049985263778367095,-0.000802155535901572,-0.005380487326430261,-0.0103486854372552,0.00025598361704859407,-0.0030170666906830235,-0.0036762490206714293,0.004371808665061261,-0.002949656348410934,-0.00289290110791951
2015-05-13,-0.0092924682099772,-0.006128973479766153,-0.0005184446660019271,-0.00022511581616324605,0.0016467682173735287,0.004634781996196269,-0.002512168315277119,0.0019833653230967307,-0.01052393857271916,0.00033268812000963877,-0.00307755088160766,-0.00030488966805131135,-0.00022634210580463332
2015-05-14,0.01826559157479002,0.004300071667861172,0.015302050913734044,0.014126235453058689,0.00935059597205079,0.017317777715455618,0.01092397292617675,0.005363642168443761,0.01054457479344495,0.008919123204837565,0.00047755491881562584,0.010779230681254859,0.010763974643944962
2015-05-15,0.00872656755009693,0.007468012015201531,0.003183274056316243,0.00205669946479059,-0.000956937799043045,-0.0033632441522282175,0.004110612855007467,0.0015242934264847463,0.012602764477369188,-0.004345220257716442,0.00226730310262524,0.0007684691905143204,0.0006108611105455353
2015-05-18,-0.004058528249492599,0.004151086365657974,-0.0027422482518166813,0.005492711370262526,0.0019972283361866516,0.004121430053246611,-0.003566555017987749,0.0052000760986745664,0.003524111165633226,0.005598194130925549,-0.0008334325514940399,0.003047961822747025,0.003642579516086375
2015-05-19,-0.0009115281501339556,-0.00022966256008138952,-0.003339029324534004,0.004743623943122888,-0.0026441036488630276,-0.002506783466247886,-0.004886551090914737,-0.008138287805185773,0.0022670697012801,0.006435006435006274,-0.012307639929184266,-0.0006434341536727395,-0.0007299270072993469
2015-05-20,-0.0032200933827082334,-0.0014767413241448812,-0.002364858207043352,0.001431374812420616,-0.0036503793131577034,4.142444870969264e-05,-0.0016264231202303137,0.004643175168553615,0.0016410165432207968,-0.0036281448878843214,0.0015856327881282883,-0.0009305254649102368,-0.0007710413115817882
2015-05-21,-0.005814892586011866,0.003598718264727685,0.0015408016119153878,-0.00043802014892679875,0.0050555703379249195,0.0035761625980339495,0.004166666666666652,0.007217473884140624,-0.0005313496280552332,-0.0023579274116524163,0.008414640441897658,0.002337888374062347,0.002132152865207404
2015-05-22,0.0005957216355265693,-0.001637357959197061,-0.004635017060807378,-0.00259467687623971,-0.004378462039752451,0.00020637563116543411,-0.001747106355099226,-0.00792004525740142,-0.0017721070352649804,-0.000867614061331401,-0.004402580116719457,-0.0022338817919862475,-0.002208668517355239
2015-05-26,-0.005953669625460067,-0.006264965395086475,-0.007113700313082116,-0.009677307465516649,-0.010820429953568245,-0.01425073592120829,-0.012126136825327483,-0.0037381993283913673,-0.0068347239481625355,-0.008983111749910178,-0.01581996434937616,-0.01028192995494015,-0.010397628041103113
2015-05-27,0.00876619841010573,0.006733562186427289,0.005667870756580928,0.011336306535596696,0.005624483043837891,0.018182579330747073,0.006738587111265959,0.006995675400661483,0.0031280722137814188,0.009155184916606274,-0.0010623291130422707,0.00916262712669913,0.00919351528832335
2015-05-28,-0.0029146650833918875,-0.0023114754098360057,-0.001071619932130785,0.0006695526695528198,-0.0041947688764599755,-0.001069005687658442,0.0021368864307709234,-0.0024630541871921707,0.0025837491090521247,-0.0010179945507351462,-0.003190376569037756,-0.0012667884792887385,-0.0012810606368701682
2015-05-29,-0.010772478752774206,-0.006868335003861525,-0.006516081609948987,-0.002399547777534261,-0.009911621376063384,-0.007491047786299387,-0.006835998745688188,-0.005318138651471793,-0.0016884386385852546,-0.009351116439382579,-0.0006296237997797105,-0.006318400218786491,-0.006352438155349693
2015-06-01,0.011327569224034217,0.0031270164292449554,5.998920194372204e-05,0.0034576467187048543,0.003983482105614389,0.0033314441326497413,0.000315736297044511,-0.005155623448539259,0.0014687555634680383,0.001906029709860091,-0.002222572233597564,0.0020594194714789182,0.0020695449050265324
2015-06-02,-0.007954115037065113,0.0015833745670461585,-0.00309925617851714,-0.005796667204462147,0.001724173746858071,-0.0028106142018683444,0.0034720030301118587,-0.00019193857965449368,-0.013910492866983648,0.001600434835124842,0.005016311783070826,-0.0010086516742198182,-0.0007565843284802476
2015-06-03,-0.01527217192102115,0.007179791193228535,-0.0012234992077341245,0.0009041276906491813,0.005163618265521919,0.00160269695211257,0.0005976346250629039,0.008382926985345929,-0.014016585541734239,0.006572401941572048,-0.006527050610820262,0.0021188850967008843,0.002619354574661781
2015-06-04,0.0009416195856875031,-0.006817958863346463,-0.008374166599726784,-0.006577956895852943,-0.011408883662396008,-0.009269732667531172,-0.01288862343214614,-0.008313237720522948,-0.0024226356447411,-0.007937221074070688,-0.012437199170853508,-0.008623177094419732,-0.0087151750178589
2015-06-05,-0.012948923689889869,-0.0027821219853486623,-0.01314323902873693,-0.00047796132010580195,0.0011060561793061474,-0.0020606499401297773,-0.003789688226489618,-0.018365649196902867,-0.01282991202346051,0.005615602922528717,0.006581521932477186,-0.0014361783342240475,-0.0007824081699884244
2015-06-08,-0.0023546560520267823,-0.007065504490227137,-0.0009029345372459918,-0.004443666899929921,-0.007358612495048988,-0.012166196947289154,-0.0033245956140912636,0.0024119947848761925,-0.006266245822502792,-0.006154677554941812,-0.004912702339718633,-0.00647448669982742,-0.006470224603338126
2015-06-09,-0.007305422871593081,-0.0009642880893796502,0.004806309822125376,0.00033974156210825335,8.400184804080446e-05,-0.001864354114290423,0.0008659952530631898,-0.0023411588736425015,-0.0014479891634359143,0.003081291725825608,-0.0004972473805717748,0.00041841406640763523,0.00012444001991029907
2015-06-10,0.007642230399094174,0.010201364619736975,0.009750613246116258,0.011523867522368558,0.010226365965310125,0.015947360973538993,0.01044704374298977,0.005084414314581842,0.004397043689774449,0.014335190483360849,0.011779965175366947,0.012042400788404573,0.012089917465057498
2015-06-11,0.005955056179775209,0.002553415811409776,-0.0015183108285928837,0.00512897698328163,0.004344301482051227,-0.000835689513489446,0.0017760299387903355,0.005447824113107291,0.0072652757078985886,0.002672129687360858,-0.00396874176837303,0.001738552156564932,0.0019055424649114805
2015-06-12,-0.002233888082207147,-0.004206513523283828,-0.003973885892705198,-0.011392040545988635,-0.005236143880127497,-0.008140847819117059,-0.006015132807800638,-0.00883699929045989,-0.008877381172553989,-0.003908679044150265,-0.011618681570549572,-0.006994300238043261,-0.006605587140578351
2015-06-15,-0.005261390350386197,-0.004620309560740443,-0.007287383462932007,0.0003378929461934632,-0.008155622594403278,-0.006071423552063804,-0.006592986591075767,-0.006247559547052028,-0.0020526217577907513,-0.004280745563185584,-0.003068141277203007,-0.004622488789987278,-0.0046731857951620714
2015-06-16,0.009115462525320694,0.005503796293226282,0.010519192913385877,0.0050084444703279996,0.0008180731231515193,0.005882269764284853,0.005963449823661371,0.007858546168958869,0.004347419596110624,0.00528437080161237,0.008141282565130137,0.005689804886707783,0.005812029453131418
2015-06-17,0.007248801159808194,0.004665809344808425,0.005438201335200121,0.0011473604913947444,0.0022216633132126073,0.0021086073351419543,0.003983936766955631,0.00012995451591923946,0.00926227600651619,-0.0013067236873368637,-0.0014376231297587028,0.001979687924857698,0.0016862366077854407
2015-06-18,0.01356288751107182,0.012521128378489177,0.010979030858342176,0.014805982589368272,0.009598895813291985,0.008248348226184365,0.00863464651915824,0.008316008316008316,0.013558384061981066,0.00915903413821817,0.0006754114677758327,0.009902687056045245,0.009812978587998566
2015-06-19,-0.010595881806761742,-0.0023987034035656274,-0.0004990717265885847,-0.0012548053340634135,-0.004267042276860589,-0.007359999999999922,-0.005916973530985414,-0.003543814432989567,-0.010283010283010263,-0.009665252239509758,-0.008863232682060462,-0.005303501725405946,-0.004858809896521543
2015-06-22,-0.00844603919403808,0.004841434884325535,0.0029160341934968415,0.0076296643176134715,0.005179838156060823,0.006839906932413875,0.00250118727243942,0.001875202069188342,-0.0013791835233541994,0.007885027374434861,0.009838533359617152,0.006094815615239835,0.005944841675178836
2015-06-23,-0.006179712726867903,0.003751010509296826,-0.004600310670330954,0.001983654685392411,-0.0019453642384106296,-0.0003341036278086129,-0.002779181404749864,0.013424551439266796,-0.013718810422613026,0.002952203820151711,0.0031410825199644776,0.0006359375368019116,0.0007514063483682332
2015-06-24,-0.006274158310458855,-0.007393447376051077,-0.00434147610187452,-0.009717634282094267,-0.009393273338033414,-0.004052360395488064,-0.012731188244236025,-0.00789708317411797,-0.007888349514563076,-0.008830541900921363,-0.006280184690501844,-0.0073533565577629245,-0.007569300702138793
2015-06-25,-0.008906928237217393,-0.00048683121561765574,-0.0019692159305549906,0.004740852439539811,-0.0075356372846587805,-0.003118052545477479,-0.0009623404118817014,0.003723199383746323,-0.006774876499647142,-0.006830398241914892,-0.010218614256213066,-0.002973565148109092,-0.0028626929761783604
2015-06-26,0.005176042318411955,0.003993960352637549,0.0016912297656437314,-0.001500818628342615,0.0018560310463375806,-0.009509649910233509,-0.004623683534549228,0.0005116398055766691,0.0054473970915636105,0.0040068175701939435,0.0024101586388001195,-0.0003900471386237836,-0.00028709115144054387
2015-06-29,-0.016919420552286124,-0.02294668413137335,-0.015094870557967544,-0.023411523570940673,-0.019241700174733145,-0.02182163187855779,-0.02380645161290318,-0.014574277678343184,-0.005653443889569343,-0.024391696697143916,-0.017548266704945248,-0.020866147352592623,-0.020984184939796147
2015-06-30,0.0027629079606286133,0.00498179410791133,-0.0015101732617701646,0.004139265892449062,0.001073260780904528,0.0014910896535749174,0.002974026832330834,-0.00447586922677734,-0.002368994598692331,0.004151657610354853,0.006520071592942989,0.0026583853346553443,0.0025561515253100797
2015-07-01,0.01412088858274485,0.010358854432568565,0.011915711161526454,0.008592761179298414,0.003859596457748138,0.006389129806302574,0.0050408539799684515,0.00508242653287283,0.005794072948328344,0.012737885328631293,-0.013064542468835705,0.0069361304050681305,0.006624869383490051
2015-07-02,0.003282956925341196,-0.0012713936430317485,-0.00048475055544339174,-0.003166050725889047,-0.0005126342995066535,0.001623050185286301,-0.0020652352073430302,0.0032414910858995505,0.013693455472660432,-0.003632215651547366,0.004357338530271537,-0.0003080744384861278,-0.0006228330599789
2015-07-06,0.0025952045133992296,-0.0024154589371980784,-0.0003031160328174076,-0.0011549477963596066,-0.005855576688820974,-0.004574460457446139,-0.008967873332895393,-0.003554119547657608,0.002515371716042436,-0.0034646902868161744,-0.01263088526030598,-0.003861747512976854,-0.0037601013773188585
2015-07-07,0.01603736424511837,0.00806557162489363,0.019971296315012932,0.0041857453401785705,0.008147208667426353,0.0004177711190505029,-0.003347807351917531,0.004863813229571967,0.024811820462782297,0.0012999969767513164,0.008824947161555796,0.006080937373112327,0.005776128117440882
2015-07-08,-0.005981391227292909,-0.018631221903046113,-0.010463941021423229,-0.016166547682104015,-0.017847242952791165,-0.016660666714666372,-0.02168418251962212,-0.020393675379154597,-0.005077983315197709,-0.017572463768115942,-0.01957216892711433,-0.016652733335255188,-0.016337362386747656
2015-07-09,-0.002340093603744098,0.004167424630802552,0.0005006909535159032,0.005067765267666946,0.003517075182909668,-0.0031923617619493694,0.0032295349469675383,-0.008300942091046815,-0.010709077652205634,0.007683324113344492,0.0038238767362086534,0.002262200246252455,0.0021920118031404368
2015-07-10,0.006757511448676423,0.01444310864445586,0.010609336215869902,0.013344978165938937,0.01025463513835101,0.015836638754223475,0.014604723662363206,0.012157045107287656,0.005389469805149982,0.012108088324997102,0.005079080537038205,0.012338456888524973,0.012261035983932356
2015-07-13,0.0013313363288398605,0.014675801162375324,0.009923543160480053,0.008147458659403917,0.010364691521939307,0.016240527564065577,0.010486941420078777,0.0057757941716984895,0.00032071840923686423,0.010878408919692495,0.006298188574082708,0.011066059269389639,0.010762070971495064
2015-07-14,0.0019389507506510917,0.0013279575053599668,0.0017259301390550874,0.009825601276644225,0.0030096861024564436,0.0038707290347368417,0.005552617662612391,0.005090054815974909,-0.0011908578756928412,0.003934895367554869,0.008345026216675322,0.004453229186511587,0.004439876670092602
2015-07-15,0.0016034501824615521,-0.0012463050251657615,-0.0032501223690651893,0.0008240021672385467,-0.003317625678845415,0.0011482358277929983,-0.008315803313173942,-0.006687443189196229,0.00481496767093148,0.007363857711265576,-0.01616742346565092,-0.0007349628962278754,-0.0013915605942782516
2015-07-16,0.008390836323488804,0.006495272529476681,0.01109823410398958,0.005086561777476906,0.0047915871602426385,0.012800181241504172,-0.002353253123860588,0.012680567357343575,0.015425337714494392,0.009844956670400418,0.0005397055813001206,0.008014615165606864,0.007664248534775986
2015-07-17,-0.005583839710954108,-0.0019073959277097208,-0.0007965186307650196,-0.0017393060729834486,-2.110060769744404e-05,0.017545576557432163,-0.006644518272425293,-0.003291809204156837,-0.010651685393258448,-0.0022183304144776095,-0.010713887132175137,0.0011062519712468077,0.00020336777027574193
2015-07-20,0.0031379025598679,0.00030258149793782607,0.0022359185736784415,0.0029788334213869394,0.00023211158236779994,0.005193520464943591,-0.009030100334448177,0.003496956352804226,-0.004588197883069078,0.0016089398549028466,-0.012879329146768037,0.0007711695444458933,0.0005083160505876538
2015-07-21,-0.0037866315442871556,-0.0029771381264726005,-0.003394894079304711,-0.00381054849483331,-0.010632462765284068,-0.004824975055015668,-0.005636179547755749,-0.01742385131646884,-0.009629426798101526,-0.0010806390373551134,0.0009523628121368422,-0.0042616573007311365,-0.004450586298697323
2015-07-22,0.0032501514901117634,0.0042475049900199124,0.001674031105833862,0.0016988052111692742,-0.005501300695125666,-0.01641303153499618,-0.00424260937446963,-0.010376986733219407,0.004746325054145073,0.0070171335009650004,-0.006431847157998938,-0.002387682202330099,-0.0018780109414551216
2015-07-23,-0.0046123435097737975,-0.005914995786360344,-0.004294681202510753,-0.0033356919033660226,-0.009283876500857602,-0.0025554019521595306,-0.014622673665553254,-0.005641093708521283,-0.014630343056319939,-0.00810057487950766,-0.0030069139869381978,-0.005676040016082129,-0.0059309554973822065
2015-07-24,0.00364077669902918,-0.0002239319246950533,-0.005386627112689779,-0.025129592066711726,-0.013417880407730398,-0.005977880442391115,-0.022242208308830946,-0.0007341653874392007,0.00023272050267642008,-0.009483944618446927,-0.019824804057169132,-0.010703327545608099,-0.010657120520100372
2015-07-27,0.0032428273057052426,-0.00716742660587133,-0.0006867862328794327,-0.0014795977343659006,-0.004167854870906096,-0.009619311860062152,-0.010896483407627722,-0.0015362009083622619,0.01298278268962294,-0.007358373474393498,-0.013542646597679564,-0.0057750102180655905,-0.00596822492097826
2015-07-28,0.003177559853174916,0.008314936268269513,0.010721228425000673,0.01846449491792268,0.018084895477674667,0.00934300341296912,0.021460762572430125,0.0012040939193256328,0.004961183334099006,0.004912176242929611,0.02986112490811199,0.012386102029366963,0.012070877178301576
2015-07-29,0.0027305990934411994,0.009924408291116071,0.0033609853709712922,0.0023415210793731323,0.012332857328313684,0.006790932273835315,0.0073534561243784324,0.009353911939600446,0.0032911276683273982,0.007880314027551405,0.012809630372713876,0.007318762689597635,0.007606763404853556
2015-07-30,-0.005882032569032303,0.0033231002943316934,-0.0034852650737715596,-0.001757708401846192,-0.0011327690860903905,0.001371415776879159,0.005040322580645018,0.0029125570927384103,0.00715294546448586,0.0006466594162430894,-0.006476190476190413,2.845530383144279e-05,0.0002872030525582492
2015-07-31,0.005971621103380231,0.0027916219796857433,0.0010492363890726164,0.005032489662380124,-0.0006633144324381668,-0.004947105105021277,-0.0030782001175940765,0.001320044881526039,0.009771102867999648,-0.004670563698851549,-0.025977760736196287,-0.0022716171163267296,-0.0017227235438884714
2015-08-03,0.005173728352031226,-0.0025007470785296526,0.003047360248447095,6.781883328987881e-05,-0.004432168550873583,-0.0046908135893148906,-0.007285595337219064,0.0021092874563310993,0.005599856643669909,0.000413174359579882,-0.020076764098021838,-0.002756863639820639,-0.002876160736297151
2015-08-04,-0.004117678929403401,0.0031850146636813736,-0.0003870193703193747,-0.0006329328526056832,-0.0011828720132481818,-0.007069381534944852,0.004123855455371528,-0.004538577912254094,-0.016394172940704776,-0.001327511947607718,-0.004619865421311653,-0.0022497187851517886,-0.002080929619251659
2015-08-05,-0.0023393721777923426,-0.010813529485728668,0.008459647288847627,0.007147623302156569,0.0048447525946342385,0.010160868576625903,0.005046637895029793,-0.00046253469010171244,0.0027628062865165948,0.002451776799692995,-0.007486631016042855,0.003114669520188018,0.0032621038505213917
2015-08-06,0.0031628312793108293,-0.013362781238083099,-0.0071793296732829415,-0.020920126216971924,-0.004414254183898736,-0.010283752796027223,-0.004155556325103005,-0.0062801613009850765,0.004607046070460585,-0.003211928335690839,0.015838484059856883,-0.007752971654983343,-0.007861214578231412
2015-08-07,0.004457490758860594,-0.0007569047427329334,-0.006245166279969072,-0.0023741254731046713,-0.005058005639138274,0.00044064134637267216,-0.014118301630907215,-0.0034592868547098643,0.012498876000359704,0.00041387057675823513,-0.018573744570982487,-0.0028748872122712488,-0.0028624172906598355
2015-08-10,-0.00129884186600282,0.008557890665291223,0.004436056579177672,0.008082039019118747,0.018993639942889384,0.015600358041004014,0.025290113223519484,0.01835781041388529,-0.004040852575488474,0.010726633373718153,0.03112062812276939,0.012808232694927035,0.012938655794312748
2015-08-11,0.006990354394711185,-0.010083254765975713,-0.0036610169491525513,-0.008040052003740694,-0.011973505434782705,-0.01663379079755456,-0.019265171322416452,0.0008521796132414661,0.004369343260956837,-0.009531049000117031,-0.0018789185340479797,-0.009557167162504987,-0.009467091077112633
2015-08-12,0.0032825700909433486,-0.00416478336669468,0.0005443658138268859,0.0002759223278647749,-0.0001504082509669047,0.005320662379787233,0.002455451101445183,-0.0064186533927169664,0.015803258312247603,-0.008058326937835703,0.01856695597035607,0.0009500640573494312,0.0004975743251649511
2015-08-13,0.0010190946148895819,0.005754579348354882,-0.003886211720814603,-0.0023446928337451656,-0.0010315260137965243,-0.002405683072481679,-0.002449436629575197,-0.005537244561634624,-0.0006118078923218473,0.0030650200862964994,-0.013462249285061123,-0.0012751372210638712,-0.001181151311699602
2015-08-14,0.005840432942185059,0.001176565396083351,0.002926029962546872,0.0025575742214951624,0.006324620845433948,0.005120857921016908,0.00445488985547926,0.0028503248044542406,0.0076522803795531225,0.00691230568411072,-0.0020902762714204437,0.0039118935964941315,0.004273770253729214
2015-08-17,0.007031749414020849,0.009675134421584852,0.0006418485237484894,0.01029612860967788,0.004681587892002792,0.005856866646908543,0.006076479832372694,0.003899795095511971,0.004599895851414626,0.0019445508382192056,-0.00047426143661699616,0.005211470973541132,0.005536389365174532
2015-08-18,0.000687685146000927,0.0009725920375003305,-0.005034307151048689,-0.0014103891081563846,-0.0016170900889399542,-0.005850825008418603,-0.0068728522336768405,-6.584145377919182e-05,-0.0027645788336932986,-0.0009115770282589475,-0.003993594432692094,-0.0026255208234241545,-0.002896764252696471
2015-08-19,-0.005762013004176003,-0.002341510035042904,-0.010060951785574646,-0.004294094196708342,-0.009654319935211708,-0.008538564674334892,-0.0123728635839363,6.584578916180028e-05,0.004244996967859294,-0.00862373440075348,-0.027868754838325516,-0.008254964424012301,-0.008468290270737922
2015-08-20,-0.008453849425776316,-0.027988440598406772,-0.008406843881356929,-0.022924340524834608,-0.02111084809227659,-0.024583629893238368,-0.0178362883533284,-0.013102449302080599,-0.00590924775707391,-0.021316391057803696,-0.022072485962225663,-0.021100110116800797,-0.021237246223219763
2015-08-21,-0.01903587323717093,-0.03290078843626798,-0.02607120823133724,-0.031587327604373994,-0.02715001758705593,-0.04214643258467954,-0.024682016358591796,-0.017212622589899196,-0.012105697053846454,-0.03118458971636573,-0.03476427109867619,-0.031850982202944356,-0.030615061251353493
2015-08-24,-0.04788455231223343,-0.040151502284423435,-0.03355334409546973,-0.03966584457662359,-0.03342146295166426,-0.03461567761103079,-0.041894487956258386,-0.03095512864028238,-0.037201335207308506,-0.047249272004258436,-0.05176404421467051,-0.03941366590728046,-0.03942267679975475
2015-08-25,-0.027844758296015626,-0.003963689770495327,-0.011185114705571375,-0.01414993390822683,-0.01608453733576476,-0.011852342849928199,-0.01796868975090604,-0.02241681260945705,-0.03161352128096351,-0.016497962403049793,-0.013596131033853487,-0.013522007595565322,-0.01322419571809652
2015-08-26,0.028583239827555618,0.03851551812965237,0.030428088782448626,0.04280369296778219,0.03098417526018138,0.05278540854788205,0.02819224124391395,0.032604801146542295,0.01677030337290364,0.03836129118492293,0.03503700277520827,0.03903384539598753,0.037500866471036565
2015-08-27,0.021301027731526645,0.02352156285816931,0.0144638817987508,0.019176371184012275,0.023876469232542163,0.024030219821897347,0.03624073932635752,0.022623178348369244,0.012045959970348408,0.026292076977537437,0.04911183108032624,0.024297736162143035,0.024052380740278823
2015-08-28,-0.0025860130425006123,0.00023398850113642844,-0.0021683099455876986,-0.004157204820435134,0.0013055417998468766,0.0023851498496318957,0.0062281186659296495,-0.002714440825190012,-0.002975645486174683,-0.0037941739048635847,0.020509871573701544,0.0006087560246721413,0.0010873820190508976
2015-08-31,-0.021023559914327583,-0.007335494435718348,-0.007195571955719515,-0.018483886924942405,-0.00935167700746331,-0.008867606632969816,-0.005310577204805322,-0.0023816004354926257,-0.016116442444556678,-0.007522820270695618,0.01053927706820268,-0.008391699809439435,-0.007972714633298628
2015-09-01,-0.020438712648972346,-0.026124867439864197,-0.021185653224307877,-0.026330346277242955,-0.026322955432513395,-0.03352121917032003,-0.03170219816635356,-0.02591910510879214,-0.026740713085682266,-0.03491801718943255,-0.036575039755477934,-0.029576407832956453,-0.029409832475637665
2015-09-02,0.011931350652403916,0.0209834932157984,0.013100436681222849,0.01975785579921463,0.02181411391815047,0.026228901163328988,0.014373716632443356,0.015124991247111419,9.590026372574556e-05,0.014590864278672289,0.009217577706323699,0.018292969668469272,0.017824105410405577
2015-09-03,0.0024975315095545625,0.0005925273832296796,0.0069132100616358105,-0.006351053556837627,0.0007982848280267962,-0.0010674444477855038,0.006147848253111432,0.007725736359246671,0.005178117658340087,0.004631728962881443,0.0032922684791842904,0.0011647835144650287,0.0014851924100018898
2015-09-04,-0.0206836616454229,-0.011183676231727113,-0.016440565803623075,-0.013107237637208558,-0.014198135782492849,-0.01482473699261011,-0.020268256333830115,-0.017249640632486907,-0.014977343191032721,-0.019311990198923157,-0.017296496242193315,-0.015329578244401953,-0.014874167201575972
2015-09-08,0.016387623498787196,0.023219205037386947,0.02123588654569919,0.02864573470186471,0.027926761605326478,0.028308228176846084,0.02536507453605119,0.020756425437069126,0.020483269575323426,0.02580708790847508,0.014757206256193589,0.025083020164270664,0.024872491967555588
2015-09-09,-0.013911525029103644,-0.01115384615384607,-0.017438389162257262,-0.016470703748250992,-0.010795250089960406,-0.013370771493515177,-0.007825538701183188,-0.010167178437393454,-0.012669640315080222,-0.013684581610742486,-0.019404284228180746,-0.013897563229596788,-0.013548471960363018
2015-09-10,0.0019479369576766992,0.002722676001555735,0.002242058503059141,0.009171907756813535,0.0008639505274645742,0.010374787309331168,0.002093301435406758,0.00020681097476904498,-0.0019224299514586374,0.0045814920717444085,0.005412544112234574,0.005277955139955992,0.004867099297715338
2015-09-11,0.014846235418875864,0.0074037845313184025,0.004620434446279464,0.006899877582817071,0.005224660397074032,0.006095380029806252,-0.0015666965085047169,0.0007581501137223778,0.007993451148456732,0.003557913122230305,-0.007407566915738961,0.0044870382986135215,0.004533893619374174
2015-09-14,-0.0013351909903633885,-0.005658513719384639,-0.00347540164821436,-0.0035736654017609615,-0.0047229503751242685,-0.0027848138766682906,-0.01277740416946882,-0.003925619834710736,0.0025796589117661473,-0.002932929384084737,-0.00804859529233104,-0.0040896458529868784,-0.004117129018053722
2015-09-15,0.009416962157763109,0.010808990655779116,0.012300302808812669,0.013655746998940232,0.016779056830824368,0.012670637691062137,0.008363608840447956,0.012722118509299607,0.004955448611044799,0.014740108611326574,0.010913305922491512,0.012831344116577714,0.012667742577321839
2015-09-16,0.012150878203282423,0.011426287122940915,0.011325659116227182,0.00346521411375611,0.008932160242954845,0.005309942206706442,0.014449240007506248,-0.002184747729910508,0.010051680811720587,0.006371049949031704,0.027691841723817,0.008705367298757816,0.008776142863380354
2015-09-17,0.0093878015475648,0.002503170133227872,0.00024478306101216596,0.008675527983424525,-0.006352087114337546,-0.006755573713085106,-0.005142434332223389,-0.010810810810810922,0.013143688682345278,-0.013136237022031039,-0.00035787213439142374,-0.0025610055580335134,-0.0022723337950139033
2015-09-18,-0.0027619638126374912,-0.015244353182751524,-0.012032221882328997,-0.01460713298977756,-0.020737275865909344,-0.01322110087699968,-0.020452939645234425,-0.010306425952825493,-0.0062085900940554994,-0.01918080636366537,-0.026218253801120306,-0.016164204602552523,-0.01620285013990408
2015-09-21,0.007856658376667491,0.0074732680534472795,0.008545773557642633,-0.013750899050358978,0.004526430716040419,0.00995935867089437,0.002923199574807356,0.0025859658932063656,0.004289244253811386,0.01066091108276912,0.005730844921173706,0.004565813598361723,0.004585942322956171
2015-09-22,-0.012786719757725273,-0.01261693848828549,-0.011256882048343186,-0.006217321978171375,-0.013427529832665375,-0.015757200554228912,-0.018245135892194675,-0.009898919484140678,-0.01244139083608009,-0.013298818961333114,-0.01083731131466914,-0.01231843902042229,-0.012487929066807069
2015-09-23,0.003976594898596808,-0.002699847399929567,0.001945807199486671,-0.0013184079601988863,-0.006610052788616039,0.0023961780959369516,-0.02120604565083284,-0.0062662817714568275,0.0023974051614723546,0.000819833409851034,-0.013716794921959874,-0.002048652933485662,-0.0020668963218135605
2015-09-24,-0.010128444519889035,-0.003127522195318866,0.0010123339462431158,-0.010548733404737609,-0.007000600711612126,-1.4940313447731057e-05,-0.002914992515559822,-0.0007793680034007266,0.008159819921215394,-0.007175857662439777,0.004121575455687587,-0.0033629742722152134,-0.00336287915905753
2015-09-25,0.007716931519378134,0.00010120433154536812,0.007223644018822695,-0.027024305511850755,0.0027687940622165286,-0.0017032211797048946,-0.0011852085967131165,0.005388924342338397,0.010047446274072058,0.014521452145214386,0.002787655296545122,-0.0004657806483666649,-0.0005586467341511803
2015-09-28,-0.0195133019456577,-0.02894150981582666,-0.01602393344535058,-0.038382923673997316,-0.019792101721657684,-0.023571492711544795,-0.03243414286844393,-0.01431694759856128,-0.005848761167909999,-0.02361743656473647,-0.035810441063806486,-0.02566611782492978,-0.025712113759334576
2015-09-29,0.012496384148105166,-0.002917882451021203,-2.082465639319242e-05,0.00900004035892521,0.006320274588708763,-0.005502506015970909,0.0041697326465537365,0.0005008586147683403,0.000880159355167498,0.0038315452788699744,0.0001362119457877231,0.0012328818080848958,0.0008720396548558274
2015-09-30,0.010056568196103122,0.026633918617614105,0.00982944251233886,0.021386096370763497,0.01566616484757244,0.02267122865421345,0.02141345057808186,0.009726095973682236,0.017402573359251994,0.013409007932556616,0.024469413233458193,0.0190755218699743,0.018388590819461648
2015-10-01,0.005374215081744627,0.007278958888304432,-0.0001856014518158977,0.008876589301099136,-0.0017369956922507201,-0.0004370431768517813,0.010561976883220359,-0.007436787307883108,-0.01187335092348274,0.0013755608685683818,0.0005539184188951829,0.001973927490716232,0.0014634365994234955
2015-10-02,0.008215169930227306,0.014250581140720309,0.013015139639453777,0.020883471780141383,0.011646521123819698,0.015212737086512051,0.024137251035298846,0.0010703582132154388,0.013166981262372701,-0.0005887162714636185,0.04010363612206036,0.014315268580220586,0.014230795170971922
2015-10-05,0.018807902667708376,0.014448947053743444,0.017042330951072104,0.0032699619771863198,0.02953789703015719,0.01926189945793433,0.026418146108522222,0.026730344286834518,0.013450265824510366,0.02156625323166561,0.028529455598373277,0.01828980813381431,0.018685995478121997
2015-10-06,-0.003889345384826104,-0.007006974231361207,-0.005685685685685615,-0.023307814750246347,-0.0002450270643530317,0.0018067373819790067,0.012756537725584494,-0.0016662038322686756,-0.007218759808097608,-0.00454894925679139,0.022293982487735287,-0.0035882338139452408,-0.0036991100376438935
2015-10-07,0.008908930928288594,0.003429287433640127,0.008617565336447308,0.014693518554447449,0.013301546276903942,0.0038687532724417384,0.013373837661615928,-0.003337969401947305,-0.0030710866227078304,0.007916586213554622,0.013262868019276786,0.008035678209220576,0.008626902832681749
2015-10-08,0.008394200370652971,0.01171502743912467,0.011578232922106357,0.003811393389335782,0.014248334396094853,0.00449132160760346,0.014147839438473309,0.0090008372871897,0.012050376007973096,0.0051404853128991235,0.018924481924821546,0.008818386335509576,0.009072798925988446
2015-10-09,-0.0023783783783783985,0.0016889971579374663,0.0026838220783833577,0.004444557322090814,0.0029917401955470435,0.005105867420527321,-0.0005407159078620882,-0.006223635986446374,-0.0040734109221127746,-0.005654204123122009,-0.0072566093982897595,0.0007251307470337309,0.0007939743782321429
2015-10-12,0.00563502384048542,0.00473418829747585,0.0023420586498721363,0.002351513312599529,0.0010591159623905,0.002080762276497339,-0.008800403952968328,0.00389673648319544,0.00903411389275921,0.0015333993546944313,-0.010845944130546514,0.0012755038736604885,0.0011578541103820505
2015-10-13,-0.007435344827586232,-0.0054864372044990395,-0.006459973688860976,-0.012360627617173825,-0.010644729455456248,-0.003265025561713264,-0.003929844989447595,-0.0004852013585640025,-0.002583518930957762,-0.006506969474657787,-0.00896762467794443,-0.006825414134604912,-0.007260344384477091
2015-10-14,-0.007219628704809522,-0.010189677272800957,-0.011324110671936838,-0.002503064977523395,-0.010191833438816134,-0.0009769693835035564,0.008840505589245318,-0.002357836338418684,-4.4658806716668664e-05,-0.009567534594021931,0.009471987101975055,-0.004716298429397803,-0.005091364097253637
2015-10-15,0.0141068401771558,0.012605937412914159,0.0097347432386512,0.021815947150099824,0.01018653261013358,0.011389947508448905,0.0024623406720740704,0.01251216460447635,0.01424679558751274,0.02311258063470456,0.016270712717109337,0.01485277599486512,0.014723420864323211
2015-10-16,0.009920741898959529,0.0059573916985040665,0.009918042522864878,0.009973437578309152,-0.0023790815435655865,0.0028580772676212174,0.0002528536338681775,0.005080324042290307,0.0022016732716865217,0.004340662822381436,0.0017679992142225487,0.004570474242289402,0.00412428412684851
2015-10-19,0.013400245582189996,0.004522046990666384,0.003665588552386634,0.002741663358475588,0.0005469621720961548,0.0030767921960073163,-0.007728142717850717,-0.002663934426229586,-8.787346221428294e-05,-0.000283920628411094,-0.01927639964702421,0.00027052151629769483,0.0005107578369405452
2015-10-20,-0.0011589927299546776,-0.002274875442559554,-0.0006249755868911189,-0.015180195226960569,0.005401032100061265,-0.0035055480952718154,0.0022928267278086167,0.008013149784261486,0.0031197820546620125,0.005269801199116575,0.001679596896744684,-0.001421083170244808,-0.0012124306043008737
2015-10-21,-0.0013185654008438519,-0.0038375696462691344,-0.0013289036544850141,-0.00860531142433607,0.0012614454424846322,-0.007815935429876464,-0.009259259259259078,-0.006454681342573876,-0.001533137675763241,-0.007722007722007707,-0.010360108591504269,-0.005825376581296671,-0.006538035607803083
2015-10-22,0.014364932664378216,0.013926499032882012,0.019960079840319445,-0.005372733378106176,0.02782544475096116,0.023618219769536486,0.027487630566245258,0.017233125897558654,0.011801351232780588,0.017588814020435883,0.02033200879440078,0.016627537222502875,0.01567021801110413
2015-10-23,-0.011922736502316789,0.004165076942642676,-0.0008058017727640143,0.019861643713452226,0.0030009721459065553,0.030447777870890258,0.007990012484394349,-0.00026890756302511143,-0.017777392360057265,0.010196785525538488,-0.001976870613818349,0.011030396928638497,0.010531869987336462
2015-10-26,0.0017915481083359275,0.007694012601716205,-0.001536098310291778,0.005034227751961273,-0.0013906447534766109,-0.0031987855458266434,-0.007077391273576539,0.0007396947078204263,-0.004193705028031514,-0.003262040313894432,-0.0251956026542538,-0.0019131147145990957,-0.0019632824411537353
2015-10-27,-0.0005259835893119957,-0.005294413372714191,0.0006923076923077698,0.017326455782735728,-0.009874667679453109,-0.00545266650349463,-0.00484692968388023,-0.010079290417954523,-0.0028371309513255394,-0.0060205625366636095,-0.011561985654197082,-0.0025540995953997614,-0.00330647692790631
2015-10-28,0.0016314072202925356,0.009460633341230373,-0.004727496348681748,0.00967635523952648,0.006861867621361428,0.015258199915232362,0.015506929771156308,0.009706760792832059,-0.011291900062238791,0.024103870286388718,0.02218156401611715,0.011839933394323987,0.012954836542297565
2015-10-29,0.0002627016234959534,0.0027224082360672863,-3.861749372457979e-05,0.003860069457049198,-0.0006137825939722674,-0.0034205529445036076,0.0010227112427705354,6.722689075622235e-05,-0.00629496402877705,-0.00391264786169232,0.002976489753232725,-0.00044968545937285054,-0.0011193101732858146
2015-10-30,-0.007511293203067537,0.0022781175883161975,-0.010909863288792732,-0.005556894889103159,-0.0021813253139625344,-0.007702390443630525,0.0027831601197814138,0.004100564667921525,0.005113122171945594,-0.013519685758655364,0.006817589380601952,-0.0048099702786910115,-0.004461506536625803
2015-11-02,0.02344535591426311,0.004390198337329121,0.005310114596958515,0.01998812106813408,0.011906783258341047,0.00991379897321365,0.005375210792580187,0.0015398004954139122,0.001440597848106906,0.016174337129980954,0.024397044472326712,0.011873845798707316,0.012298071912454356
2015-11-03,-0.010342331161443785,0.004061008122016263,-0.005398582386639594,-0.0032561677045206405,0.00010487237032541508,0.006418467927886695,0.004263200195687711,-0.004144385026737973,0.002832097100472053,-0.00048601196804465285,0.025313010342950415,0.002728072051519481,0.002656233913312045
2015-11-04,-0.005747727035217864,-0.006483682731791562,-0.004217349708104723,-0.004506760140210231,-0.002474728409043281,0.0009244744563687846,-0.006472041476738966,-0.005772586924419287,0.004213734982965844,-0.0037684242516334843,-0.010447874397967238,-0.0035453765540646165,-0.003409044235429426
2015-11-05,-0.00010510826150944563,0.003744678206283547,-5.8822376031830714e-05,-0.0036887994634473564,0.00086199646791707,-0.003185821754611351,-0.005428501383392126,-0.0010126924115582137,-0.008034996875279088,0.004209755651139346,-0.010424051966965053,-0.0011320880364932284,-0.0009066930431915754
2015-11-06,-0.032376747608535705,-0.0002322017368689977,-0.010706302207929785,-0.0034379958647882125,0.001029303644575208,0.004095718966536044,0.002359321078948984,-0.006893289180239348,-0.03636036360363615,0.010510647346517077,-0.004298743295315766,-0.00034763063530685034,-0.0002475043313256986
2015-11-09,-0.012927756653992373,-0.013393410132540584,-0.007056211844921889,-0.008081831560155295,-0.008058085365341916,-0.010030358551883722,-0.006780256455295786,-0.008574345015311291,0.0028953021387876365,-0.011784157522921834,-0.014546586025164898,-0.00982278963414629,-0.009902624195411769
2015-11-10,0.00797930882676634,0.008207912867433498,0.002495209198339232,0.006056036579433766,0.0004654114660462838,-0.007200464720424793,-0.00785229202037363,-0.003088750085798564,0.006705159247532011,0.004319654427645592,0.0025654687900853457,0.0015106466914911465,0.00177112852142014
2015-11-11,0.002347545995523337,-0.004950032688895045,-0.001055335417454839,-0.009162335307627112,0.002833460204685778,-0.00036739692475162844,0.0012477718360071055,0.003649132470393779,0.00892691951896385,-0.0020899591094957204,-0.019073676751372948,-0.0032280998405164185,-0.00355679430912903
2015-11-12,-0.006699346405228734,-0.009777235467117174,-0.013753787274756846,-0.017774361977260567,-0.014295955804832783,-0.009133849693042762,-0.02040235000890156,-0.008918158743225657,-0.011461055333975123,-0.015935166636314002,-0.02393947907051397,-0.01399036144578314,-0.014674571034943518
2015-11-13,-0.012502056259253158,-0.026524905606723603,-0.008387566191034312,-0.00279451033968825,-0.004107127577650416,-0.02009836245741292,0.012321895899970903,-0.012251678549179856,-0.0036173074247554116,-0.008574689244625344,-0.0059414896897679315,-0.011207397957936904,-0.010910323496387875
2015-11-16,0.012993503248375893,0.012284972411554573,0.01644824001793621,0.012529580271515739,0.011964086261706308,0.014215816848687002,0.012746400488312881,0.020953048353188564,0.016942052594833612,0.012506611081728458,0.03255294506949036,0.014903313824738973,0.014607607950651191
2015-11-17,0.001315573096529965,0.002132196162047073,-0.0010226589131742125,0.004059240307026091,-0.0020376541506590407,-0.0008984974358264841,-0.0010281500389989207,0.003088750085798564,-0.018490548766534,-0.0023045014595175495,-0.011557104514681726,-0.0013393792099123392,-0.001498838927591284
2015-11-18,0.012974215798981836,0.017037274036154182,0.013850137497741777,0.02000588047925911,0.012782610545121864,0.016007637178671263,0.017248110160769548,0.00759545641166004,0.007460946607600993,0.01829380967046501,0.01606922126081578,0.016162384658902518,0.01617370346096103
2015-11-19,0.0033506268914829107,0.0006763664962641247,0.0031479538300105414,-0.01634658115038612,0.003486076693687279,0.004248655273370927,-0.001500191885008606,0.005025466893039177,0.009858828974774303,0.001330752480038777,-0.01280363766902004,-0.0011230670288638889,-0.001227529960053264
2015-11-20,0.011472584293870547,0.012339275047942522,-0.006966921923107328,0.007375027473198292,0.005483006864222428,0.008596959876333798,-0.002690426275331892,-0.00452733292790064,0.004537537812814962,0.0012987797511174737,-0.010383838383838384,0.0038102285176147,0.003999583376731675
2015-11-23,0.0005857606901327195,0.003462571619334609,0.007651793699692044,-0.001951467843203769,-0.004266744369978648,-0.005149164437154519,0.0005955926146516966,-0.006584306272060858,-0.010037870146461625,-0.003861120328195189,0.0066345486465519965,-0.0012349401915593416,-0.0007676826358486988
2015-11-24,-0.006705694518360894,-0.002088942530869997,0.0021499013806705047,0.002222465114584571,-0.0023828933341695224,0.0001486526662883847,0.007983193277310896,0.0006832934745473196,-0.0028575379084666563,-0.003058474396632649,0.02188152744823668,0.0012220896294909966,0.0017026578073089382
2015-11-25,0.003750535790827403,0.004930920593571253,0.0025979649274736616,0.005428723765207755,-0.0011314350367715997,-0.003796835520004427,-0.00604418507711546,-0.002048480710139855,-0.005639010862029115,0.00036449790413684013,-0.008275451478467866,-0.0001292397828771552,0.000352390033580674
2015-11-27,0.007152770364043937,-0.004058078353315064,0.0025127107830626993,0.0017355252374293695,0.0015732175445219987,0.0013834635416667407,-0.0010833857552247084,0.004926445432774429,0.0022776925579881535,0.0031274670553229633,-0.006783663178116295,0.0005936223891387371,0.0008703039847490768
2015-11-30,-0.00810896756412971,-0.008428097790722955,-0.009751512659343264,-0.013378892150729071,-0.007288263382759563,0.0005282405526210177,0.0016793198754505578,0.0034724586368897192,0.0018087375939150885,-0.00269394920846322,0.003868316073659228,-0.004640904067250151,-0.004616881638061399
2015-12-01,0.015655890996526978,0.010124683603637497,0.008186510055170126,0.01727964489537115,0.006012658227848133,0.011005970028022505,0.0073347071356222315,0.0044103677568192445,0.007638535252997514,0.012686657763748999,0.007124794284108615,0.010680586999677999,0.01031656890885646
2015-12-02,-0.020465067340067367,-0.009002320185614976,-0.006472491909385147,-0.009122403231800136,-0.01038062283737029,-0.0063469109022255,-0.013036995943275342,-0.010808619874349779,-0.02191491316732519,-0.012377869687706156,-0.03108746338255519,-0.010995752937987158,-0.01099353563634875
2015-12-03,-0.01428648155110368,-0.015171380408316004,-0.0052906919356431326,-0.02209049116864259,-0.01108285653740193,-0.012882708063820636,-0.00916915510275762,-0.010448678549477619,-0.00859598853868182,-0.01605316663126255,-0.020114765224902742,-0.014373578391063457,-0.01461282264779351
2015-12-04,0.020541600828202444,0.01977938379612021,0.02270426895826283,0.02429670683128382,0.014571324490539439,0.02421776879812154,0.01776343781023959,0.026777087646652875,0.015351084999526199,0.02658524549716268,-0.005226371135318986,0.020525755993794137,0.01956145168786172
2015-12-07,-0.0009076348104646303,-0.004600273529777543,0.0029302749801092265,-0.0057489311336021975,-0.0041607704817623326,-0.005691360328419437,-0.017732102421181062,0.005780346820809079,0.0033131124591692096,-0.008862584870516055,-0.03667130860446466,-0.00698956346303703,-0.0074589756340128766
2015-12-08,-0.0009084593598033264,-0.0032163377466900567,-0.0030765063271546156,0.0018707028497848555,-0.01560975609756099,-0.002225230901218511,-0.019399914881543356,-0.009489441325848613,-0.002371982698479047,-0.01315510290685351,-0.014915892763273209,-0.006489911269239812,-0.006533901135604481
2015-12-09,-0.007702182284980763,-0.012217662353936176,-0.00943268055043378,-0.009796789369028613,-0.002520791140603995,-0.014751521502559317,0.030670186986871295,-0.007623802455808848,0.00032634032634026866,-0.011518260281967008,0.013318510283490959,-0.007738940390290883,-0.008152802000378379
2015-12-10,-0.008408796895213455,0.0024420411658367946,0.00045065344749883884,0.007775383259048807,0.004816726785752845,0.002059044112633801,-0.007579745236340751,0.0008158270446665394,-0.016498112504077844,0.0005282456031321381,0.006165796287356917,0.00225139430167709,0.0022668050759486746
2015-12-11,-0.0035877364644487653,-0.02323778790179687,-0.010752056404230381,-0.015564438720338192,-0.016401547721410115,-0.020684211958740484,-0.026696368586683672,-0.015352217919978428,-0.0030327441595981997,-0.02173980558402433,-0.03360593174135873,-0.01942277425044958,-0.019129148171633914
2015-12-14,0.005673758865248235,0.004583218617908447,0.009384094553661626,0.0060477401199674485,0.0021417488034618515,0.006364116388294594,-0.014059434716268249,0.010762331838565009,0.004562954513047224,0.0015873519794278312,0.008101277248725003,0.00475558669628362,0.003663398340695956
2015-12-15,0.010632526852555113,0.005787522166693648,0.0067863096989309035,0.013151437825105639,0.0005888125613346951,0.004197503589970175,0.00530601717086121,0.0056651423111051535,0.008847882659096307,0.02377254429617426,0.02847357464240141,0.010618514891638675,0.010713902308105316
2015-12-16,0.019431025228126453,0.016910032217217985,0.01983207028890943,0.013004940424295341,0.017871932348197506,0.01311736882631176,0.010665982479932667,0.020361069634858175,0.025607353906762942,0.016316294622124472,-0.005136576341277621,0.014514952946300674,0.014211666737477202
2015-12-17,-0.0070556023588878025,-0.01626631359939479,-0.012760511184550016,-0.011104735948743838,-0.01638045479850969,-0.016096197171629467,-0.019366069485747595,-0.010176932286816598,0.0010517651362720315,-0.015810637908974634,-0.02483099608392214,-0.015040495497016582,-0.014745617158536395
2015-12-18,-0.014741754162689524,-0.014500416586553766,-0.017878911011783738,-0.014045860580932934,-0.015216492152295591,-0.020318362392407918,-0.013054733727810519,-0.01283515892749143,-0.012607921063450656,-0.025102918872071056,-0.016287521873738053,-0.017797236873680844,-0.017368566508641714
2015-12-21,0.006297093649084928,0.0037068951501455505,0.009614437417499122,0.008594161854671656,0.007803174322472239,0.01055995944975563,0.00861842844830818,0.011095983662355202,0.000693962526023606,0.00914401828803646,0.00045612114577631147,0.007778414898656383,0.007637055947384397
2015-12-22,0.004706637428464333,0.006722280715963258,0.01225485413211036,0.007123061214566961,0.01210765282621562,0.006757415741295514,0.012074153880447192,0.009291052312664139,0.007628294036061023,0.008809463881198187,0.012195677942919536,0.008816762734086936,0.008888888888888946
2015-12-23,0.012563215331381494,0.005679806918744923,0.00828947622076992,0.010741786757428873,0.012417918210779533,0.008109828669489838,0.023639967696938546,0.013608164898939235,0.015416379903647748,0.012880489021956043,0.04245208657072719,0.012418034595898853,0.012471003851965312
2015-12-24,-0.00047316124283691696,-0.0026238740540454053,-0.001491310249890021,0.0010269392434083535,-0.0007920198647144439,-0.001304156828290659,-0.0020440364340529316,-0.004014478446857428,-0.0008133387555917526,-0.0008313575761307312,-0.009095229865191845,-0.0015986125980361754,-0.0013242249080399615
2015-12-28,0.0047864506627393055,0.002630776881246133,-0.0012829104834848337,-0.004580699033758684,-0.0018637931403843178,0.0006048193102310417,-0.0075820187574113795,0.0014536804546054771,0.0018993352326686086,-0.0020030816640985716,-0.017921381385309743,-0.0021785646703768036,-0.0022099680080821527
2015-12-29,0.009631994974611313,0.011263459353951122,0.008627631427585492,0.01218752246962107,0.009336366758241788,0.013407882626076839,0.009015859222246458,0.006927949326999361,0.0050552922590836324,0.010498687664041828,0.0069486069486068835,0.010629710673474513,0.010399308119054096
2015-12-30,-0.005703323482138201,-0.007831411077886985,-0.0035545924574209575,-0.004558208919882123,-0.0077402343334679324,-0.007794602068619594,-0.010370689345821416,-0.007928707162047077,-0.0014820137423091628,-0.007853323147440805,-0.014661140261916228,-0.007217228968994793,-0.007348643006263034
2015-12-31,-0.008082598946654862,-0.009727005995662785,-0.01104519181244168,-0.008979756892409374,-0.006643379122645454,-0.014290788862475146,-0.00775980854304148,-0.00984147952443859,-0.010524422056310212,-0.009085869163483973,0.003378605150694769,-0.009411833126550917,-0.00961134011945819
2016-01-04,-0.012038692040794774,-0.017922128111816038,-0.013001041626480414,-0.019106369189779593,-0.014216987034280315,-0.015551366635249808,-0.016700774740534996,-0.005069708491761693,-0.0026818181818182296,-0.020483013707145892,-0.001538667380251546,-0.01530377604039257,-0.015459429615000797
2016-01-05,0.02032671739477454,-0.0017216219318236803,0.007016103814884156,0.00557927836439065,0.0020571628660217556,-0.0042378847182721335,-0.00022299029992201014,0.009788803218236719,0.007884781915135974,0.003331852509995681,0.005047459519821329,0.002012262379140095,0.001962772038047733
2016-01-06,-0.006623207301173495,-0.009936929242494008,-0.0032798338735030574,-0.008322484091157989,-0.014654494627413306,-0.012796041003888203,-0.026058510836028392,-0.017329526591859823,-0.0018992493443067415,-0.015528637844334225,-0.03622141730183781,-0.013115420660382515,-0.013131269643087862
2016-01-07,-0.020369592608147857,-0.020123094278272746,-0.012714669574360404,-0.020502312798301836,-0.027949553383425307,-0.031409338298481915,-0.027366412213740365,-0.012635135135135145,-0.007067778180500195,-0.02820611667951678,-0.023656360240713825,-0.023700421050516063,-0.023863537213157704
2016-01-08,-0.013772775991425457,-0.010818406528290359,-0.007553495710482139,-0.014405251027157062,-0.01016964611455673,-0.007970189421384943,-0.010202880351606991,-0.004653390816396374,-0.0001825150574922274,-0.015669421487603308,-0.013413626166017267,-0.01083840686741222,-0.011217877094972017
2016-01-11,0.005216540781394441,0.008797302616940783,0.009498827550574296,-0.011870567601230286,0.0007601935038008545,0.006275339852134465,-0.015898188161598492,0.007906497078033814,0.006024096385542244,0.0035599140247180028,-0.02094453886109582,0.0008532645172032449,0.00049719761345135
2016-01-12,-0.005081355748959404,0.01028146790858675,0.004468503937007817,0.011884550084889645,0.0072508804640563085,0.012442785406390211,0.0014503263234229014,-0.004024556616643915,-0.004899292324441973,0.0055551837226424094,0.0037406483790525247,0.007802793618448156,0.007386491981025589
2016-01-13,-0.01445259440369473,-0.03375484911078652,-0.017382954122327376,-0.0293242830994509,-0.02317290552584672,-0.027900920276814678,-0.022849786788961324,-0.011848503527155607,-4.558716265512519e-05,-0.026025026624068137,-0.01775666788454522,-0.024965440402748285,-0.025181065990986018
2016-01-14,0.0003307789845086173,0.0073865512626658525,0.0046868767451138105,0.0267399986904997,0.013077858880778503,0.02019806748743269,0.013627006998764957,0.017604657610202246,0.014998860268976566,0.010148294949770875,0.04473540643753404,0.01669593922593471,0.01623959147996512
2016-01-15,-0.012730779829154049,-0.020910251544115077,-0.015940446650124063,-0.013850804137385708,-0.01895942544396456,-0.03149710846217402,-0.020592177409528567,-0.010897697861326772,-0.008893280632411016,-0.02350911612488582,-0.02872062663185382,-0.02159909253631931,-0.020823902218198298
2016-01-19,0.007145249525510877,0.0038590308370045623,0.012345679012345512,-0.0009311829903907443,0.00014123628831042012,-0.0006702310773964992,-0.012109148212656518,0.011844098609006926,0.014864497416840372,-0.0003464043231260483,-0.02170087976539592,0.0005318215419634065,-0.00025427646786868596
2016-01-20,-0.03042899900232776,-0.009461285962541255,-0.01452654232424666,0.002097114525754451,-0.01353323291282249,-0.006447679292736708,-0.006926370581815111,-0.016060977269633736,-0.02290792176475842,-0.021034028692217044,-0.029326538768984833,-0.011693854879261001,-0.01086730329024943
2016-01-21,0.008689189961698762,0.013716108452950682,0.004165402891517456,-0.0026611205125887105,0.00548755755970709,0.0033444816053511683,0.00891913598512084,0.024138885046341096,0.0,-0.002973346076244998,0.02884862833908075,0.005195419855539507,0.004698567053928349
2016-01-22,0.026466421082459668,0.017044262638976404,0.016250176194599453,0.015517129719577749,0.007616923332463221,0.02805810397553521,0.017680576504105927,0.02370500438981571,0.0174580686440291,0.019526396137323765,0.0431226393856774,0.020283682630725774,0.02061423918101446
2016-01-25,-0.008889134275618438,-0.011774007803502795,-0.00796544344931438,-0.009438414346389812,-0.012575357950263655,-0.013698222651892689,-0.03264717990942778,-0.0032985882042485537,-0.008758927368279101,-0.022878434376849888,-0.0451766059995683,-0.015637946405160252,-0.016094469520813393
2016-01-26,0.019608935435351915,0.014714578912581988,0.009107977469740014,0.00785444806407165,0.01824469353684699,0.009032783424314683,0.017917180916712905,0.01926131850675139,0.007567518578937671,0.017783321454026835,0.03779602702227591,0.014144309246276299,0.015060240963855387
2016-01-27,-0.01802983117521728,-0.015101131299280035,-0.0010490479395115493,-0.011012737470136535,-0.010938048951867896,-0.024643940639337614,-0.008152855589932395,0.008312228066757577,0.0019338880143917603,-0.00392170594208463,-0.006364340334914287,-0.010863455608495332,-0.010933576808947798
2016-01-28,-0.009402993378957336,0.012234810908647864,0.010362796964473286,-0.023032902300706648,0.006062328312967713,0.014801421917136404,0.0020655060489820354,0.0005796354736911091,0.016159439806086695,0.0007733680177171021,0.031538442804607714,0.005528558910220527,0.00503104013293032
2016-01-29,0.01909683217254554,0.012310443244730074,0.02121901474741139,0.01745385307029146,0.027728085867620766,0.036025970104182514,0.028899545683997996,0.017765190525231622,0.019392172453396972,0.02883838561242036,0.02623005005194079,0.02476021464486422,0.025534455440997528
2016-02-01,0.0014880952380953438,0.004925439043445667,0.0022468026270305863,0.00045485262774858093,-0.0032522559662865325,0.0019383234231082902,0.004129359336031646,0.00929673665570463,0.010443298522338162,-0.005769887333560986,-0.018726850254215943,-0.00044324413474616797,-0.0005373816081144511
2016-02-02,-0.011061581641076512,-0.019081260140616507,-0.012665018872985767,-0.014522686826961895,-0.019829963235294068,-0.020233021571222753,-0.006962540716612398,-0.011404223322263207,0.003688137919203971,-0.02606366539610583,-0.032588563524253766,-0.018743103466056232,-0.018975289557990105
2016-02-03,0.00422927100723447,-0.003377039576836327,-0.0018629924315930468,0.004916628221182329,0.015073727641418788,-0.0037412037174502366,0.03325269588749036,0.016543069024529178,0.011963766877456816,-0.0005288766659614641,0.03964811089838349,0.004992039011471272,0.005046814341173933
2016-02-04,0.0006649673057741445,-0.005670521930052019,-0.009137924330209657,-0.004604003252970945,0.017136258660508163,0.001162340178225696,0.02757936507936498,-0.00137174211248281,-0.004095591960817435,0.009136769323032423,-0.00037296906687811493,0.0015267734362336416,0.002022221717297823
2016-02-05,-0.027522427732860733,-0.03186994697035539,-0.0012950317871438521,-0.01958174654420386,-0.010489986830752418,-0.03349011669445101,-0.010465340799381995,0.007617382617382651,0.0030525289354306206,-0.01366846116199405,-0.020334398246391272,-0.018481296823200877,-0.018820861678004563
2016-02-08,-0.030294402368885698,-0.019701160159477094,-0.0025344807261582503,-0.013978306743188895,-0.008719596145020714,-0.01633966797055475,-0.027083983765220143,-0.0037798983765026106,-0.004099919692294729,-0.02640439482544743,0.0006664921092094378,-0.014153878886199789,-0.01428241275710651
2016-02-09,-0.018086793117622735,-0.0026380873866447274,0.006106088361007789,0.007197284660787062,0.005370370370370248,-0.003992297214785667,0.01151223425591641,-0.011196118678858058,0.0035650623885918886,-0.0016381507098652826,-0.024715145460167953,-0.0006636308701657434,-0.0009378223764417992
2016-02-10,0.006040308593983523,-0.0007714773791810403,-0.0014683137884453634,0.009202993679708893,-0.004535826118990505,0.003568172529787361,-0.009676012213982621,-0.004214631691514037,-0.002748879303053342,-0.004667274384685394,-0.0050000000000000044,-0.0001889634544679497,-2.3467567821233715e-05
2016-02-11,-0.01278088217810014,-0.0008272210886229869,-0.008156223041330124,-0.01703120599713026,-0.02005319764080027,-0.0020048555094370757,-0.02170343971489208,-0.004864181933038614,-0.018743903990500854,-0.029600322379748856,-0.004240715773991766,-0.01230114587495812,-0.012414634718734607
2016-02-12,0.013428072499548582,0.017901166427493953,0.014212856803985208,0.014229389214041044,0.019472243202417028,0.013481488456769775,0.028488395890467144,0.01218815463721179,-0.0034141492717921773,0.04005436218807823,0.025798828221160752,0.01951800905373191,0.019366950240007785
2016-02-16,0.01711229946524062,0.02470764726083119,0.007153020055742809,0.01832073390546385,0.020049545065172536,0.018923439048563084,0.015162972101723238,0.004766384446535099,0.0060277536860364744,0.017676950998185115,0.008015358771298331,0.01651669365823305,0.017064130358766416
2016-02-17,0.00969739455543861,0.021113345327547828,0.010295312923326971,0.013209341646412298,0.015615424771329378,0.02323778838262558,0.019758507135016368,0.0026215592035452318,-0.0021983706194232955,0.012554838249456024,0.029187696409865627,0.01648044398020665,0.016273579499873847
2016-02-18,0.009199259430687334,-0.006702250781641328,-0.004118300578477507,-0.006883604505631968,-0.001497307082039101,-0.006594679697595196,-0.004382592649546324,0.010645583016871019,0.01641610506307245,-0.006093909612878146,-0.009345362017117775,-0.004665718645228911,-0.004443041115045343
2016-02-19,0.0036690936192167456,0.0032867850373023977,0.0019234098209306438,-0.0010895820205839568,-0.0017457475380484588,0.0022427223659224893,-0.010579967565062964,-0.007268695330787334,-0.006332879972798411,0.0011341083073432845,-0.0034791948816139673,-2.60711324778784e-05,0.00011327080784750976
2016-02-22,0.012623522019763467,0.019101435207654616,0.004396152886295246,0.013575493146544382,0.016905071521456483,0.014351140483045643,0.018654386512644283,0.006639364606602083,0.011163865007057572,0.014974511469838525,0.022353961150034074,0.01445421268341529,0.014270505357102392
2016-02-23,-0.0030460288808663583,-0.0055277749430213685,-0.00043960244648322266,-0.007675751367891448,-0.01000970103183707,-0.018413118611662727,-0.023791280361658007,-0.00536275658016383,0.0008460236886631556,-0.018276307069861386,-0.03215603584607285,-0.012454381906964795,-0.012015097036424893
2016-02-24,-0.0006223831617064857,0.005883459611075947,0.0029638411381149865,0.003488645569289517,0.0010244532537526663,0.008914792562515927,0.009889721753463254,0.008180466038671286,0.004564666103127779,-0.002025082602053696,0.00899876858956139,0.0044397716094042305,0.00474694274282883
2016-02-25,0.01766404348072248,0.009912774386615197,0.011877526119118409,0.012877436491712357,0.011146213402153604,0.012949597552644798,0.012629697275871488,0.0064543889845094515,0.00988724335240665,0.013777144891420345,0.001854111903867972,0.011348326251425123,0.011271344687169504
2016-02-26,-0.003337969401947083,-0.0011953666913597782,-0.014413565708902398,-0.0020825298881604892,0.0011881449536843558,-0.002829497141181747,0.013469951646327472,-0.003603493556464943,-0.027329917093696587,0.006566702953260561,0.00379506641366234,-0.0018701644719988364,-0.0012458286985539413
2016-02-29,-0.0006140106056378158,-0.005158027812894983,-0.0038998279487670873,-0.01578038851960628,-0.006834714194668412,-0.00667480188776326,-0.006172138286190343,-0.004658575456662928,0.002013106608986126,-0.010570750767513126,-0.011552194917034186,-0.008120941454274777,-0.007684768565955347
2016-03-01,0.028652815013404886,0.02624578525559551,0.010363489809235293,0.021452037223669285,0.019937157018941276,0.030786081139084986,0.025603901546902508,0.013425298682103737,-0.004915790373600126,0.0354359860371638,0.022217500118052458,0.023868794087660294,0.023547105434465365
2016-03-02,0.005592658956399044,-0.0011392154272882316,0.0012726512935454792,0.0014607519028215776,0.0015620593148633066,0.0018235860029005568,-0.00434653391782458,0.010573650947982571,0.004510503028480661,0.00912620036777212,0.024506294029333686,0.00409432102509677,0.00456160357910429
2016-03-03,0.003347732181425478,0.005553810806790294,0.00516001745300021,-0.003493013972055814,0.005978555182497569,-0.0006306435430701862,0.005372933845751993,0.0027660853878530567,0.005944235374615081,0.006310319227913919,0.012805482910992927,0.003498703717687457,0.004257084224773999
2016-03-04,0.0018297276934668982,-0.00029588230459454135,0.00483155610078323,-0.001489413607591028,0.004134277900992522,0.0034707282792645344,0.011838931156058718,-0.0018589589829695052,0.011648174127449673,0.004057543341940306,0.009059745347698378,0.0033059095013543427,0.0036520945196842902
2016-03-07,0.0010206274172754881,-0.004669746945755171,-0.006160665652410691,0.008011110110972552,0.001929963759569553,-0.007331923164875409,0.011700410798122007,0.0067287473715831325,0.005546917678698859,-0.00026718322089391844,0.02362621605523807,0.0008850044250221512,0.0014728497476661495
2016-03-08,-0.009390931043734896,-0.008342556952406266,0.0031561242038817827,-0.012871539737211446,-0.012456391926888188,-0.007717226981498682,-0.019649784287423255,0.00035805931849375305,0.008232688369760544,-0.016736821006213654,-0.04129132364984256,-0.011240108704340224,-0.012133140125873298
2016-03-09,0.0041711809317444,0.001449323648963885,0.007234363225320228,0.001692922035124944,0.0024056695780325654,0.010272929090671568,0.006619577678340205,-0.0029231044562429975,0.005098234270082047,0.0013250433187239619,0.015375623791754611,0.005052393318714987,0.00496978719677732
2016-03-10,-0.0014026002049953856,0.0016967478998586305,5.6112524315476975e-05,0.0005547528124676404,-0.0013188618870534352,-0.0012351530297155522,0.005326965466568634,0.0046069163575446215,0.0008660150934058919,-0.0005428881650381134,0.00024352446313935516,0.00015583684385145347,-0.0002614208221684011
2016-03-11,0.02566041812976061,0.015726455984190535,0.0020199375315617107,0.019379794984204946,0.014396743954449898,0.01748608734415691,0.017650283208478168,0.003335120004764436,0.0013597033374537215,0.02658202064095594,0.022332396361302242,0.016395502545776264,0.016691726046501376
2016-03-14,-0.0012640893289792565,0.0039402262768948315,-0.0007466168922071192,-0.004123554858458389,0.0003414717432133063,0.0007066438656246898,-0.006535478310830234,-0.0005342197423874318,0.0008640908529811142,-0.004232944211117973,-0.006170166702749391,-0.0012610091039911842,-0.0015431768009086522
2016-03-15,0.0011602151671763483,-0.0001302825502808025,0.0019052956010086053,-0.016143372453386262,-0.0011520737327189723,0.0041803776462778774,-0.009108653220559648,0.0019004632379142627,0.0022200296003946907,-0.0011955763674404984,-0.0014377518788804,-0.0018369610425620353,-0.0025544703230653276
2016-03-16,0.009587020648967437,0.007296773457986516,0.001827096966646291,-0.0028143194639883573,0.006471869793668983,0.01102625768251686,0.017399868680236574,0.009721398933017378,0.009926983345639462,-0.0015627597672486226,0.016056196688409408,0.005600392870784177,0.0059613480824689535
2016-03-17,0.015913596994678203,0.0027326380467296296,0.006922862194100654,-0.010486387115984486,0.019969864816111738,0.004632270090558777,0.022050123695815715,0.00698602794411185,0.010519902518277835,0.011822299187425056,0.01434245840042947,0.0065952387999328455,0.00720963566737276
2016-03-18,-0.004365466591340961,0.0009836488534846755,-0.0018851534921545676,0.013266521005324883,0.00815613166326834,0.002561617280531614,0.0005262050094716475,-0.009619308575759322,-0.006270348486675514,0.01010433466083005,0.0019473784476007339,0.004405588579773578,0.004651656754460554
2016-03-21,-0.0073764572371815,0.000386629077728573,0.0007406721599854116,0.004467571371389312,0.0024559375902917235,0.0032180098059526596,-0.005048911328494832,0.005709912879679813,-0.0012134449702705385,-0.001857282502443769,-0.0050068659554241,0.0009855677748611402,0.0007822575530138653
2016-03-22,-0.00010393389804086439,-0.002399394515209652,-0.007530761402535058,0.008921111153959993,-0.0032322483684351644,0.0011013519094689173,0.0005990767170596101,-0.005443371378402118,-0.003604260316689034,-0.0029053634968824182,-0.003269777909890026,-0.0008773640085785184,-0.0008450228156160478
2016-03-23,-0.004781456265266826,-0.006279257465698129,0.00033558298221403327,-0.006243072101112301,-0.005824520819563861,-0.006023267966665746,-0.01225611044586894,-0.004943502824858559,0.0072752397984068296,-0.007595599790466201,-0.021003749147920914,-0.006385988876963622,-0.007146481732070331
2016-03-24,0.0004177763851898053,0.0008771787332888525,-0.0005218428507528516,-0.0008846494095927637,-0.002887771637511971,0.0013558384061982398,0.0001782785423947164,0.010172699313934164,0.0030262680062946856,-0.0064660860385324925,0.004917533400060847,-0.00037806069592627445,-0.00014906938114911394
2016-03-28,0.008560839379861296,0.0050799318347805045,0.0043074513313940965,-0.002835951134380399,0.0015834982810709608,-0.0028323523722677546,0.004883961356101363,0.0010538641686181904,-0.003580336310242238,0.0029884446805683584,-0.0034210982158322523,0.0005452027073489241,0.0007667568315903317
2016-03-29,0.017752704311370993,0.009446453946518663,0.007333964611299759,0.011672050137053303,0.005179838156060823,0.015809236140938987,0.0035476089115935583,0.01146332904433267,0.014009447292987254,0.0015559822551809432,0.0034980228566463545,0.008816671166638201,0.01002404920509914
2016-03-30,-0.002593572009763956,0.006238702349911085,0.005197773436060205,-0.0007250616938457854,0.004677152317880795,0.006983659328368308,0.005090497737556543,-0.00017347056782701653,-0.002349100175187191,0.005982877731134151,0.00274969147162607,0.004350343793947387,0.003961397446162973
2016-03-31,0.005251618824249293,-0.0009379520849560619,-0.003300572099164012,-0.0021894929796199003,-0.003749021546574416,-0.0015441714301194231,-0.008828081035452962,-0.0020820079810305314,0.005427625014965853,-0.0020700532299401386,-0.0015761972621668452,-0.0020397780953995692,-0.0017210258993409777
2016-04-01,0.002028809089064776,0.0050442365221818886,0.012528515711237143,0.01268099763985453,0.0016541229013316006,0.008587475580638104,0.006848585926688244,-0.0019704433497537144,0.0038899694359544323,0.00813275822330528,-0.013862156960273375,0.006330896132521691,0.006054999579513831
2016-04-04,0.0001012350678275542,-0.008581244755466177,-0.0014172284099787102,0.010204210181534279,-0.009681281479646642,-0.0050978545968122235,-0.009762458588848832,0.006852099181232196,-0.003953975722589043,-0.005193023711542288,-0.005109649122806981,-0.0032082517199124583,-0.0038869848700158194
2016-04-05,-0.006782062961838253,-0.008415975981730939,-0.00669590058043279,-0.012271009739490468,-0.005732152162584714,-0.0106535435199957,-0.007118197672349336,-0.006055712555510628,-0.01885594061371121,-0.01444564824846506,-0.007736901271849561,-0.010144569799577008,-0.010216926110854674
2016-04-06,0.0038218507949450142,0.009437608709656597,0.007785166053012382,0.02645035035666954,0.0022222222222221255,0.010549618737871969,0.008782306341183599,-0.010328420564001406,-0.0012137886389382846,0.005829641227222737,0.02101475031100053,0.010507683957812652,0.010385976811716935
2016-04-07,-0.006345499771561958,-0.011535147898784293,-0.009833502980950981,-0.010639606396063983,-0.007384010375266814,-0.01433400946585539,-0.012543529244545604,-0.014305816135084415,-0.00028356153285269414,-0.019374710207326062,-0.006135503241808449,-0.011975845083371128,-0.01210430258658668
2016-04-08,0.006079493205272346,-0.0015495117423935945,0.0051766865534650375,-0.004301609995648659,0.00566876699049601,0.0004115790917822437,0.009536147396451922,0.0004758505829167703,0.004578791685238448,0.004052821777162485,0.02020577933450074,0.0027866066574921966,0.003121549307737892
2016-04-11,-0.004113136647539761,-0.004041449101990002,-0.007122377047683592,-0.006717526751488956,-0.0018649679393153429,-0.0018924849149752898,0.004954730163256427,-0.006004756242568354,-0.003993223620522679,0.003397356116922934,-0.003991159367422559,-0.002739792928306284,-0.002646118673130249
2016-04-12,0.006832551499082129,0.008002077618529668,0.0062354001508266865,0.008283993915852772,0.00801965024247897,0.0056882196147398645,0.011634093569325543,0.007057838387463322,0.007289515247236089,0.013409319477036608,0.028373225326927543,0.00966214330138726,0.009742327121450067
2016-04-13,-0.003950167122455217,0.013477826801069126,-0.0075860051913866355,0.008727091385114072,0.013662397167551799,0.013730258484070168,0.012096350057852367,-0.009978024588703449,-0.006513086479314811,0.02246113132649663,0.004106087903800404,0.010040160642570406,0.01090954953439982
2016-04-14,-0.006711409395973145,0.00012710719903408219,-0.005065296273783826,0.0011741441107402384,0.00030819173635232566,-0.0010781525855445562,-0.0014203561283171462,0.0025196472493851374,-0.0013354376593420758,0.0027176550519267817,0.0041936156895472365,0.00017287578874580767,-0.00016634783331959113
2016-04-15,0.006398443898443906,0.002875434889668904,0.00575755331753558,-0.00041972717733462783,0.0004518752824220762,-0.004627568435396245,0.003850823937554315,0.0012566572916041796,0.006564551422319598,-0.0028716161713935318,-0.012590638050321012,-0.00098426141983321,-0.0005407204059562076
2016-04-18,0.005849142973398891,0.00912431884425291,0.0034605260735913745,0.008978523174963948,0.0032027593003203236,0.003917156876033445,0.004596350566767882,0.005378914654554201,0.0033011272141707515,0.006924669945638007,0.01586533403471857,0.006540973600611455,0.006388114361812747
2016-04-19,-0.0004045307443364399,-0.004772070827577468,0.0015041731633496092,0.002949888614164342,0.005095776031434296,-0.006318603426627156,0.021328563074065165,0.007609083343240952,0.0012438809084343028,0.011086830773185952,0.01882806189026276,0.0030845039487379378,0.0031634446397188487
2016-04-20,-0.015125455281262745,0.00037854889589916674,-0.01371870249281093,0.006028875138822887,-0.0013234785087451462,0.002160355439611905,-0.002795648219879321,-0.0052507374631267645,-0.02444595840179531,0.008867558719766189,0.008050744083922812,0.0007616146230007281,0.000721381755224737
2016-04-21,-0.017874569828958853,-0.002475403632694273,-0.016472292378547082,0.005543896255140401,-0.003364051541347335,-0.0011795330675994364,-0.004728771195027903,-0.027341201589466846,-0.02160785441400004,-0.009577216306471015,-0.004920942239432069,-0.005194063926940662,-0.005499145263938243
2016-04-22,0.01255164478845261,-0.0028450851154629975,0.003965181926323114,0.0023887079261672994,0.0027003252664525856,-0.019016980901575886,0.006651734202131276,0.007621951219512146,0.009237099550741146,0.010401425027037225,0.013295500608025979,4.7813031919918814e-05,0.0009526570848692462
2016-04-25,0.006094726512060111,0.00153755924358423,0.007165560173778784,-0.0037069131523205234,-0.006059369580740492,-0.001411374014113842,-0.006135796642168456,0.003086232980332726,0.0018721138245205715,-0.0028962694789861354,-0.010800864069125504,-0.0018120272712495167,-0.0022552346271620394
2016-04-26,0.0028748909081575125,0.002263231197771498,-0.0031371377352852337,-0.004360956752838763,0.008887885381173355,-0.003921405609134121,0.011295793758480333,-0.003438706563706484,0.0015779420313928316,0.007230132920784227,0.013972015528955106,0.001872793719674748,0.0027165460464924074
2016-04-27,-0.0031226004607114444,-0.001026418431316789,0.004402068035366469,-0.0011890462150717651,0.007039531240463193,-0.00841622035195111,0.006976822191661292,0.018826805496700905,0.014137645107794361,0.0008463419221367285,0.01659122180788475,0.001649376105560263,0.0019026347354922368
2016-04-28,-0.003799938379377643,-0.011128323480130153,0.00020515115910391124,-0.005915865939432274,-0.009596541204517473,-0.013692480359147052,-0.009027014423236945,-0.006951871657754127,-0.0008585094640448654,-0.011118418992138834,-0.013476137232978247,-0.00923084266043006,-0.009618957189447941
2016-04-29,-0.006958762886597913,0.005083282713641557,-0.001249300764497363,-0.01466383165921259,-0.005242544163844953,-0.008861515703231682,-0.00631932773109245,0.0,0.005564648117839521,-0.00665104199657951,-0.0009941939075797102,-0.00506308380824827,-0.0051062942892872165
2016-05-02,0.014586036854399076,0.013948088300782535,0.010305621417769695,0.005804003274053171,0.004367886804060195,0.00658716149308991,0.003585684324470595,0.007000538502961895,0.00789388020833326,0.011063639841857098,0.0002985549938299137,0.007810003389338016,0.007834921965015118
2016-05-03,-0.0010743886217129406,-0.008768214829105947,-0.0011641873787304746,-0.002959236516978603,-0.008105680101269885,-0.008240661534074656,-0.017426183092894787,-0.009566250742721438,-0.00016148566814688792,-0.013276150231780859,-0.022365043675507956,-0.008676727057840061,-0.009166683988442892
2016-05-04,0.013777208706786226,-0.004731461847643725,0.0028491082661139533,-0.009596596670871316,-0.012659270085012664,-0.004370202121848132,-0.009502246921203272,0.00149979002939582,0.011023176936121981,-0.007893895813358753,-0.013005515641218657,-0.005936889651395494,-0.005790047830829925
2016-05-05,0.0026270587046579585,-0.006280308450592353,0.0007010294063389821,0.00444522138700898,-0.001167493641329287,0.00012994888677098082,-0.005194985107709327,-0.005570863783395219,-0.00379408123327607,-0.0009019746802823025,0.007402977687961387,-0.00023889387261577522,-0.0004853139770425452
2016-05-06,0.007910914038093297,0.006607999999999947,0.004608804660423349,-0.006178364535938785,0.0069714047171780535,0.007045201899894549,0.008459824536972693,0.006746581531233087,-0.006975625400898022,0.0038046106722553485,-0.0019241397662375093,0.003174634136826171,0.0034199582005109974
2016-05-09,0.007898815177723506,0.0031789932128494236,0.005633647741035697,0.011320282694352368,-0.004560152557831043,0.00011468711920303853,-0.01253150136362069,-0.0026326811464129074,0.005248284214776078,-0.001959335753059288,-0.012448983777353928,0.0007534732687128898,0.0006942837306178617
2016-05-10,0.002678438569515329,0.01253307559456851,0.00968960420430287,0.008237476808905297,0.017116441779110314,0.013230509009073632,0.017340232135365508,0.011518387425760501,0.001204819277108582,0.013806642636457145,0.017527828542947432,0.012483666797817872,0.012257169287696712
2016-05-11,-0.022755379668562892,-0.01977966950425636,-0.00825923516229321,-0.01261102114922219,-0.008127584653809916,-0.006719859661036165,-0.005017182130584108,-0.0055156870885475495,0.002406738868832692,-0.011301228532427543,-0.0013470487386725294,-0.0095615503816463,-0.009657922612000824
2016-05-12,0.006934953176410907,0.0013090676883780183,0.005430523917995478,-0.005789682934101981,-0.002786435220541228,-0.00407343578641528,0.004800718380880031,0.007216125954198294,0.004641856742697126,0.001541178359287354,0.004026159820151198,-0.00016953585925616466,-0.0003355563944464901
2016-05-13,-0.01196460888799511,-0.010984981346258027,-0.012342993855690376,-0.0019869535877633515,-0.01200480192076836,-0.0028316052913835987,-0.009933661018114326,-0.010657824619574763,-0.004779733928144569,-0.012855448337768083,-0.012457508091273661,-0.008478230326872227,-0.008496622330382286
2016-05-16,0.009005800345985637,0.005803362726290784,0.005009909711517269,0.013573244180659527,0.011375539447773031,0.013911397306638706,0.01603943896681015,0.004368902986414458,0.0011606499639797985,0.005520914523252651,0.015850767803772037,0.009796688181920254,0.009817820190008542
2016-05-17,-0.016388482678634464,-0.011523728623403118,-0.01877111293709477,-0.010611881848617055,-0.005116307972740541,-0.01073595767854374,-0.0037927971024397378,-0.005958765343820782,-0.016669998001199393,-0.006847102900329416,0.0022725428130834224,-0.009411320681679491,-0.009743321110529002
2016-05-18,-0.01363682969342761,-0.005837143691020619,-0.0104211251093288,0.0034337229048047035,-0.0033104309806372134,0.00519031141868509,-0.015434745326702082,-0.01354753626663463,-0.019391820473209087,0.01869918699187001,-0.009616163252085141,0.00020515726281145064,0.00021159542953874677
2016-05-19,-0.009823284823284872,-0.0009133313761945372,0.007898151456456892,-0.008050968729390373,-0.009504710576340503,-0.005817840429012455,0.0037624107298379617,-0.006806028196402525,0.009327971477136154,-0.009225857940941662,0.0024938165613950236,-0.0037067243593813526,-0.0038290670615612754
2016-05-20,0.0068237887774920125,0.006546083776812761,-0.004421889284847991,0.008141401977018514,0.005145942297958506,0.011846849424826944,0.00635129976052462,0.0009789525208028227,0.0022180234946191923,0.006121922928212342,0.00422078584099661,0.006019489813925416,0.006816878676548788
2016-05-23,0.0009384286533549169,-0.003941030506495524,9.370314842560568e-05,-0.0045915510483418576,-0.0022660511959715635,-0.0010322398190045767,0.01186370533866743,-0.006784841075794579,-0.009713114754098418,-0.0008966886568884114,-0.0024771573604061015,-0.002085444764948985,-0.00210925964986286
2016-05-24,0.010573467368092171,0.012911944770092498,0.008938442799587776,0.014750737536876724,0.0106830417227457,0.021218169207468218,0.00657805044308124,0.007631238845467347,0.011132723585647541,0.015449708314635435,0.005007327796775929,0.013681373410675546,0.014161910801099076
2016-05-25,0.0018554788166167402,0.004870677876191554,0.0016529846588164698,0.0064304720607075705,0.006554307116104718,0.007360075402655708,0.011715707852233193,0.003969950528308841,-0.0029469548133594925,0.010353535353535337,0.015088913193178621,0.006974750248066153,0.006919549812421932
2016-05-26,0.0005144562197756386,0.00204760685948302,0.0033190558305984386,7.34412103111648e-05,-0.002108527131782889,0.0024354334934022503,-0.010977609692426227,0.005110110719065641,0.0106321839080461,-0.005904773806548302,-0.0040902651688980995,-0.0002104719354808493,-0.00026908428547767205
2016-05-27,0.004319210201563228,0.004853128991060052,0.0012012566993162554,0.005091549985313026,0.0023201375510120137,0.005641419825953342,0.00023687861662891052,0.006173586732841185,0.0023559039766034573,0.007039818976083412,0.0004808270224787581,0.004286876226017977,0.004658481542060944
2016-05-31,-0.0006143764079459269,-0.0010485510930352548,-0.004946931241347374,0.001412566975158347,-0.00028934587165452275,0.0012557155531291997,-0.005379254347384732,0.004992781520692935,0.005632775458929373,-0.003401678993852131,-0.005687051944410992,-0.0010004478195001498,-0.00074190091501114
2016-06-01,-0.001383196721311375,-0.0013359203537006703,0.0074016361511490825,0.0038061189746583235,0.00020673544065674676,-0.0025082814182696422,0.002891254804584964,-0.010175375591069513,0.0031834300451321074,0.0027869981837540525,0.0015305916945260734,0.001130207538531991,0.0015055271407358184
2016-06-02,0.00400143641307138,0.0049686275758829,0.001638861267631686,0.013071024482428584,0.0014055104276471386,-0.0013392918152871358,0.004205670872337475,0.005079518655136894,-0.0006828680457923175,0.0014676950941510114,-0.003197265232254276,0.002824710741046177,0.003068305842136798
2016-06-03,0.002708088498288186,-0.0055145311063922176,0.00619542237338,-0.0032285837279378837,-0.00020640260892901274,-0.004228532329798251,0.00837611456363141,0.005835990614283082,0.01660101294316263,-0.013751169317118728,-0.002824231909785868,-0.0029117543676315805,-0.0030589201396017396
2016-06-06,-0.00535059111292302,0.0012110009879218175,0.00027406270554708456,0.005554355910650344,0.0075971840872024465,0.0030646180908666665,0.009009914255091012,-0.00041871037205398753,-0.0018188288323910395,0.005596130133737942,0.019926766603953094,0.004897266962979874,0.005312905417927949
2016-06-07,0.0056867667400994915,0.0012891109908648168,-0.0004749118673169628,-0.006728624091814739,0.004220706046263789,0.001630382660400942,0.00013278008298756028,0.014960205852432518,-0.0017033075856603963,-0.0028925359994970146,0.02136226594731827,0.0012894600859958416,0.0015567709293513587
2016-06-08,0.0031584309730003923,0.0008583008821427818,0.0056651011494670556,0.0047923898290833655,0.006794115846816107,0.003583739125676999,0.006438979056722749,-0.0013560521195685737,0.006150305531307021,0.0018919089361166819,-0.0020196919969703853,0.003309455383901483,0.0035381940893752795
2016-06-09,0.0012695510867357651,-0.001953342120726065,0.0036888299322201945,-0.002366835612508278,-0.00010132533538675936,-0.0007768842851302304,-0.00643076212775795,0.0060810012988545825,0.0087944157431874,-0.00771070686724995,-0.005039989102726183,-0.0017176941371889187,-0.0019157088122605526
2016-06-10,-0.004006694730435578,-0.01032683066543616,0.0009414491074337672,-0.009070430635768956,-0.010052491842484024,-0.010598393190839217,-0.006870685077004723,0.008391526318878073,-0.002775605942142323,-0.01236956452789506,-0.019851359280266045,-0.009175222644506098,-0.009699023971903475
2016-06-13,-0.0002546084122618808,-0.006254320947955638,-0.008754476721050564,-0.007363877099430538,-0.01107585218548468,-0.011194441380831588,-0.012666688947561844,-0.003782588454376179,-0.0014112666117841455,-0.0077073766016890755,-0.0030330240446971857,-0.008115186992800894,-0.008433163570382929
2016-06-14,-0.004278510670809421,-0.002604840797307828,0.0027553738914638526,0.0009257905764263885,0.0008280887711162865,0.0012966371089173645,-0.007751675580529471,0.005432560313102464,0.005260471872178485,-0.01449885109550475,-0.0005003702740027371,-0.0017988898829277566,-0.0018714909544603753
2016-06-15,0.00854263645199227,0.0026440864924488494,-0.0029297763543392197,-0.006937007107389648,0.00026890617243080506,-0.002729158834259171,0.0038549449049909423,-0.001742970020915724,-0.007107431561682365,0.0006567928803651313,-0.0033441467419600412,-0.0018406799915194894,-0.0015416666666666634
2016-06-16,0.00654290931223378,0.0037534379550232533,0.006114031245437301,0.003455967058016096,0.001116694584031297,0.0024294550481003263,0.0036362400598111133,0.008089861482947436,0.006607669616519152,0.0032818089330839406,-0.002129754274577622,0.0031329954139511784,0.00273338062846884
2016-06-17,-0.0026203073822120837,-0.0014667483317751806,-0.004534982857764769,-0.010955056179775213,0.0003305033979879024,-0.009373911832300297,0.004740459824603027,0.005888805496218286,0.00343844019849171,-0.0011121651238100716,0.008396254907882872,-0.003257956005563112,-0.002934015856170702
2016-06-20,0.0013135957156569233,0.008732708108020848,0.00222315359804659,0.006100045688601341,0.009312986557086012,0.0053288715165489275,0.005156202608431748,0.0009183263502265948,-0.0040496865386862035,0.0058617414939254875,0.00854598458528022,0.005808171029634712,0.006323566240921563
2016-06-21,0.006307079065543064,-0.002048262177558713,0.003018236695212506,-0.0028228825312663908,-0.0005114775563648255,0.006601306275436647,-0.0029839737142089984,0.007053156717701903,0.0016421003245101762,0.00540434952467761,0.01057216392793503,0.0027121084843393373,0.002322735851013169
2016-06-22,-0.001052948255114372,-0.0017157334359565457,-5.4382307622558024e-05,0.003310891479069822,-0.0031932532290748217,-0.004432217637169611,0.0012778693210477865,0.0016512925634892817,-0.004488855927241575,-0.0011333462858622578,-0.00593605516809026,-0.001651586959643958,-0.0017793962467154145
2016-06-23,0.007127440646488958,0.009460783526350491,0.006635002356694786,0.01257421855831975,0.01147914655933624,0.015016607586457065,0.015617128463476071,0.013245409584446755,0.0033328105395231677,0.021006905047492364,0.016613783725192732,0.013364022153492305,0.013887449476629676
2016-06-24,-0.015649140294044406,-0.03623142284314029,-0.019305575565480515,-0.02811935886407957,-0.04038086730550594,-0.042472157294101476,-0.04381613756613756,-0.009201077199281982,0.0008988237133142896,-0.05407207493252886,-0.03512717121588094,-0.03591978498287063,-0.03624655013799438
2016-06-27,0.001620171130575887,-0.01849130743449623,-0.0023505215219626896,-0.014023934181002229,-0.022595045168933958,-0.0232334400712223,-0.03389244336849373,0.0058323895809739845,0.012884585350616984,-0.027859828141783116,-0.025415896487985257,-0.01809650487628911,-0.019218531246022685
2016-06-28,0.02072486478289437,0.01909199481908863,0.005908555441024976,0.01971047474555898,0.01664538193467391,0.0203313585110918,0.007445856452478861,0.0028711366323255216,0.0031994449155807736,0.024687521580001315,0.0263673284268251,0.01777020204544777,0.017670213686304947
2016-06-29,0.01460902292873767,0.01639046612967121,0.011546414390016135,0.018659954868946338,0.017586441832737165,0.016612396622770476,0.016913619727818574,0.009767598518019671,0.0027665706051873684,0.02311554402399163,0.02022656971839476,0.01703264590465059,0.017214630310500967
2016-06-30,0.009078484966809963,0.007535281030254692,0.02205137481910291,0.0095668155649411,0.020023433903837207,0.01055853966184328,0.015479227086900416,0.01534356237491652,0.021956546729509085,0.01567697526594869,0.008780737503199187,0.013565002390415248,0.01418632346488935
2016-07-01,-0.0005804391989939761,0.008929578826904816,-0.0030620010973645417,0.005750798722044648,0.003671719554470654,0.0012902501963425461,0.0005849563003235136,0.006625054752518622,-0.0005249343832020026,-0.00528551509452313,0.004683932161049231,0.0019486769007937,0.0020188702566847905
2016-07-05,0.009437614945310147,-0.0073009026280055345,0.005095337854631898,-0.00046750257725780564,-0.008890251379521819,-0.007283321194464731,-0.018742047525705963,-0.00021756867011146763,0.007240396158463502,-0.015223627591602562,-0.018939761844635528,-0.006847523716683512,-0.007442434210526372
2016-07-06,-0.005034281056719436,0.008448936238694582,-3.532757493862615e-05,0.011621073839991336,0.004845860397979296,0.00529093063942665,0.003574682834513343,-0.00429791632664156,0.002420946776416244,0.003641298950644023,0.005563915729447144,0.005352996097771179,0.0053647624176644815
2016-07-07,-0.009926754047802633,0.0039576783747985456,-0.0011128579251382664,-0.002145770106221523,0.002565154935358027,0.00247014076995411,0.002793686269032092,-0.016009179324664058,-0.01809467191796088,0.0009564959266468165,-0.01047553411440394,-0.0008715406266519565,-0.0006180851721367953
2016-07-08,0.01693760342645767,0.01754860040374484,0.010026879818914924,0.010858846871250272,0.01905639136219417,0.016870371148165253,0.024759715837860297,0.009550780165472839,0.009838422825141135,0.01841966521681826,0.012894752552086386,0.015253348586681925,0.01577091966108002
2016-07-11,0.005073226763664174,0.005592439272045668,0.0005252560623305591,-0.001680672268907668,0.005603985056039873,0.00636083269082488,0.004791517993679273,-0.0008250371266707024,-0.000861842844830929,0.005662147733523248,0.001630616294375331,0.0034086107328981097,0.003815554473128646
2016-07-12,0.0023333333333332984,0.004582666645953859,-0.005442295913903217,0.0046973228791411525,0.008968341156496473,0.009590390456124975,0.01846590909090895,-0.0032478256082791868,-0.013651365136513549,0.012322244385818193,0.022536482033579386,0.007009302064421963,0.007379700768297637
2016-07-13,0.0038006556130931735,-0.004762788396115436,0.005137769644930845,1.171769723806726e-05,0.002652729936255316,-0.0009214716444204685,0.0030218503021850474,0.007510907383884824,0.007642585551330683,0.0004131574765613433,-0.007097232079489091,0.00013474959807435738,-6.021073758144535e-05
2016-07-14,-0.0062000094656633475,0.004070851460534541,0.0007527220530056944,0.0038785123385907116,0.00740404359500868,0.00807031345368725,0.008276775368316613,0.0015348352792852182,-0.0064903211199576205,0.008863333121545303,0.004095589513745335,0.005259172191430128,0.004877363413752889
2016-07-15,-0.0009048480807696269,-0.0045185850020118545,-0.00013993597928951829,-0.0005602698633174752,0.0006859651529702582,-0.0015876860149082184,0.004005910359546672,0.001587214711838314,0.002924531884993753,-0.001731901627987531,-0.00025012025012027816,-0.0009289428076257877,-0.000798961350244598
2016-07-18,0.0006196672863338915,0.003202238457951312,-0.0015919945417329773,-1.1678832116723825e-05,-0.001194719730502447,0.007331141178373191,0.006835202930307149,-5.46448087430651e-05,0.0023479512232069677,0.0036275313860325564,-0.0005581001501095972,0.0023823401519147414,0.0022388805597202133
2016-07-19,0.004573170731707377,-0.0018284368414529517,-0.0016471000525670743,-0.00164673456040354,0.0005490519050139753,-0.0011772890244554635,-0.006886246995387535,-0.0036614022624188447,-0.0014734774066796907,0.000785743470471667,-0.00519900641210802,-0.001435236675604079,-0.001615573329078357
2016-07-20,-0.0007587253414264028,0.003942997298891804,-0.004019236169615192,0.008457822023092199,0.0019990200881920828,0.013849450843825384,0.001700791522208256,-0.000877577885037284,-0.004956676378220948,0.001350417687331129,-0.001683990476743502,0.004270304744474762,0.004355122263065336
2016-07-21,0.001186408504176173,-0.002535873330034577,-0.003083863464147907,0.0035496369162240082,-0.010268546951708535,-0.005046635136206401,-0.006334487037157999,-0.004336846728151045,0.005551752985017755,-0.004453504782813256,-0.009015821312238215,-0.0036124840084306165,-0.003759398496240629
2016-07-22,0.008389818457600562,0.004728095740063276,0.0045605599943434605,0.002069077122248908,0.0009288170428047859,0.005165179519863949,0.002004468980021157,0.013287754314385003,0.013159885040084696,0.0058910625964778696,0.003345659447085758,0.004553914935085945,0.004771887790755658
2016-07-25,-0.0021152580614836047,0.001342323299338144,-0.0013901108569417397,-0.0014419028503535047,-0.005686193212106838,-0.001268147052218671,-0.0010166267667989226,-0.0042442050277505805,-0.0014183338309943228,-0.0024115252114000896,-0.019929019929019964,-0.0030114527155947757,-0.0030601700977664903
2016-07-26,-0.003108954731734892,-0.0016486902927581593,-0.0078060298496941405,-0.001663470646674159,0.007247671809535117,0.004232524303948271,0.007189285010833268,-0.014918032786885194,-0.008708978096733322,0.0014755282077041354,0.004078790290489298,0.0003228067586511507,0.0008371536774964827
2016-07-27,-0.009592212824268809,-0.0034108622845059333,-0.01447396462314432,0.004119321469070236,-0.00449473642707876,0.007704972011853828,0.000684462696783017,0.0065457369501302765,-0.011651144376154665,-0.0007210031347962831,-0.010323986921628836,-0.001198609612849011,-0.0012945112722058116
2016-07-28,0.0054866412213741,0.0023384748807533384,0.004739336492890933,-0.0004033280324506894,0.000574280169511665,0.003424388968762182,-0.0009771350400623602,-0.006503168917056934,0.0029757363039828455,0.0022586818082004356,-0.001621816434406509,0.0016062180948777094,0.0015554270444890772
2016-07-29,0.008967971530249086,0.0008961265701525889,0.004430016500466261,0.002709152323530528,-0.0028499614067726275,0.0013286093888396078,-0.00466223265519039,0.013313363288400604,0.007036896158235217,-0.0018466931672354026,0.007219782203236935,0.0016312913007012764,0.0018118466898955354
2016-08-01,0.005079006772009009,0.0012658032447785406,0.0012142206667500322,0.005886546023132322,-0.0010916380525177738,0.003980539584254705,-0.006583903829146198,-0.009525373624568845,-0.0002266288951841,-0.0023831922232674385,-0.03331143101766132,-0.0012697828487301388,-0.0013912075681692393
2016-08-02,-0.015440763615946151,-0.01461542019333062,-0.0010879064043801678,-0.004080466339010047,-0.009239389604196457,-0.008266390256543188,-0.0022091796359797744,-0.005471729398109804,-0.005855906909970177,-0.008738291318287406,0.008939237899073138,-0.006361592747507805,-0.0069657286152131626
2016-08-03,-0.0063682159490541235,0.002534616287256597,-0.005177646848776973,-0.0023986319764038866,0.003990935162344833,0.0037757048417861316,0.0024453917583688867,-0.0009447593642324392,-0.00608041346811572,0.00960806697108052,0.017617997713539113,0.00313393879547319,0.0034070867404201177
2016-08-04,-0.0027740577769275188,-0.0004993991603851056,0.001633165829145744,-0.002243339008789369,0.00021972753785304278,0.004945920266559156,0.0037580352727870636,-0.0006675196083885115,-0.001108817006958862,-0.0034234743553502867,-0.0015246654763577672,0.00021258994634409945,0.00021970998282250243
2016-08-05,0.00023980815347734996,0.010711218674369416,0.0023472075397321657,0.00254816727968743,0.010185129710622354,0.011824739998186784,0.0034812309107030703,-0.0016699137211244608,-0.013779904306220225,0.019256224393318755,0.008458741033935402,0.008603442301027941,0.008866345827425848
2016-08-08,0.00019180052745149112,-0.0032750923050777203,-0.0015730578098744896,-0.008453133985048877,-7.907795109018956e-05,-0.00019200245763140167,0.0018654884634266011,-0.002063005296905507,-0.0011255579274207506,0.001082217618502801,0.012213101689512174,-0.0009070627201803738,-0.0008511312127630344
2016-08-09,0.004650270866292772,-0.003316852400068404,0.0024170157911698187,0.0024357710375224606,0.0005140473318965277,0.0018947880525932437,-0.003266692800209081,0.0022348865795061013,-0.0010102580043518383,0.0009883864591055946,-0.004979824820391721,0.0003897491391129382,0.0003367803795712998
2016-08-10,-0.0006680664248903678,0.0021771246403858857,0.003715015449463399,-0.0038414810529361354,-0.0009090010868492149,-0.003386278543772603,0.0006554798112217153,0.002731631174043958,-0.0005445352003112802,-0.00765243149839534,-0.014124070264282307,-0.002864685984581117,-0.002970591147638424
2016-08-11,-0.00997994460891971,0.01025680813096419,-0.0006228090467462755,0.005586981519984269,0.00611167151249048,0.0034747153554210986,0.0038320450674702577,0.0025574025685217716,0.001206413449564181,0.0015547263681592316,0.013022191901761682,0.0047345655461528136,0.004508888668189659
2016-08-12,0.0027492403414846045,-0.00029183178201697135,0.003098180264235584,-0.001975188855776633,-0.0033223244475898417,-0.0007027586471256564,-0.011811152076739884,-0.0036045028558753245,0.0007773933999302152,-0.0021111456069543566,0.006516529007467353,-0.0007960508557545154,-0.000850272878272551
2016-08-15,-0.001491101491101543,0.0012752162490206054,-0.001544305595001405,0.0012499565987291739,0.006075070514211189,0.004833265139116083,0.00970713507445442,-0.0033392698130008114,-0.015496951101099277,0.005755709041129986,0.005864294710327345,0.002792976351273957,0.0033050327534682733
2016-08-16,-0.011657594296449858,-0.005447291698634449,-0.004675638678020899,-0.008969957577649068,-0.004332738643715528,-0.005560786908609727,-0.004708806121447973,-0.020437793165066,-0.01199305665141226,-0.0028768521669193525,0.0021129240521189363,-0.005479076775563363,-0.005838724948713847
2016-08-17,0.003411804844762889,-0.0020365656098124685,0.0033222591362127574,0.0023094418848779164,0.002953569881463336,-0.0003838820714275881,-0.000755659230541883,0.0014821571086536256,0.01481392748762178,0.0036297077619904528,0.002088946155948568,0.001868558180106783,0.001448412698412671
2016-08-18,-0.0020401224073445245,-0.0005256404310252094,0.002830591753898659,2.3273945981117095e-05,0.001923983037537269,0.0007680589869301091,0.006543039389754757,-0.007969034608378944,0.012276214833759402,-9.273283669741783e-05,0.017826180132089142,0.002199594907937863,0.002694509936005396
2016-08-19,-0.008323192990995265,-0.0002784265804576247,-0.0025740711153715568,-0.0013033106417641438,5.878433985184728e-05,0.0020082119239182017,0.0019272857936172283,-0.008606839568510494,-0.012166206708905003,-0.0013292939285273198,-0.008211469259628013,-0.001440316046492529,-0.001225078543341973
2016-08-22,0.0044664768823010625,-0.0008664572728256381,0.0006407290072261151,0.0013632709180522173,-0.0007641514979328523,-0.0005999795751634451,-0.0006520605112155797,-0.0002893853455261386,0.002793735736208447,0.0002476396842594486,-0.00880054038405853,-0.0005632203382069934,-0.000395671355372329
2016-08-23,0.0003420473979964811,0.004831591173054539,-0.0017964497883390385,0.0011286944379800268,0.00037256362994630976,0.003665904533203923,0.007895080255774456,0.00040525675910396686,-0.004826368452030549,0.0011450499798841829,0.004400397203995432,0.0019517648352453953,0.0023353850416609756
2016-08-24,-0.0035658460336068787,-0.004453896774392341,-0.0016036777676806668,-0.01607447958436492,-0.002842189858282551,-0.005357870087558614,-0.011588010616948252,-0.0003472222222222765,0.0,-0.0012364760432765909,-0.0026945817582629816,-0.005240294480771901,-0.005370717741139286
2016-08-25,0.004166870925045307,-0.0036843245920926693,-0.0042119540968390545,-0.007938195478063514,-0.0008256015096713698,0.0012411234086111556,0.004912234739324006,0.004110223457218787,0.0003942906710827643,0.0028164654905600273,-0.0029156785755938275,-0.001365241054683275,-0.0009528914299327118
2016-08-26,-0.010154266744776486,-0.0027035425730267404,-0.004695761268930898,0.003512657474220582,-0.0028132992327365436,0.0014440525481775879,-0.0060613960763866714,-0.010781204958201118,-0.021125650323190914,0.0006172648992315288,-0.0033920773549594996,-0.0015788480393283955,-0.0017287630402385012
2016-08-29,0.010307753008482967,0.0030692051226124395,0.005492229845317054,0.002693498819369422,0.00522816501272505,0.002896701333503504,0.00947540983606543,0.007751486187201229,0.007851505878563314,0.009746769069430394,0.006650757012636399,0.005228119352340244,0.005374417771408124
2016-08-30,-0.0020014644862094144,-0.0056070701893357056,-0.005032415201117413,-0.004260153365521102,-0.001471973622232725,-0.0023666530944626007,-0.002176101854558299,-0.0032386790816031352,-0.010307219048380056,0.008003176833552228,-0.004177839959581764,-0.0019537878718389745,-0.001762097093529702
2016-08-31,0.00044022696145562534,-0.002483521289556756,0.001241967708839553,-0.0025670279520821904,-0.004953122235980878,-0.0014794786113306868,-0.009244189831391303,-0.0008123005512038484,0.0030678561336940913,0.0008788145095304234,-0.013698362830995015,-0.0023757880999210057,-0.0025188916876573986
2016-09-01,-0.0007822813279225738,0.0018163882060033831,0.0005213389422211723,-0.0020136307311028334,0.0005925925925927,0.0034998084046493627,0.003252513305736171,0.002729225945067082,-0.004145036017546011,-0.004026886278309272,-0.0026511029775446726,-4.145650521647504e-05,-9.941939075797102e-05
2016-09-02,0.006801389636443611,0.0014379718345083337,0.006648099901176874,0.00046562160484242554,0.0041259500542887295,0.0037039865587291665,0.008252284114353081,0.0030113504748667808,0.01236563485007669,0.0048639610883114415,0.008410862708535749,0.004201100024874949,0.004832262811462318
2016-09-06,0.009574261275272056,0.0015919838928688534,0.0025881302989736454,0.0039261080216710376,-0.002870399496696985,0.004704837993786182,-0.0017538731365096538,0.009064665127020977,0.01121666932779819,-0.0023294509151415843,0.015186387331562967,0.002981678730997528,0.002493568177320382
2016-09-07,0.003417898233283534,1.5582877534114914e-05,-0.009115186042371382,-0.0007964149440725654,0.0013407468748767304,0.002448691086259558,-0.0011062306816334022,0.0024031584368024994,-0.0011052777010224224,6.064649160064661e-05,0.003313503982017796,-0.00014635395704520882,0.0003355969677827364
2016-09-08,-0.012185760890424113,-0.007775734721226724,-0.004581551618815016,0.0011896264572923698,-0.0007876186350569414,-0.008826492067489311,-0.0044298231327970505,-0.0018265882755864604,0.0034775736020549175,-0.0010309278350516538,0.016686623662559352,-0.002223076078603392,-0.002447062538235345
2016-09-09,-0.03938805245264698,-0.02456223007459757,-0.02794072523148572,-0.0204372623574145,-0.028002207070507934,-0.023412390909437475,-0.028791100932438862,-0.034254017269972015,-0.037530027960461565,-0.018849025678382758,-0.02800045590972977,-0.024522073992573334,-0.025025223050901158
2016-09-12,0.012690227008443467,0.014441886300333273,0.018958313991273013,0.015756914119359644,0.013015712113532807,0.016975388938029967,0.009533434394475293,0.019954997631454363,0.017348608837970403,0.01150812064965212,0.008794559099436938,0.014677062331693191,0.014345426507588854
2016-09-13,-0.025811283075387048,-0.01506157948197051,-0.013831183030833194,-0.014879566271390865,-0.015410170712670368,-0.006318670776787161,-0.01915376401494928,-0.01991291727140787,-0.013835263835263789,-0.018227971985197544,-0.02861404936262535,-0.014830665480954464,-0.015202736492568758
2016-09-14,0.0028698816173833297,0.0003061602668428254,-0.002938078607461425,-0.000787945643872745,-0.00148383031485666,0.005766730598427028,-0.0022113356467305945,-0.0011254590688306587,0.004567699836867778,-0.0032397744618546387,-0.011487604954029784,-0.0005876766556026647,-0.0008531210009953272
2016-09-15,0.00459911083857123,0.006910660781597411,0.008061825864561056,0.01117338768379672,0.006819477241266858,0.01703461956869523,0.005966790548603829,0.010911462966257446,0.007023384215654405,0.006719379941869441,0.010935135680419705,0.01010927804983619,0.010225863506068578
2016-09-16,-0.0018820896281601662,-0.001599820820068154,-0.0029783244167448375,0.001091794742588359,-0.007683131482642103,-0.0032844235270430566,-0.0038299891540130027,-0.004282278406757767,0.009151380770005879,-0.009127033403700469,-0.008541720717664125,-0.0037722492851356426,-0.0037833051597843115
2016-09-19,0.009733972072163866,-0.0010575736696205595,-0.001456731389795407,-0.004122722914669197,0.003402677316163727,-0.00239883845716804,0.0019393691946514302,-0.006833981383292054,0.009947267497603107,0.004918854564822439,-0.0012077537792629656,-1.8698928551330596e-05,0.00070701357466052
2016-09-20,-0.0018169888457072458,0.0009624484689050306,0.0024006500221600557,0.003850967555598217,0.0012995979368883859,-0.00017718154780732576,-0.0031581092094540297,-0.0018388895479890532,-0.0019382144693643744,0.0009353078721745511,-0.008242810213829332,0.00029918845132592686,-0.00018167504390476097
2016-09-21,0.012135308691914704,0.009070367462059803,0.005581960871006819,0.010022058118346555,0.012877712431555333,0.010936570423159209,0.014988928632260201,0.012836512747370188,0.021005072923272028,0.006634480610496762,0.021194879089615926,0.010917112199498868,0.011164950535029305
2016-09-22,0.019033821251935867,0.007718328648339545,0.008921864981221939,0.007572520533637217,0.0071678846731404455,0.005534339197395655,0.002953515690552022,0.011324297365487235,0.005667261858551376,0.0027538832848565953,0.002169024734841818,0.006499870557343135,0.007168100952419154
2016-09-23,0.0028434160211785464,-0.0022693962460402783,-0.005047937245787337,-0.003451525503592845,-0.006480726795618508,-0.009613109691558708,-0.005019576347756294,0.0037131585054537286,-0.0012737378415932366,-0.006942944425587072,-0.012608712918470322,-0.005736778768866024,-0.005927600015859791
2016-09-26,0.0015643332029722234,-0.0111516530035225,-0.009289338248713475,-0.012258117900161958,-0.0048222182203813135,-0.0065002828943233615,-0.005313960918844285,-0.005433526011560663,-0.0020869565217391806,-0.015381269032378353,-0.004564924487702848,-0.00858783474770064,-0.008475759328321009
2016-09-27,-0.007467786021085554,0.00993562608820664,0.004900064474532506,0.007431785543322134,0.008062570371561772,0.011491052671543267,0.004057480980557804,0.0067418342438683165,-0.012470469772665527,0.008615520560482315,-0.0046060606060605025,0.006444247705139627,0.005913351301339631
2016-09-28,0.0053110400786822165,0.0030367734282323866,0.0011365511173031528,-0.0012710706691533291,0.006661746813730218,0.0031654280209192365,0.009968008082168911,-0.010391409767925297,-0.0029020745911604306,0.004662077596996106,0.04343237538561451,0.005296467941090732,0.005638646724785978
2016-09-29,-0.01257154038057029,-0.0053298011574183235,-0.008898980096314069,-0.01836477388966873,-0.007964969982762304,-0.005624914254355851,-0.007235503984528768,-0.0019250962548126305,-0.014513274336283133,-0.014886791865209026,-0.0008558313234265924,-0.00932130406149101,-0.009543881973992918
2016-09-30,-0.0052016248885367045,0.008196071592764698,0.00973636078112583,0.010287168302435479,0.008348479098843509,0.00556893437688144,0.007153892658023686,-0.002980887252323261,-0.007064176245210718,0.014258164458916811,0.012984737579816441,0.007967905240501505,0.008070020476171447
2016-10-03,-0.01812658732134864,-0.00045600352223418295,-0.006001390566106712,-0.0015231653054126326,0.00039614158100098606,-0.003841740258444415,0.0004335211925168281,0.000996599835854095,-0.013465171429719813,-0.004270307337447821,-0.0015758624003076038,-0.003260664031693561,-0.0035247729807234007
2016-10-04,-0.015874625957295718,-0.0032249437601270525,-0.009001214887898956,-0.0013212895786287593,-0.0077415011780544996,-0.001627767204247177,-0.015233333333333321,-0.01674963396778928,-0.021716101694915224,0.003192987948035908,-0.009585586972840843,-0.004955580233203749,-0.004956134215311936
2016-10-05,-0.019325912183055016,0.0038666708752881362,-0.001783160280104834,0.0031271800052921073,0.005726714023465362,0.0044272205081896665,0.006702095250990192,-0.017809279885639295,-0.0024572071134063567,0.015009205229818523,0.014070547079972906,0.004296695171798204,0.00441846920126121
2016-10-06,0.002102054758526428,0.0005188108227081045,0.0011722893135595047,-0.0038608186854032223,-0.0005753625776242499,0.002247555783085886,0.007498066642009249,-0.0008489993935719697,-0.00016700066800279245,0.0005841121495329116,0.0016865022326990609,0.0004815416741907885,0.000519885625162475
2016-10-07,-0.002254968797524848,-0.00439974858579506,-0.0018771838525016848,0.0009147809340395163,-0.01212927303767819,-0.0023297245443333336,-0.018088372713923273,-0.004430687059965965,-0.000709871388007266,0.000706670353642247,-0.004572674919165021,-0.0032534698278855467,-0.003637308391790106
2016-10-10,0.0050457269000316884,0.000915404040404022,0.00016758840288266796,0.004016547212468247,6.0285754476252507e-05,0.006880619380619457,0.004656379579905945,0.004145583125038099,0.00831557394174931,0.005004605465152023,0.015049588683016868,0.004605941292820992,0.005014542172299574
2016-10-11,-0.008524212948436305,-0.01138478034627377,-0.005771522192433709,-0.025104802970415507,-0.01000683197363661,-0.011757264575659399,-0.012855644642917441,-0.0019428085726429511,-0.011769581433899723,-0.010600922616319841,-0.01164530116831719,-0.012446502685264704,-0.012853008681768308
2016-10-12,0.0130808586950788,0.003907745310705479,0.005055990412344169,-0.005553234882178182,0.00168466347324836,0.0006023869583222652,-0.002398985571815504,0.0059006022264129765,0.009896838044116452,0.0014821219045264566,-0.00409993102919759,0.0011466118788989732,0.0013141667172114069
2016-10-13,0.005206435153850109,-0.003209354792583552,0.00013042182143374603,0.0006053717476712794,0.00022289315312762348,-0.006170749143996623,-0.004912569995533911,6.047411707776895e-05,0.012582011460842146,-0.010976136153419302,-0.006598437920818823,-0.0030993184304264343,-0.0034123490691757574
2016-10-14,-0.002745118350857223,-0.0015939049076332257,0.0008755751783751098,-0.0068279191515105975,0.0018232648596085976,0.004644177740759092,0.003624939584340181,-0.0015722319646851446,-0.005536190280910347,0.004956668121454122,-0.0041054241948914605,0.00020163653841631657,0.00016208440545417702
2016-10-17,0.0011945569751741214,-0.007742780057152898,-0.0041693035029595205,-0.002026405430269218,-0.00214349267977032,-0.0027258909392391395,0.0007567679130406901,0.0018169705045121276,0.005484536082474234,-0.0040636535657784245,-0.0044140237618370826,-0.0030380031692749387,-0.0028765319558390345
2016-10-18,0.005446905638844202,0.005856421147472313,0.002990542409629482,0.010688259109311815,0.0019251813723504263,0.006524751228114356,0.009383700546523377,0.0014509400882656287,0.008202436123528667,0.007662119230050335,0.0037109374999999556,0.006160357394780158,0.006054080409564566
2016-10-19,0.0034052213393871433,0.004958571931283906,-0.006652752413253471,-0.003438798022999401,0.0032968588823041323,0.000162687090153657,0.007253286113192203,0.0018714156353758504,-0.002155961436765219,0.008438427299703344,0.01360186806771746,0.0021919985043934442,0.0024232143938935913
2016-10-20,-0.0034450843274371756,-0.0014643152734449272,-0.0015195572647968003,0.005033764563286969,-0.00532215143940018,-0.0023272982069794113,-0.0005747320734305061,-0.02012533140515793,-0.0006522625356707445,-0.00018390804597701038,-0.0009214997408282244,-0.0013757467506726462,-0.001732438911383749
2016-10-21,-0.0011867292709354382,0.007682989033409804,0.005035322410942289,-0.008798808776657951,-0.0016416700445885946,0.005744027089734649,-0.0010824707394627708,-0.023244373385807426,-0.005262299094395018,3.065697906134979e-05,-0.006859975788320649,-8.405951413614776e-05,-0.00020179598425995593
2016-10-24,0.0026862279161068425,0.007181498940175279,0.007178643535481921,-0.0013780945050033688,0.002598509916969638,0.012158168418689996,0.002472062309515577,-0.00793251070259371,0.0038958376050852728,0.0038626609442060644,-0.0016059128550423019,0.004749761811354558,0.004884448481178749
2016-10-25,-0.002472952086553293,-0.011873350923482962,0.0029512213230380446,-0.003095667309007233,-0.003988903962581336,-0.0035235560812141298,-0.009931425868999755,-0.005584465033633856,0.005187908496731897,-0.0022598179930372053,-0.005271215674114926,-0.0037976507555791406,-0.004258139675015538
2016-10-26,-0.012756946596426011,-0.0042755419924978,-1.8506523549510767e-05,-0.006921407727034756,0.004147184387070624,-0.0053163868351426835,-0.0010576955883858652,-0.005807275047862159,0.002194497500711323,0.00618266405484813,0.0028443959555028986,-0.0017404206872095873,-0.002158345940494133
2016-10-27,-0.024483390007847272,-0.00865165131610468,-0.005052374430913886,0.005274327837148984,-0.00730857998947243,-0.004437428528812126,-0.0006489514311086575,0.016111432055972985,-0.005312031142289508,0.0020685039849122067,-0.003302574065080277,-0.0029867768517781723,-0.0036791461146599147
2016-10-28,0.0028422802595591268,-0.0022542468400289506,0.004687412808541458,-0.021748635245031234,0.0064446393245365385,-0.0003620700418254241,0.0015721658293175178,-0.0027163613392293673,0.002649816551161699,-0.004037399065023539,-0.004444011304940987,-0.003108239882983921,-0.0028811427180132076
2016-10-31,0.013796791443850376,0.0014040183974823872,0.0021106030029807155,-0.005529306601966599,0.0019250643376764742,-2.4979392001522882e-05,0.0006483535232895132,-0.000506746056882279,0.01984143118520043,-0.001036301014965324,-0.011512030855375222,-0.00012227181023405365,0.0005290574637799583
2016-11-01,-0.020255301192108943,-0.00839618384580676,-0.004729617381343809,-0.004828126404458288,-0.008130410160990142,-0.008193445243804942,-0.004569635793207016,-0.010330185689840898,-0.017661364270621593,-0.0039054157131959144,0.0009507021331378596,-0.006786915316417175,-0.00726052471018912
2016-11-02,-0.014482610100139959,-0.005753197575205982,-0.0017449091347850887,-0.004851550302576779,-0.0040169650503650844,-0.00676254281684463,-0.005823912298732359,-0.01216700819672134,-0.01282467532467535,-0.007902716941832422,-0.010111403526129381,-0.00652548633341532,-0.006862925859914437
2016-11-03,-0.005408358372029576,-0.0024682478709319167,-0.006452572661174938,-0.010269043760129604,-0.002804790664346357,-0.00997831902727242,-0.00010337698139206708,-0.00032412809542314847,0.0034122677191250617,0.0014511099447342968,0.003698076999960165,-0.0044233867508127744,-0.0041874664796401895
2016-11-04,0.007634845655278388,-0.0021793989447121964,-0.00984465655998501,0.00758518596151081,0.0017040321918371237,-0.004008503662722207,0.0034117930868111657,0.0002593865508073723,-0.003605523005695055,-0.004686151190035903,-0.004839576985122829,-0.0016661400132141901,-0.0012428793371310753
2016-11-07,0.017497955846279778,0.023056837403314212,0.0174466959020112,0.02430049927189515,0.02447172634297301,0.023324889740391708,0.014322022255804256,0.008557536466774707,0.0177638883177762,0.02605005575517283,0.021813960934998322,0.022223501088635134,0.02219226381831385
2016-11-08,0.005839494267652512,0.004783536927942089,0.004533041038883967,0.0020817202117262568,0.005861758527558214,0.0046993780234969584,0.003284461449903686,0.0063636947997687265,0.007070421397115334,0.0015094339622641062,-0.0001762701241724285,0.003771956162738288,0.0036319366947346055
2016-11-09,-0.022849533954726997,0.0018372074446839637,-0.013260342882506437,0.03430236240420537,0.02358884601615019,-0.0024012306306983033,0.021262234222072296,0.008686765457332601,-0.0367888951295835,0.04069329314242642,0.015161903269407917,0.011077043878180648,0.012170467410642205
2016-11-10,-0.015207674697481854,0.0033168553659701505,-0.02794542114930454,0.011916279867243196,0.020558060003109002,-0.015921370993017048,0.00991407799074695,-0.023302938196555045,-0.024657420134116426,0.03704561911658222,0.0030874322212146588,0.0019507595018628532,0.00267646706347624
2016-11-11,0.0013837383074113419,0.006405162274706999,-0.0016003702061200276,-0.014946869024278109,0.002874985720269674,0.004739034612787796,-0.013154450261780193,-0.0009076763485478256,-0.0038433616603321674,0.003882247793542515,-0.01658234422792082,-0.0013979367745031723,0.0002788844621512965
2016-11-14,0.01901392880831332,-0.0006317019630139864,-0.0027037466203166938,-0.0032681746139007206,0.004138742809408846,-0.01711699146686274,0.002122156641687356,-0.008760545100583994,-0.002314914048098804,0.022869543443786,0.0035014964496000722,-0.00011550278361704969,0.0015533516549171011
2016-11-15,-0.006509004122369322,0.003397544286594778,0.006951975213013162,0.0027858243451464038,0.0033086914597946215,0.013106464221674718,0.004202236781152724,0.021014729950900257,0.016972457354015535,0.0005439956480348673,0.02684210526315778,0.007480824323075508,0.007098544500119264
2016-11-16,-0.0011465385455340371,0.005449162151946352,-0.00011538683436229658,-0.004769455814925494,-0.0066520936192665525,0.009231552810848642,-0.0011532505189627562,0.01038727878943324,-0.008196721311475419,-0.014163381813239173,-0.008751447500806808,-0.0015822857378724464,-0.0013820608501647902
2016-11-17,-0.009784094014758105,0.01217067134488281,-0.0016733021752928234,0.004397070266665137,0.0021247130688824,0.006939187484229059,-0.0004948208748432048,0.0021576342175402274,-0.0007242055039619055,0.012491727332892166,-0.00676037996016543,0.004676288735564471,0.0047845943968840565
2016-11-18,0.0018767939942592182,-0.00332719478791077,-0.003853119099911373,-0.011387252671577475,-7.57217226691198e-05,-0.0022302969552687735,-0.00198026337502899,0.005319148936170137,-0.0033252334058063715,0.0008442955579159861,0.004608294930875445,-0.002386700318226631,-0.001967690521634813
2016-11-21,-0.001707988980716224,0.006303956276007883,0.0071751827640893495,0.002972895650118934,0.004979080290036242,0.010661543098251736,0.012500413373458308,0.006424792139077873,0.010907224432182838,0.0031022096440622704,0.021995316878430815,0.007461386864659136,0.007294808856292301
2016-11-22,0.016888349246647172,0.012328344391297597,0.005088618776043052,-0.013989483083639342,0.0048413834677114576,0.001205253413849361,0.006303687493875998,0.020778570534484953,0.002581027333502517,0.0010308719006022482,-0.00013146033653854694,0.0021654277629676866,0.002916364917500136
2016-11-23,-0.007001356852103124,0.0010059595482325712,-0.005827060486798263,0.003823706983296482,0.00789261543653108,-0.005224751172776543,0.0047062641999351396,0.0077866339668914986,-0.00907364422874013,0.0055284552845529245,0.004470239101444395,0.0008080111124224576,0.0012490241998437401
2016-11-25,0.004372540445999107,0.002740768937951943,0.007898226262082808,0.004122393744987907,0.004873330605260184,0.0037551305562832926,0.0031012760458730693,0.010525034982052706,0.014267461669505987,0.0024525657611038643,-0.003926774995792526,0.003914329257229898,0.0038788398565414717
2016-11-28,0.0030474531998259113,-0.008336496849138286,0.0016206528370958928,-0.008547861786690314,-0.007367096105434623,-0.0009321633647368932,-0.0049273775401758035,0.008127633955448577,0.019777451186227202,-0.013899717703992565,-0.013103305862696923,-0.005254478505433036,-0.005669572646253562
2016-11-29,0.00672743055555558,0.0018221909166080685,0.0002474634991338487,0.0065448320998842124,0.0007645545071419679,0.0017541022355471725,0.0008414784128423225,-0.0031054045983874845,0.0031705509346948713,0.0023719941109112685,-0.011546289779536312,0.00133531965917566,0.0012887856124659258
2016-11-30,-0.012341021771933525,-0.008712265953381815,-0.016461766832870373,-0.009490821787625725,-0.0005776361637503946,-0.011611445035020651,0.010735997930410024,-0.02120649373989114,-0.03181053236465137,0.013300693594451296,0.04816796243553223,-0.0026534703763845258,-0.0026327593267936322
2016-12-01,-0.01560539095323843,0.0008634646519158906,-0.006752965306398684,-0.007587138474745347,0.007793273174733217,-0.02286748168716779,-9.598157153833942e-05,0.0029377562886345743,-0.009030015261997648,0.01658882267675965,0.002717241632548273,-0.0035155379500729778,-0.0034609518595284383
2016-12-02,0.011529294385012046,-0.005607678205542976,0.007032650198706358,0.0031165725334554306,-0.0007030007030006669,0.004346204785968588,0.00035196621124367056,-0.003478366998230231,0.009197860962566917,-0.009426489226869617,0.0010802892978121204,0.0003970644613615626,0.00045129010104982825
2016-12-05,0.007562058194969579,0.009760329682247049,0.0007544541814175076,-0.0016105101639678487,-0.0011848341232226778,0.010344783438104077,0.007964431934493366,0.00012247397428044593,0.002161933022467144,0.011622017859522993,0.0071880601382741105,0.005821300668354734,0.006609398289793678
2016-12-06,0.003154402567030923,0.0031452813108920896,0.0032668367741435222,0.002426012955671464,0.002520759193357147,0.0019134511816512045,0.000729857519119248,0.014633847661033705,-0.002495664312000323,0.009538615583252197,-0.001016942996712955,0.0034108794353906458,0.0041110569897711
2016-12-07,0.022119815668202758,0.018537212076718435,0.014778135296044326,-0.008223413286704395,0.01780431888773859,0.01895884450965024,0.014776763064434206,0.02359543781304696,0.012127894156560126,0.015764883981938205,0.0066713929941284444,0.013163188276083426,0.012961813101521225
2016-12-08,0.004614650188298874,0.0006156710814788635,-0.004499886078833448,0.0016736508585444287,-0.0050316978801474566,0.0035499286290572307,0.00690581838635107,-0.0028298549699329323,0.002471928942517243,0.009173368964719764,0.004767236086532511,0.002159412853860454,0.003294766684545314
2016-12-09,-0.0007919746568110231,0.002055976588879682,0.013579752436535752,0.012333711720214913,0.004801548179793391,0.007000531842525026,-0.0005586072060329572,0.0025422726735249146,0.010364859781836433,0.0012731068900544429,0.004115596132418187,0.005938945503274562,0.005231403696349446
2016-12-12,0.009458388375165105,-0.007997364164619936,0.004948911427657521,0.0051026836336147685,-0.0037429365699439554,-0.0038935357480623933,-0.004098742431299485,0.0108509759981128,0.010175801447776633,-0.009129284915064706,0.007195145961232052,-0.0011374046815045835,-0.0018233618233618465
2016-12-13,0.0021984924623117408,0.008273196654488446,0.00428790772572385,0.006693826386712676,-0.0013313636446533605,0.012305795314426549,-0.002244878870077738,0.008925966979756117,0.010441832848777644,0.002104452713974192,0.012652604268476919,0.006539770310506121,0.005993834912661367
2016-12-14,-0.0191684947247468,-0.0065133411193962765,-0.010403654330194856,-0.004233647536390661,-0.00975199970780527,-0.002497015761650845,-0.011999625011718251,-0.010176939979183453,-0.02042470416599118,-0.0057110661510487715,-0.021233657980170295,-0.008117197541950394,-0.008606177533148074
2016-12-15,-0.007135630225251655,-0.0025319889677622998,0.004860862520489118,0.005889782290637635,0.00029507229271175106,0.0035167840963208352,0.0071164247082264875,0.006601238462437209,0.006164156875724025,0.010148361838038245,0.004087852980726003,0.003883228005396644,0.004044720876101859
2016-12-16,0.012067578439259874,-0.004547995708867769,0.0050810912158993915,0.0014172053704624155,-0.0015855457227138547,-0.007519986371545717,-0.004019847999497617,0.006383843073530127,0.012376135849677228,-0.008796980978122315,0.005624698676856665,-0.0017506399119374683,-0.0018431953787102495
2016-12-19,0.009644939056703938,0.002079475425761146,0.0014923702570608377,-0.005139409588598931,0.005927539978579643,0.006142491080514345,-0.0012928044396794958,0.010726025027391728,0.0037364958167491746,0.0009775422529776367,-0.004900742213857057,0.001975138060378967,0.002360600810980662
2016-12-20,0.0007348309888723925,0.007846226086429597,-0.0030361733040270567,-0.0004616920389318713,0.006241395135383243,0.0031804445310976703,0.0008208884538880579,0.005648428139441997,0.001173423970219467,0.011230757369381505,-0.00210556368437953,0.0036375208284531446,0.004007369000816663
2016-12-21,-0.013217245358229324,-0.0004959646512466831,1.8683556601839513e-05,-0.006004768860092602,-0.004031743136002741,-0.0017856058305496525,0.000914855358213007,-0.003687734029274803,-0.003758638806935277,-0.002414353969706351,0.0016272083541948312,-0.002457327062305281,-0.0027428874092008115
2016-12-22,-0.0012224938875304847,-0.010089618669553602,-0.0012704581122487957,0.0016452739192684973,-0.0023812140528264303,-0.0030665141522061568,-0.0047907211296015495,0.010193041398553593,0.0034077079107506236,-0.0026494790207116647,0.004516647326608947,-0.00186298660592088,-0.0024469356399022812
2016-12-23,0.0006386035868235496,-0.002430392052617969,0.00144043699491192,0.007836695798277171,0.0006977085781434411,0.0007079559602569674,0.0013617937674184066,0.0009582863585118062,-8.086035416843274e-05,0.001404889013767896,-0.00199047415938014,0.0012516807020026555,0.0014641566837800823
2016-12-27,0.0026591501356165725,0.003502200295402824,0.00018680066501008952,0.0013436512478539608,0.001559575795383683,0.004464285714285587,0.004649103387204034,-0.0011263163822716749,-4.043344654691694e-05,0.0011988572594632263,0.002350594771707515,0.002248441772426002,0.002506313251182002
2016-12-28,-0.008645838858537092,-0.00628195985008273,-0.006107240909175804,-0.007231071242203679,-0.009874145858904115,-0.00874316939890718,-0.010136624063464161,-0.003439138523989471,-0.009785289717358814,-0.010318208453287792,-0.009771176805002835,-0.00835654596100277,-0.008655466959601621
2016-12-29,0.00888175494917065,-0.0014964345157202352,0.003964972940469158,0.001001201441730215,-0.000388543516874007,-0.000404263138551908,0.00015901284823827133,0.004073319755600879,0.012822083384376626,-0.007285177367039042,-0.002422046000932987,-0.00029334376333378653,3.8210232700564006e-05
2016-12-30,0.008856597369537589,-0.00931320823966586,-0.004641847754880524,-0.0036632326465293463,-0.004072038055046412,-0.009828792725222746,-0.007408820630226631,-0.004901960784313597,-0.004838124420432965,0.002333843321318252,-0.002751650090822344,-0.004637080639855018,-0.004585052728106498
2017-01-03,0.003942595805078053,0.006159118273594277,0.0028770755373364043,0.013966445395339422,0.006634824465218125,0.008874311529178724,0.007047667862634555,0.019024970273483932,-0.002998014828019313,0.009779318552247007,0.011541929666366135,0.008486575577422162,0.008214340549669963
2017-01-04,0.012409676405906511,0.0133014221935841,0.0006750168754217079,0.006955101232612337,0.005317184846023171,0.0035454902345666284,0.013869449039318082,-0.002944935266988913,0.0033321142671380866,0.00858292126771043,-0.00285255838830456,0.00572230858833489,0.006814893779029774
2017-01-05,0.0051719679337987046,-0.0006510416666667407,0.002548343576675105,0.004830027284123739,-0.003654594872548267,0.0021515629393282776,-0.002635542168674787,-0.00044583147570209647,0.0009720140942044431,-0.01016105268505818,-0.0032540675844804356,-0.0007706704833204681,-0.0017205520892417114
2017-01-06,-0.00020581425263699327,0.004333005075373153,0.00044856459330144816,0.003253464450396759,0.005437487327889734,0.009551459555729114,0.0,-0.026706066012488927,0.003277361925955846,0.003823846430221156,0.0001614407691756803,0.00351696782723665,0.0028788424023182824
2017-01-09,-0.006433019401986484,-0.0006637401758911032,-0.00687490659094292,0.004449862846693131,-0.006893011659455883,0.0019453842435959157,9.437523593813779e-05,-0.011342155009451793,-0.013066623648975706,-0.007797520132941216,-0.014778413472747887,-0.0035485599346501973,-0.003984816150780945
2017-01-10,-0.012897544804723937,0.003985086117107128,-0.006000752445447843,0.0033499211069303314,0.003156612272022352,-0.000747699617708375,0.0006605643106538661,0.000521467060663916,-0.0027378228179143482,0.003864983251739229,-0.00950248484517513,0.0,0.0007773985589685228
2017-01-11,-0.004827622395969899,0.002210160725293564,0.0024223614238945146,-0.010427503447608455,0.005594096755792144,0.006565370086532463,0.008393059222934873,-0.00486448922863103,0.009711124769514301,0.00459445585215601,0.012019628383966419,0.002829564987438804,0.0028987703908605056
2017-01-12,0.0039546533087266855,-0.0003150409553241973,-0.0006230059091166806,0.0007090117842649679,-0.0036049554412868057,-0.002733714614582161,-0.002119766825649183,0.006284916201117152,0.0012580147715282042,-0.0073839392932879555,-0.0048124943248887275,-0.002144753265474808,-0.002682585861639164
2017-01-13,-0.0024159663865546133,0.003061362306226112,-0.0003400332476954926,0.0010749798441278546,0.0032506887052341504,0.0027291854523594505,-0.0021242697822623224,-0.0014457552625491976,-0.001661735500344541,0.005482625482625458,-0.0018978102189780577,0.0018498617008155804,0.0023109562054857147
2017-01-17,0.008371064546699003,0.002214209841265191,0.01347367625382656,-0.004490543014032844,-0.00783495341131668,-0.003573055802019165,-0.0033810224462322847,0.0038223200324318807,0.011570315037349843,-0.022809308040857013,0.006271025303495659,-0.0029675025498540064,-0.0037419208527044168
2017-01-18,0.0017751788231608057,-0.0019256892922717705,0.0026850142641383634,-0.0012502757961315725,0.00370855550840421,0.0032730073161340023,0.005905449976441046,-0.00773091790226732,-0.0016454629369506701,0.007885360997589741,-0.003379421864496135,0.0017637539739581154,0.00206768343576913
2017-01-19,-0.009902538176890685,-0.0033652408016751068,-0.0037006043700604785,-0.006259204712812827,0.00588235294117645,-0.002518710420264858,-0.006214283483746086,0.0032560032560031704,-0.008683068017366069,-0.006004210745197969,-0.007255756294095139,-0.0036093296770529637,-0.004126833885470749
2017-01-20,0.0068431857661737094,0.0024161476701434204,0.006831417052411526,-0.0029270100037050995,-0.0003654970760235132,0.0051824062717937824,0.008672699849170407,0.008577223993045502,0.0015004055150040774,0.004706866795669784,0.005252042971260806,0.003366185299223723,0.0035166422719408175
2017-01-23,0.005855596800334428,0.0006587220791662851,-0.0011864595306069203,-0.004471529609948899,-0.006965265082266803,0.0006339940428483626,0.0021495327102802886,0.0047692926506925915,-0.0048588897436935286,-0.005829993233043562,-0.011179919986847198,-0.0026900775323491777,-0.002670859221094002
2017-01-24,0.0,0.008153800119688803,0.007591224618582748,-0.0065072413278256525,0.01016219002558949,0.010292887029288655,0.02533494979638773,-0.02670707994967414,0.0,0.012147232839415656,0.009828372960889897,0.006564541762317022,0.007502231676511428
2017-01-25,-0.006133374915536005,0.005846998590190555,0.00016578554718438276,0.008641310473518793,0.010369776384611118,0.010720497923347283,0.007154984234780448,-0.0023503143545449134,-0.00020344224274737588,0.016450261238425412,0.005616435850057444,0.008026069375062894,0.008087320438864287
2017-01-26,-0.0003660896396633362,0.0023163516723470057,-0.004125534109326701,-0.007089732924421721,0.0025974025974027093,-0.0020838943067539306,0.0023780854906683135,0.00023558513457810903,0.0002848770958814306,0.002951804163061622,-0.00012734681996784403,-0.0007353037152416642,-0.0010846189808322304
2017-01-27,-0.008946322067594381,-0.0029733867169100536,-0.006306406273117515,0.008040716286514593,-0.001889032815198699,0.0033083447717594527,-0.002852938526682447,0.006889242183359734,-0.00016274055087672767,-0.0043131882072360295,-0.009443059624097194,-0.000866468119198105,-0.0012730029765803952
2017-01-30,-0.004909465237818766,-0.0008119998818910679,0.0006141705905344796,-0.0041433551252311185,-0.007624506570053535,-0.008196817156020164,-0.010420431273340691,-0.004678362573099504,0.00040691759918609627,-0.007058403832432947,-0.01755997208037907,-0.006009526341248739,-0.006410616881291076
2017-01-31,0.007904509283819694,-0.0027778188212000954,0.0034781638270962034,0.014063804078378483,-0.009317785527462985,-0.006095260551756798,-0.006360703633818132,0.0013513513513514486,0.01614805775879602,-0.0068262889111300185,-0.0009722170287551624,-0.0008899995615766487,-0.000320712358745201
2017-02-01,-0.01142165377125115,-0.001733564475263294,-0.005690348649700527,0.007112497850281452,-0.0014117301945253402,0.00749676761206608,0.0056969585592208105,-0.007099689021885847,-0.017292450564406314,0.00036174775845587703,-0.00750458509563201,0.00029839350204285964,3.7742970371734685e-05
2017-02-02,0.012458737088701932,-0.0007569685635407941,0.007922600850048367,0.0012685247301336133,-0.002662211287775773,0.0002472478954493873,-0.005268768082838493,-0.012528069968088862,0.0095723014256619,-0.004339403332041747,0.00588312937227764,0.0005702879954376794,0.00039628623188403544
2017-02-03,0.005626840555321699,-0.0010843248221261703,0.005289537442896952,0.0059082215643997404,0.007750225511312214,0.006815292622063263,0.0017757638846365165,0.003889886295631362,0.001170062537825256,0.01987184476094117,0.008604367794544876,0.007264835478001608,0.0079791749193594
2017-02-06,-0.0059091146786591775,-0.0030185873605947933,-0.004231441449728535,-0.0004723036306827355,0.000493222754009981,0.0014029344712689351,-0.0025977995110023633,-0.00804769001490313,-0.0015313935681470214,-0.0034848523389209296,-0.008865511857854447,-0.002115416423640437,-0.002526386705591799
2017-02-07,-0.002104155707522426,-0.0013721717601087313,0.008240184757505764,0.0008965893257406599,0.0016615238547352806,0.004121183818808216,-0.007874980848782132,0.00042067307692295053,0.0019777203745561245,-0.002399428221359967,-0.013726630037316778,0.00022682067208701362,-0.00013132961858119963
2017-02-08,0.008856088560885711,0.006153386602942179,0.004013120521888736,-0.0014042053529277343,-0.0011666059059424194,0.00166263603385719,0.002254617332756892,0.0030636150657774586,0.009103726082577923,-0.007548231922624216,-0.0007034889248027643,0.0006933905489561187,0.0006004428265844464
2017-02-09,0.0035008882850873224,0.006843113096916875,0.0038328162073371086,0.004364006642987972,0.007391050441637903,0.0028554514747363147,-0.0003697882962004906,0.004970655168283766,-0.008382898886271972,0.013715935751669406,0.009284980402602727,0.0057524611382027135,0.0063946292615233435
2017-02-10,0.0056235355376204055,0.005440231172967103,-0.0006363636363636571,0.0011948873305733798,0.007481748519048592,0.00221072490942964,0.009155645981688831,0.002562421786544311,0.006159172336057228,0.0023907016963808925,0.0074652188666439745,0.0035660587468098193,0.0038571188998826056
2017-02-13,0.0048671879045203426,0.001026438113113315,0.0004912216865278207,0.006449512971356874,0.009889596144855517,0.006490506767681481,0.006476050830889646,-0.012601046124583903,0.004080979435064469,0.011138456854337342,0.0002806781183339879,0.005245887483269263,0.004956008464194195
2017-02-14,-0.005255835523264696,0.005873994755885015,0.000891038696537727,0.0073065267646459375,0.0006053699878927343,0.0028456683878370637,0.0009105256768240366,-0.0010835540573079783,-0.007291998724896498,0.012395864699387804,0.001272050433058336,0.004007301621389514,0.0038233501412978654
2017-02-15,-0.002952602952603023,0.005038737111900726,0.008230228375211368,0.011688883075495982,0.004715470301434266,0.003958900661342302,-0.0016071320274121392,0.002651560805110309,-0.003853409866334867,0.0074356813562683755,-0.0035310602522186096,0.004992342508064018,0.004839184514609629
2017-02-16,0.004312136325852034,-0.004433882980264814,0.0007027786787761059,-0.0014339445228019887,0.00021252855852504915,0.002108406272793406,-0.0005466970387243419,0.004567856713547203,0.009469315388644928,-0.001402352014958419,-0.013668066596670081,-0.0008641055656061214,-0.0008972551317499855
2017-02-17,0.00279344058765707,0.0029108691855388447,0.006626690436317029,0.0011299701028741893,0.001735281097830832,0.0024906458620024274,-0.002704591728203698,0.009034342467392653,0.0006386715631485629,-0.00029564660375969165,-0.005265458969338832,0.0016785814708464297,0.0015212052344122373
2017-02-21,0.013309259736909995,0.005993498577813838,0.010053487415252027,0.004691137395066658,0.00479027097732132,0.005229840722421386,0.003747943201901416,0.005988734064630741,0.010810595181107274,0.004633166572196146,0.006841200076437959,0.00604807839534538,0.0062951779668769525
2017-02-22,-0.0030545232398309086,0.00023081028836857698,-0.001275171351150406,-0.0014159830550125596,-0.002902681021743847,0.0016025460167703454,0.002762514799186322,0.0005894141223623528,0.004104345080705674,0.0007359254262235826,-0.015810051624658428,-0.0010822785345272479,-0.0013639091454654695
2017-02-23,0.006332022672726145,-0.007023667017609703,0.002464932347360449,0.0074180846575726545,-0.007710086628204493,-0.0011154803889533715,-0.005721724388471738,0.009601790763430706,0.01049404551350075,0.0009314867018017647,0.005052550380869825,0.00041899086684549225,-0.00020031321703029015
2017-02-24,0.004769878723296372,0.004255628177196824,0.004121705289227062,0.004292444599546474,0.004711781231108603,0.001974010738618359,0.0024053831866761577,0.007176614738316323,0.013885647607934537,-0.007542918717703739,-0.008903045071665616,0.001493351834538359,0.0014389013350819546
2017-02-27,0.004848239987879532,0.00036156950088939155,-0.005496538237936721,0.0038686959946254706,0.002937689135859234,-0.0006867281344636877,-0.0035538545653363007,-0.012165450121654486,-0.005754402117620017,0.004540407156076398,0.008673261959615264,0.001018020225231675,0.0016550871194207506
2017-02-28,-0.0028647534804241426,-0.00646252602359465,0.0022674531894917305,-0.002388424793464683,-0.004834753762814725,-0.004066872451163772,0.00024386526444142298,-0.004398311048557368,0.009376085195045736,-0.0017440860743324071,-0.0024375731751788976,-0.0025783310475788745,-0.003631543587601871
2017-03-01,-0.0032762096774193727,0.010069702128898017,0.003799996465119637,0.010409317495749582,0.01643646163939083,0.014761608506306256,0.01822448419833611,0.004594451316487058,-0.009862385321101064,0.02844628180520692,0.02051025512756377,0.013673825117192173,0.014068849889745438
2017-03-02,-0.0027307206068267753,-0.0014838718971950104,-0.00017607493749338676,-0.0023007978388526196,-0.00968147088581095,-0.006732805707279077,-0.010535452395917577,0.0005277044854878898,0.0074125550150567765,-0.01469110398621809,-0.008484162895927572,-0.0058598641045760624,-0.006469583969808679
2017-03-03,-0.0039551746868820015,-0.002120906074159601,-0.0038743307974078434,0.003946764570903927,0.0007398143418293479,0.0018853949229009626,-0.0012704558516590803,0.00017580872011246917,-0.0034873917375642938,0.003933948518698438,-0.0036508841985167795,0.0005037952576072424,0.00041602604684820577
2017-03-06,-0.0040217889324442035,-0.0034700634732443003,-0.0043490559366382575,-0.0044340830133479114,-0.0031858905532183845,-0.001635414566391158,-0.006602659236151109,-0.0021093338020741204,-0.0018459408529784005,-0.006264815441923588,0.0029581281728310316,-0.0032772164221692712,-0.003634193968322874
2017-03-07,-0.00327131465957875,-0.0032935304615294703,-0.0011008913668809628,-0.00668074750906833,-0.003196072891651469,0.0014585764294050563,-0.0056709046007500374,-0.007339557277905029,3.852822192262906e-05,-0.002872234257478734,-0.009038494472247027,-0.0029133039476952893,-0.003266372693124464
2017-03-08,-0.014871794871794908,0.0031297309887037272,-0.002861916951080623,0.00308549240760847,-0.003507466652495128,0.001008312980349091,0.0007052402416214409,-0.004140541819472321,-0.015410695022345489,-0.00012205541315746249,-0.025423403356503615,-0.0022842521713062336,-0.0026034554954756928
2017-03-09,-0.012805830296720555,-0.0003192523689977689,0.002174881896782166,0.0059907143926913875,-0.004604198887170341,-0.0005819940009849089,-0.004136536340237806,0.004038964124494893,-0.00238691501017374,0.0030761718749998668,0.005910864168341412,0.0007998374933346764,0.0002738025700934621
2017-03-10,-0.0017401392111368041,0.0013499978225841591,0.004429265168899077,0.0036302836660138116,0.0066614280101437995,0.005162605267873266,0.0041844866311806506,0.006684808329389558,0.008040792312218104,-0.00034074867351407967,-0.0007638970501822051,0.0032686786165836423,0.0033394769977554972
2017-03-13,0.00036976387935139243,0.002000521875271888,-0.0013459426911769379,-0.0015404276683630425,-0.0009225255912146402,0.0011586840023618539,0.003002726966326641,0.0015278838808252537,0.0023346303501945442,0.0005356447214646121,0.00043124571204544715,0.00036668633566550035,0.0005820086573786742
2017-03-14,-0.0015313127046150399,0.00020254629629623544,-0.0016669622273451923,-0.0032570311875022018,-0.009144988013850663,-0.0025483802762042984,-0.008156407514892328,-0.004870034618318475,-0.0008928571428572507,-0.0011680537304716854,-0.01105080627779842,-0.0033790189048102937,-0.0034536663394771905
2017-03-15,0.019144322809244274,0.005077096652877033,0.0075138553360807325,0.011832419913320624,0.011111111111111294,0.006013477329525063,0.015769372921029978,0.013620283018867863,0.016396627423553634,-0.001339960044827615,0.020803201711806274,0.008374727853051489,0.008901211148402144
2017-03-16,-0.002905920813657814,0.000489314240483596,0.0004760309596432144,-0.008974504249291693,-0.0036334633108827674,0.0023178183673242536,-0.006306852637962379,-0.003199348496306098,-0.010856684124010751,0.0031470322753774926,-0.005803233507365668,-0.001626657052061442,-0.001410182238935409
2017-03-17,0.0018214936247722413,0.0009062270746127421,-0.0016388820357383649,-0.005305403736650671,0.004429422751934586,0.000641734897101065,0.00506529964603919,0.005485527544351054,0.005758454106280286,-0.010554474708171169,-0.000819928158675598,-0.0013143639402364293,-0.0008509251547960117
2017-03-20,0.0012987012987013546,-0.002471903653243679,0.0011649868497698446,-0.0021035933512656424,-0.0019304335505809789,0.0010283287998407165,0.0038860890157266237,-0.0036564132327336907,-0.006762988011066673,-0.008946566386471955,-0.0012504396076745694,-0.00200988121517931,-0.002373747440520546
2017-03-21,-0.0015564202334631405,-0.0123901455121741,-0.0017983391808743532,-0.007856147262443769,-0.01526040280365526,-0.014735284046348718,-0.01669388495735813,-0.00541737053649427,0.014043639740018543,-0.028694013193790058,-0.0070425290504323446,-0.012407993359932812,-0.013350043591978888
2017-03-22,0.0018186541958951086,0.0012107950401167855,-0.0013953406220745812,0.0007662924218325706,0.00376610505450925,0.007959908965548212,0.0026757704373501223,-0.01019093358322598,0.003815192094921871,-0.0019915741095365425,-0.0010441703770833755,0.0018899156150544716,0.0017488632388946712
2017-03-23,0.007157676348547692,0.0019087028106012927,-0.002511585128585958,-0.003642902720575547,-0.0014720666379433034,-0.003225555296028193,0.004478390233428442,-0.0008284023668638785,-0.002432442704572213,0.002200220022002153,-0.003569667685632605,-0.0010602737976110888,-0.0005513084386944422
2017-03-24,-0.0014934596765888708,0.0017160141934733364,-0.002624299595716084,-0.0002561684190914848,-0.002876559634676923,0.0004909782742115176,-0.009374904571411324,0.0008883098424730118,0.004038556787442138,-0.0009445281188573684,-0.0045918771277017045,-0.0008440041603438031,-0.0008458059059317513
2017-03-27,-0.006240651916034734,0.00020324613106459388,-0.0004977954771724358,0.0036338648248872563,-0.0035339511737767504,0.001026087150489019,0.003360049321825098,-0.007277675877166989,-0.004591507608241896,-0.004829313164349869,-0.004076195021076923,-0.0010196332733214408,-0.000993743099006239
2017-03-28,0.00477475607224398,0.007678239665582787,0.002774813233724638,0.0005338222835988837,0.010820395903448743,0.0071529642463206144,0.010968078896433031,0.0020860650852305707,0.0005718206770357614,0.01365958867178474,0.01287759298820057,0.007251482966702083,0.007313119404634749
2017-03-29,0.002530991735537169,0.005646380986676247,0.0012771392081738497,-8.119048447519095e-05,-0.0005907203207791145,0.0020576359311907932,-0.00012155837841132389,-0.0017248557663711583,-0.004610050672457899,-0.005420603358747833,0.01220137191516213,0.0010854034436120763,0.0012435308962566172
2017-03-30,0.0019063321139678457,0.002707077072919173,-0.002444727891156462,-4.6398329660246596e-05,0.005319625297773634,0.0014462194058357802,-0.00015196644580861562,0.004051477597712072,-0.006813136339278825,0.012173691582834767,0.00469319000603674,0.0029350353432466836,0.0032876111851838363
2017-03-31,0.004885323459837387,0.00025712081821560595,-0.002326407387675422,-0.002679627868129808,-0.002939709236031929,-0.001003174883146607,-0.000729549806973262,-0.004984571564206064,0.0029674734083551257,-0.007171074151422929,-0.003702124360365877,-0.002255010430479043,-0.0018932843021244317
2017-04-03,0.0010746635279668126,-0.004555580943676585,-0.0015486213709748897,0.0009072404768828424,-0.0021978807426336067,-0.00145661601615521,-0.0039241931068050295,0.003995706106870056,0.0,-0.0029144913578994514,-0.0017120289488531393,-0.0016421751202002621,-0.002498768854761302
2017-04-04,-0.003016051528473618,-0.0014202711426727355,0.002602866718961705,-0.000499692050248024,0.0019161891117478458,-7.73574688635037e-05,0.004000732958709952,0.0032670032670032434,0.0033045148895294307,-0.0020333985715375036,0.007113207179467063,0.0005595970900948988,0.00043883708173342306
2017-04-05,0.0015894990514280227,-0.0022411861046460757,-0.0016003414061666055,-0.003348447854900627,-0.0030922122723292533,-0.0031719015936871875,-0.0013079847908745723,-0.004203670811130933,0.005246830837578154,-0.007029518885464658,-0.0033670033670033517,-0.0030548776354145657,-0.003637094710677302
2017-04-06,0.005016893621378138,0.0035565154787617903,-0.0008014533019876646,0.001318214694010944,0.003065944705418433,-0.000454570652475228,0.004903752436647313,-0.015934359950056542,-0.0015239256324293127,0.005591607458896641,0.007960546753650322,0.0019294927644020188,0.00260478767311767
2017-04-07,0.0016809290953545553,-0.003515215862949672,0.0025667076626918472,0.0018057901788315345,0.0010367325051388043,-0.0006766200057679583,-0.0005758797320644105,0.0019334179203673862,-0.005303724053724035,-0.003392424435658681,-0.0038717879570058233,-0.0008271509105022279,-0.0008233163181294856
2017-04-10,0.00666158148995688,0.0035564130622589563,0.0026490301704980013,-0.0016048377718339557,0.0021784547256398223,-0.0015095512414947665,0.0,-0.003075438702285549,0.0021481453066860556,-0.0025849713349714865,0.007715661439096522,0.0006877403907383783,0.0008789277081959757
2017-04-11,0.004243281471004279,-0.0005021592849252521,0.0005319526207532288,-0.0017821367003680866,0.0015144766146992783,-0.004368753960225513,-0.002274519318250734,0.0005443987418340956,-0.00022966507177035744,-0.0026429909419823927,-0.0008443352778632063,-0.0014339289653649834,-0.000622027076472853
2017-04-12,-0.001358148893360167,-0.0040049379880569,0.004519193279693745,0.0002800499422397351,-0.013200498132005078,-0.003985976508418476,-0.012158424268214785,0.005682848679039898,0.0073509705578316265,-0.008953380673047295,-0.003418606437735172,-0.0037599095922304926,-0.004649800461318687
2017-04-13,-0.0022666599506371288,-0.006557613316999444,-0.005328064077909644,-0.002718056997538576,-0.006796711617509166,-0.003800150212427411,-0.0099079971691437,-0.006191764352269313,-0.003648664056858486,-0.012512980269989593,-0.0183079591443438,-0.006814702357852864,-0.0072647686309130766
2017-04-17,0.011611470113085609,0.009516901204120298,0.007165788680182583,0.0030997777517838276,0.01021945508340738,0.009733537381284796,0.007458743823227865,0.0022985724655213424,0.004997139042532961,0.01603659498396337,0.0019238319591676767,0.008613323600764389,0.008929729329158809
2017-04-18,0.0026948797285157866,0.00041675049578926426,0.005089551450258023,-0.010110197656113318,-0.0027131922233801786,-0.0007689478787068493,-0.001203072461979926,0.002353651176825622,0.0016321263189857937,-0.008305733802525417,-0.008699400446726013,-0.0029033507733046138,-0.0025707412916138317
2017-04-19,-0.002389010551463233,0.0009624362565539002,-0.005747126436781547,0.0026505513146735105,0.001225159000414422,-0.0007806923625980344,0.0008647847303726586,-0.001926666265277821,-0.00663155102504831,-0.002609126725285016,-0.014270466853777086,-0.0017163423974997372,-0.001215044459581538
2017-04-20,-0.00019956096587503414,0.009973881346689195,-0.002484844212604087,0.0055220706590062285,0.01083298842921665,0.009777440453601738,0.010553601184965844,-0.0025939554804850218,-0.0038910505836575737,0.0155125958092448,0.003910009624638944,0.007557192163101911,0.007907396825982183
2017-04-21,-0.004790419161676662,-0.0020319138354859545,-0.002367365687330869,-0.004977624060853225,0.000623075142862195,-6.632032718034697e-05,-0.00033589837547332024,-0.015785653804282207,0.005361519607843146,-0.009093250901597072,-0.004274272474883767,-0.0030350108666123976,-0.002962583665557239
2017-04-24,-0.00912555154432404,0.00606543839166207,0.009651313109847681,0.009476613783951926,0.01309422146313688,0.012988592147152422,0.011821486391544678,-0.00036870890432005865,0.0048377266493981885,0.021914888085891926,0.005415922813070573,0.010840085324159476,0.010950110051357154
2017-04-25,0.002277097459771227,0.008109255590150077,0.003314975269232079,0.004618212274905886,0.0053912615903342065,0.006241883914054114,0.01590991426156263,-0.00301223335587375,-0.0009098146252701778,0.008293055202238664,0.009396883666181077,0.006090600846618832,0.006168695683727465
2017-04-26,-0.008532337052557182,0.004997683657855134,-0.00811146268552343,0.005025416565347829,-0.0014322893923248703,-0.0026027263558577873,-0.0007132031737541178,0.012270316931804137,-0.0038702333523051857,0.0003784438389342615,-0.004012333478278007,-0.0004856380907726221,-0.00019835187622840866
2017-04-27,0.0008147469192381074,0.005475701574264136,-0.0014628386118895609,0.00260383662653374,-0.0001224439818783285,0.00602363788585536,-0.0021113985785231604,-0.01297435585064255,0.003047270788100409,-0.005144889157902566,-0.011113095592466982,0.0005528911600243269,0.0004869602856834021
2017-04-28,-0.005952986669380267,-0.004278906933774085,-3.530076249647074e-05,0.0023557532089955036,-0.004268570029040353,0.0033288300459335396,-0.007122422219573155,-0.010552949888916197,-0.004443094216382337,-0.009405024463203904,0.0012843410728260451,-0.0019131184668260692,-0.0027941521100356415
2017-05-01,0.00624456160106468,0.0006976127691040723,-0.00510114025488051,0.0014789168367228545,-0.003302997294353238,0.00846681675697214,-0.0012005882882613061,-0.007858791243061325,-0.006522734208117331,0.005118231139318308,-0.0022246718108026586,0.00173223722842053,0.0018800390469648764
2017-05-02,0.000813876595961105,0.001840413814257591,-0.005499866938703191,0.003102283784557347,0.005411598801339679,0.0030442538373620653,0.0021636565796196994,-0.0005029232413401585,0.0025340756383183116,-0.0003055300947143458,-0.004961433392254522,0.001189115406999841,0.0008480386849987198
2017-05-03,-0.012554002541296017,-0.005900772388838682,0.0013201320132012473,-0.00378882979937456,0.0007538965934392738,-0.0013311467030158175,-0.009955320999130435,-0.006415497830052241,-0.004902148519781102,0.005985126324368428,0.0032702828189030697,-0.0012713441536987835,-0.0016585840739874458
2017-05-04,0.0007720815318097429,-0.0010919628732622977,0.00776782055621883,0.005922514720370087,0.0004555010511562152,0.00027724757141789347,0.0017566708059484348,-0.011331265430144954,0.004118077204325887,0.0022279045039115264,-0.01901446709189314,0.000582045366039452,0.00034310273218141063
2017-05-05,0.007457696857480878,0.005563886592014455,0.0024573499513833585,-0.000592180934051556,0.0056386369208139,0.003123500879484098,0.014300831443688544,0.01453451146113438,0.005596013798390365,-0.001035693535756721,0.016224309800221492,0.004088687267735702,0.004404650155245715
2017-05-08,-0.005411476414131089,0.0024947735191636067,-0.00031743792325045206,-0.005720211032486655,-0.002995054677160991,0.004187124062147829,-0.008972218910218155,0.0022088987062165444,-0.0006098490623571706,-0.001036767308956632,0.007064284993440362,3.751109703298283e-05,-0.0003414809489574733
2017-05-09,-0.004106354583718219,0.004824201643287118,-0.003951592985922514,0.0007793071043009636,0.001956126868799757,0.0015239385344791856,-0.007128462718440809,-0.006045340050377934,-0.008733790999237101,-0.00453107201620051,-0.008578013829040887,-0.0010252648600889147,-0.0010427716150375188
2017-05-10,0.005875682919286529,-0.0027671702916597374,0.0004781977259040726,-0.0033552819925565247,-0.003922047134290896,0.003825182805697658,0.0036049681914571696,0.0029143436391283473,0.0016159439806084919,0.0026699893200428093,0.010653567024480948,0.0011306176259533451,0.0016017853607617205
2017-05-11,-0.005124000819840102,-0.0059659248570952395,0.0008851280780328707,0.0005400312528724971,-0.0002974992562517764,-0.001494768310911887,-0.002656283014881189,-0.0048010107391031065,7.682556754895487e-05,-0.00530039816388117,-0.0020002400288035016,-0.002162833436821554,-0.00262344569826789
2017-05-12,-0.0038112896580140276,-0.0018144767328254208,-0.0023523585489663157,-0.0018718634802880052,-0.006476910688653192,0.0031732310027832167,-0.0017251293847040383,-0.0006347594261774114,0.0051085077779911,-0.0045127734434756706,-0.003186755922555795,-0.0014784250179582514,-0.0019097034554821368
2017-05-15,0.0034122634681006403,-0.00013982884948826602,0.0039002942949333264,0.005902250448709179,0.00454577489604624,0.0055802515842238165,0.00842832888673306,-0.002413617886178887,0.003630388260470685,0.007734665129978335,0.006233035085955407,0.004776444016897363,0.004999999999999893
2017-05-16,-0.005255564715581307,-0.003258467820882016,-0.0018366121569596272,-0.0038888698258014998,-0.0012628477216123368,0.004953599197391467,-6.0128675365200834e-05,-0.006048643830383171,-0.007996040056353126,0.0016773832820797807,-0.004416025576980731,-0.0006868360584768585,-0.0007004687752573124
2017-05-17,0.006112089505853069,-0.01607902010579043,-0.0017161459254804168,-0.012676687067253,-0.020564785220048343,-0.027952829600049856,-0.021346963319302525,-0.018000128114790903,0.0024565309177446704,-0.030421434552051374,-0.011299775208734708,-0.01817825856948263,-0.01860239404723396
2017-05-18,0.0022652388797363976,0.005960614314030277,0.0006557377049181135,0.00414025702157339,0.0016137419088773086,0.0058411964824443,-6.144393241158674e-05,0.01206784083496415,0.0038672129264463173,0.003114041974145554,-0.0011368019325632694,0.0036868431882495223,0.003443034265516509
2017-05-19,0.005701664269570417,0.005840243816003898,0.005366441146257506,0.0028028399022481665,0.01358729704086925,0.004956392256966646,0.009032813076072177,0.0081211730583306,0.003203905713631716,0.00837398586074678,0.012397114114419239,0.00676749573068669,0.006935445602380019
2017-05-22,0.0026559068389602203,0.005454007356568091,0.006183387650841254,0.0023561207165379017,0.006976333451077288,0.009514637089092615,0.00033493697095177133,0.0008311489035228714,0.009010721618127882,0.002975112536865554,-0.0016862390846130726,0.005160114706536767,0.00522013376592767
2017-05-23,0.0008150374407824845,-0.004036779546983782,0.0007178373835703411,0.0034797838385933755,0.0019643953345611642,0.0007967709807621404,0.001491492405564232,0.00134151015714834,0.002336184483213488,0.008125048363383014,0.0016488709255795264,0.0018379127993919386,0.0018752592004904756
2017-05-24,0.006362294497887611,0.0035324251294754916,0.004828804870794512,0.0023768788251099515,0.0005951651583315787,0.004766344370999542,0.006868883350556132,-0.006698564593301537,0.00676666290740946,-0.000409374680175989,-0.004356292534077433,0.0024891386829661855,0.0024296744236271817
2017-05-25,0.0036415132510621007,0.009297824897976259,0.0070342834259049525,0.004513379765395786,0.0061930337117963585,0.007829767713415814,-0.0019319005071238848,0.0035324341682723137,0.0070199021694483665,0.0024316576226066644,-0.017884506815065704,0.004441875070184231,0.0041473661531832295
2017-05-26,-0.006450312437008665,0.0030707239127412134,0.0032678043466984885,-0.002109704641350185,0.0009388855081284841,0.00010344791914507212,0.002873215581901789,-0.0016639999999998878,-0.0005561941488374522,-0.0006383576334806351,0.0008212034736907459,0.0003105500047617671,0.00010727887142647496
2017-05-30,-0.0032968147697302053,9.696499563660588e-05,-0.00015510288491371593,-0.0014513456373921318,-0.0013201549445015504,0.0031031165634018976,-0.0012364667209504576,0.01416757484454112,0.0033019217926837374,-0.007716285962491631,-0.013087447947650155,-0.0012045599423798903,-0.0015374988826316605
2017-05-31,-0.0013230878835682747,0.002465442256018191,0.00237861316510668,0.004314587195861641,0.0017741290244031038,-0.003021334955711108,0.0032308714294342344,0.003539823008849474,0.004659246385386284,-0.007982284478319168,-0.003990771341273347,-0.00046002544645251664,-0.000393919318161573
2017-06-01,0.003821656050955413,0.008621642533436447,0.007256469779038932,0.01183978120904805,0.006823508985154936,0.0028443175706425183,0.010925507900677145,0.0059838750314942235,0.007177297655416082,0.011914032082230186,0.0066361985851124405,0.007571108715482167,0.008418865423540645
2017-06-02,0.008477157360406107,0.004054794520548022,0.003448452464277718,0.005844989526319289,0.004914809960681499,0.010416774100392878,0.0036620221507681627,-0.0005635213825058161,0.0014252302294985864,-0.0036937283570603885,-0.011816655264630826,0.003707727381216941,0.003659164786755875
2017-06-05,-0.0034227613630642972,-0.0033289674743506303,0.0009527212099560423,-0.0029335035213239324,-0.004358793952602302,0.0007247190437791318,-0.004627569636023843,-0.0014409221902018654,-0.004780498485567053,0.0007981256919233903,0.0016573310676148978,-0.0012176772294358873,-0.0016282321292674373
2017-06-06,-0.004444668922672812,-0.008322838525981369,-0.002668479646468991,-0.00290844572211435,-0.006325514055740444,-0.0018155854753161282,0.0012218745343464121,-0.0004391743522177416,-0.00176004693458498,-0.004167524181930449,0.012021949482679206,-0.0027790320594393014,-0.0028008721703214334
2017-06-07,0.0047181776672922116,0.002056761084423764,-0.0007498551416202925,0.0027479953148932257,-0.0014049816138207438,0.002677239377899543,0.0010417906893678275,0.0008787346221441616,0.0030855127828386397,0.00821493154223707,-0.014797185430463489,0.001568333655781684,0.0014577000337760992
2017-06-08,-0.004191072510603799,-0.006488228892592818,-0.007862332435105923,-0.0020665798104138045,0.0030918344305292944,0.0035465329582977656,0.0033302607713121546,-0.005769471967891682,-0.008788633367511234,0.011376447678589807,-0.002772817981304465,0.0002671445128517025,0.001224815833851034
2017-06-09,0.004360833629126315,-0.004312137766562252,-0.0004641328451343574,0.006313870256156262,0.004121283485428284,-0.027347875538224153,0.013336099339122276,0.008767503469156113,-7.38879858134256e-05,0.019279489258208216,0.024771975649316325,-0.0008299812227020587,-0.0002304801077938068
2017-06-12,0.005553592164386334,-0.0010722591246465907,-0.0005503388023252453,-0.0013309026651604494,0.004587235069929418,-0.008143747585587557,-0.0052642353698125754,0.009003939223410251,-0.0022168033695412204,0.001640444411304287,0.006742173528746731,-0.000978710980068076,-0.0008866663120001839
2017-06-13,0.0017070844002611274,0.0060222488638581595,0.00034415115118568984,0.001287880484690973,0.003467632568279644,0.008515879114517011,0.013053832358215889,-0.010286918262378375,0.001629267570169679,0.004416983051688472,0.006635767809380022,0.004511420562363311,0.004597007507854078
2017-06-14,0.002907122450002575,-0.000651276224260644,0.006003371520968859,0.0046192217785681056,-0.0009751090582498234,-0.005291833667334767,-0.010563891226746391,0.0028176069125289693,0.005914972273567631,0.0018529041183881212,-0.01831568699038577,-0.0009957588050893973,-0.001378091872791476
2017-06-15,0.004497975910840113,-0.004478708800732201,-0.0016927996169827653,-0.000990848567166136,0.0055481352101098835,-0.004805825752090764,-0.008975449505763677,0.0004370629370629153,0.005622932745314113,-0.0037236141250739374,-0.0067976611087006145,-0.002239614097263254,-0.0024946038710591534
2017-06-16,-0.001194089258172104,-0.0002785670510893068,-0.009934228555768865,0.0014153098637068595,0.0036442900446169713,-0.0018451546239575123,0.004084411164057222,-0.001060974848654972,0.0048240324525818945,-0.0010643300908393938,0.017162471395881118,0.00028366345181418673,0.00010641882903827948
2017-06-19,0.0013449564134495606,0.008108559964333573,0.004965054321500295,0.010783440908079145,0.005582326591556885,0.016573710229433436,0.008430361090641103,-0.00199925028114456,-0.003746135661029215,0.00978740274542833,-0.006851416300235114,0.00834720424141544,0.008086970400978943
2017-06-20,-0.002039598049945246,-0.012521075762182532,-0.0037527327813258182,0.003324929262680465,-0.011541381928625749,-0.007793260388416101,-0.005641460349010585,-0.01032928508826847,0.0005110981308411588,-0.008097563369567795,-0.012458813838550298,-0.006696665117833511,-0.007142480164664011
2017-06-21,-0.002293006330691405,0.0010636511224317857,-0.00392238176697246,0.012257080466581138,-0.0066745190420101075,0.006733900949867477,-0.011229349168087488,-0.012144980707192166,-0.006421951397504122,-0.007817331717091869,-0.01599416119278496,-0.0005826764545369123,-0.0011162889593706593
2017-06-22,0.0005495878091430484,-0.0018034895425567132,-0.0065919578114701505,0.01053681380626137,-0.0019247293349372585,0.000468116092791071,0.0017540730170055863,-0.0008324262022154638,-0.004333455747337567,-0.0063829256738224815,-0.001271509705857432,-0.00045573798760889517,-0.0002306027601376437
2017-06-23,0.003944871666833327,-0.0009383884928360064,0.00047148395208318483,-0.0009010941857970911,0.0038913185715760967,0.006685729139589203,0.0034723252708117602,-0.002114842348115764,-0.0036146355857186174,-0.00456701212014754,0.0075326769648615954,0.0015608954610804027,0.0019871897233902924
2017-06-26,0.0046754538671971435,0.0028318286323107955,0.003944635470301883,-0.0015998110290328382,-0.0002572722283205042,-0.005918320973372637,0.0032532828581568474,0.00622952925309872,0.0077737469460281705,0.005344223449040841,-0.0024008592548911967,0.00031579379075585834,0.0006020576204559536
2017-06-27,-0.003812069904450821,-0.007437022954119743,-0.008884020932213743,-0.00919483368642926,-0.008183362212424217,-0.01668658112109722,-0.006632863628323826,-0.014296655603778463,-0.012525712606523798,0.005140292369800292,-0.0017099791002554987,-0.008072749039592986,-0.008069796662360518
2017-06-28,-0.0002981810953185393,0.009872961325033014,0.0039818972775751416,0.00525333217557411,0.008925482598768353,0.01321865192996552,0.008071935187108581,0.004079254079254024,-0.00948554848789207,0.01579104924412511,0.005688546777194992,0.0088080417296994,0.009170219978233973
2017-06-29,-0.010389739510837215,-0.009678813996624847,-0.01174106752861015,-0.008864559039474695,-0.008195034974626259,-0.018323078527479386,-0.011245547410874579,-0.009866511897852592,-0.008186870962896053,0.006483459809916603,0.0012406165233300737,-0.008600027041533398,-0.008379740121983614
2017-06-30,-0.0003014015170542672,0.0055908405976705655,0.002121528207485568,-0.0011111716324420096,0.007640449438202079,-0.0011154430433536477,0.004614880757435991,0.0031913507880683145,-0.0012495266944341221,-0.0005856086670082972,0.0036752352150537515,0.0015332479232963436,0.0014975664545113787
2017-07-03,0.009446761469272813,-0.0018485841525921476,-0.001146728295961963,0.0015159281515493284,0.005918479379674713,-0.008497468839069211,0.009068816312014727,0.008634681555541146,-0.0053834780301018625,0.01337923289142795,0.020045615283212248,0.0023107934687074394,0.002812639074321499
2017-07-05,-0.011996615062969784,-0.002427252574571437,-0.0007064891024055608,0.005422946249673322,0.002916247420570617,0.010383035321627432,-0.00414121240601506,-0.0035401647785788803,-0.0040022870211550154,0.002361047534150895,-0.020144002953906726,0.0014532669688471778,0.0008343244634581026
2017-07-06,-0.018843208383716115,-0.010309278350515538,-0.005443812082434718,-0.012931874796924037,-0.009658549857162413,-0.008598999968151833,-0.00412894092665228,-0.022931335185065627,-0.0013394565633372268,-0.006633818050715057,-0.011032721334812812,-0.00936880791271677,-0.009719758779708987
2017-07-07,0.006470165348670065,0.008256593906321053,-0.0005509152301405029,0.005683813202247201,0.007486263736263821,0.01252851039223879,0.0051529599905233425,-0.003834457225968424,0.0014178961486874808,0.005589295651963422,-0.0009525825571549129,0.006403153854134258,0.00678822180828198
2017-07-10,-0.008622448979591857,0.0022128571227217897,-0.006881345685378459,-0.0028694874200798637,0.001840616265594175,0.008153811986420845,0.0062461329954919265,-0.005043801433501582,-0.0016072248584112492,-0.0017083734359962799,0.0026485856552600495,0.0009277661864273146,0.0004625429186457808
2017-07-11,-0.002007102053419918,-0.001968891514077531,-0.0029721406574517717,-0.0007659397533673618,-0.0003232172019598245,0.0035561430010069284,-0.00149328023892481,-0.0066702241195304435,-0.00030663089306237623,-0.006796982332666457,0.0052620456466609955,-0.0007827208199616686,-0.0005334566210857261
2017-07-12,0.012995049504950451,0.00748245638756595,0.00553101318105087,0.00650452798370571,0.005751722964349559,0.013087062414416817,0.01143627939710301,0.0047676604888531315,0.008473276589218592,0.00114058291067054,0.0029430931909435465,0.007305619802682184,0.007276673723913163
2017-07-13,0.0020362451639177603,0.000783249646838291,7.143622530980664e-05,0.0008703693629985576,-0.0004737492174677893,0.003301726183720266,-0.0009857358227995938,-0.005680679008220224,-0.003535718359122364,0.0060600184224559595,0.004401685216625761,0.00187455233807432,0.0018545994065282123
2017-07-14,0.010566957935378873,0.0027951308820035603,0.007446694524804398,0.006380781564215399,0.004688954718577998,0.008936743487695242,0.005020604794242267,0.002419680064524643,0.0054177794734833196,-0.005156129529684028,0.005404954193534817,0.0046735271648765675,0.00453094973642898
2017-07-17,0.002111401568469784,0.0025504160104805607,0.0006913055038553217,-0.0030351472208420827,-0.0008929774902277643,0.0004484853426836022,0.001674800034650925,0.0020115327879846046,0.003908621736490758,-0.0013078227173648482,-0.001349163518618357,-5.286121491343554e-05,0.0001404050686231173
2017-07-18,-0.0011036420186615326,0.0041703736654803425,0.00023027597690150614,0.00048753534631273965,-0.002563280999679507,0.005369223245578203,-0.00441062008129367,-0.00976980728051402,0.0027594027594026738,-0.0027888252982831707,-0.004884334795169698,0.0005977699520971491,0.00022812620643675174
2017-07-19,0.007382482924869427,0.005094412758181344,0.00306373634157997,0.00803499880882752,0.0015723536274028227,0.005573627620871768,0.01094510076441968,0.0036491417759159095,0.004712002412545324,0.0020913888280926773,0.013952128326162327,0.0053726514969865136,0.005877296092913875
2017-07-20,-0.003240440699935232,-0.002616935706021728,-0.0007415254237287394,0.006176950842213813,-0.006076975016880537,0.0004232633605096847,-0.008334765423612223,0.014139509830325858,0.0066409034630250385,-0.0005581575945834416,-0.0035842293906809264,-0.00015360796821128897,-0.00019185823420664327
2017-07-21,0.0024007202160647445,0.0011323777170160199,0.0025795964521715398,-0.0006299178971419517,-0.0021908967391304213,-0.000745434215430496,2.8882534731211607e-05,0.00026556898154295183,0.007640700708162473,-0.0002670940170939051,-0.008827420821963194,-0.0003679071741898854,-0.0006629101756712164
2017-07-24,-0.0014968566011375195,-0.003751931141028453,-0.0036655857888059362,-0.0009508140677748633,-0.0039488689554219025,0.0025303184572114112,-0.0013574399260629644,-0.010155316606929476,-0.00928426114296299,0.003060257936025934,-0.002961726978829904,-0.0010636834995592093,-0.0008379156847342362
2017-07-25,0.0006496102338595655,0.007407509968985426,0.007322767793972007,-0.006747580602042391,-0.000615184811770586,-0.0017496581127826039,0.011568383607600374,0.002883390330584046,-0.005077658303464627,0.012663744884864103,0.012635190260025464,0.002923183435833865,0.003494243234271499
2017-07-26,0.008139825218476782,-0.00017867205431632005,0.0003511852502195989,-0.003100641660565895,0.0015731067147717326,0.00199447992425017,-0.006375618263430138,0.029620219309975937,0.008781146802761874,-0.006073358519439576,0.0010122502943790135,0.0002825850883885206,-0.0005397217821265787
2017-07-27,-0.000990687537150703,0.006969455365243293,0.008916973845883636,-0.006825348827163236,-0.005446009389671436,-0.008213366575518855,-0.00451746561546873,0.05201636469900639,0.002194777174317597,-0.005268475750577317,0.009947168565296316,-0.0009726252406339064,-0.001236804515207357
2017-07-28,-0.0009916699722333222,-0.007399014374837809,-0.009133929503462146,0.00504545256839628,0.0021457017302939363,-0.0008919973645532542,-0.0035841257912535562,-0.0050000000000000044,-0.0014104895883599866,0.0002902125807153766,-0.0019207977440843793,-0.0013411865461215866,-0.0016046045173107037
2017-07-31,-0.00119118522930306,-0.000632641553547697,-0.0008603585412533254,-0.0012658501752714768,-0.001404566554187081,-0.005346617021924183,-0.007861224726597782,0.004032508220112918,0.00375422815299431,0.006189405478590926,0.002313487838833783,-0.0007281258848751415,-0.0007686529357300298
2017-08-01,0.003875968992248069,0.002174361797288915,-0.000966540137775862,-0.0022099208111708846,-0.002161272062985664,0.0052631578947368585,0.0016665692064792292,0.002965892239248591,0.004999259368982267,0.008097652401662714,0.0006127826459954022,0.002449095251588762,0.002447595237679012
2017-08-02,-0.004455004455004463,-0.002636529667824794,-0.0007212088163379704,-0.002214815377767243,0.0044350471868390695,0.004860181013840004,0.0007005458419686583,-0.013245441103992173,0.004569070341574832,0.0005958907374743472,-0.003143691183375208,0.0004926605689827834,-0.0004534435549974347
2017-08-03,-0.002635242641209179,-0.002973936748771111,-0.0015314744402197267,0.0017083229056722438,0.004655063236980395,-0.0034735194628162658,-0.007204737041682341,0.0008740712992445498,0.004218171147709171,-0.0045975368636699265,-0.0134335387954867,-0.0021835911800677232,-0.002285694345087408
2017-08-04,0.0025923525599482744,0.0002485672857834853,-0.001886426543960873,-0.002172496198131646,0.0023337819191524556,0.002695281231318125,0.0048478082030789515,0.004740814671573723,-0.0029220542041052955,0.0072273010099075385,0.0034663843742865907,0.0018890363083294837,0.001993634360462959
2017-08-07,-4.972403162462058e-05,0.0018637913658137162,0.007242024940827374,0.001611147398214774,-0.0009517335146158601,0.005851026203300469,0.00046782257828725804,0.0004966784627802312,0.002014799619019625,-0.0017582208705569924,-0.008625682607976248,0.001647266869345021,0.0015358838313319634
2017-08-08,-0.005271009448035824,-0.0004271855363244814,-0.003752805836139128,-0.0048474045735154014,-0.0029429776810017128,-0.0013261533515512847,-0.008826022152731205,-0.0053986968662737,0.003290315504697938,-0.001713714476126893,-0.0012519039372378415,-0.002414436638168982,-0.0024745573679075816
2017-08-09,0.0012997400519896285,-0.004701049119759548,0.0013906002464354472,0.0015617832725365322,0.0,0.0003319785924107421,0.001415302963290621,-0.003493885700024957,-0.004955726414750616,-0.0008106432692767118,0.001169908287546706,-0.0003636481179190021,-0.0010831207854372638
2017-08-10,-0.009236145781328142,-0.015194747631447791,-0.004710928298968131,-0.012791014666593825,-0.013376328675504645,-0.021832919335860956,-0.012219179695550975,-0.004320060105184043,0.0025268246237228897,-0.017610002863415075,-0.013375623395864289,-0.01447441815345063,-0.014603008044770771
2017-08-11,-0.0061476442428822775,0.005161816621893411,0.0006181452111406749,0.00296027923828035,0.0010894564822661046,0.007474348693274013,-0.0020865625372601393,-0.0008803370433252411,-0.006428988895382792,-0.005319407335438453,-0.0069159511018992426,0.0012755258980974293,0.0012600940633595847
2017-08-14,0.017035947878111912,0.006870399910447134,0.005418667043208147,0.0065088105726871515,0.010122646398341706,0.016021552559876806,0.009409164227253797,0.012398514695701524,0.005808823529411811,0.013870235159092692,-0.002683420296028083,0.01004374682548792,0.010280771412365386
2017-08-15,-0.0033401465676256015,-0.00899148102338898,0.004564366343064785,-0.0002188399295334209,-0.002325740474724669,0.002300051223848243,0.000414286982511225,-0.010070869078702027,0.005007675999707528,0.0021435969074399264,-0.003950543466655354,-0.0004988158193557357,-0.0011053407256649272
2017-08-16,0.002751100440176124,0.0045014724442573595,0.003145588312391867,0.0025390988387998803,0.0014912581419266324,0.0026254609587943456,0.009228857928831324,0.0010675709620697749,0.003200581923986201,-0.002403383964622141,-0.011276905925735381,0.0014201029777529683,0.0014754184743468457
2017-08-17,-0.007282885219733637,-0.0156496488950314,-0.008989077225928899,-0.01263059070117789,-0.01708114399164773,-0.019809302976392718,-0.01541663003018845,-0.016247412332977884,-0.007685893485117612,-0.017394237255468736,-0.014441216011102043,-0.015436913265616137,-0.015661995545188212
2017-08-18,-0.007436812220491418,-0.004850375833215237,-0.0036036352769525104,-0.004146120336996684,-0.003447735464660706,-0.0004894363324904338,0.000803738874170179,-0.0053564596352506655,0.006284023236271974,-0.0005639189918109633,0.0056543166417319934,-0.0018353833934839914,-0.0018530396978119201
2017-08-21,0.01068192173340754,0.0018526963858169765,0.004357644402102734,0.004574169266467587,0.0009085984868342223,-0.0005916918305721719,0.001070791195716847,0.007052186177715303,0.003267617906546061,-0.002404141010229899,-0.00551313745651838,0.0011626229102676966,0.0009817922170651805
2017-08-22,-0.00110198357042679,0.010455489487609881,0.00036888053540384824,0.011681752373373877,0.011120227641708613,0.014535655227323696,0.012033515569289222,0.008848994143111799,0.0019903738283937322,0.010475839173736734,0.006929625800206951,0.009940824503679613,0.009879625501560296
2017-08-23,0.010329956874937318,-0.0083904664029395,-0.0034064969271291323,-0.007122569368582021,-0.009029696132596743,-0.0018412315122244838,-0.0015560318252547667,-0.00044172398561237447,0.002564287778098695,-0.0022389330997055756,0.0038232980861661048,-0.003453604674394928,-0.0033728301753518375
2017-08-24,-0.0015386142545166237,-0.0025412780214942865,-0.013443512580167738,0.002838658568788066,-0.003902642995278538,-0.001229751932827372,-0.0014408374500117782,-0.003661616161616199,-0.0007925357541697098,-0.0008292885192322519,-0.0001741136526869358,-0.002074434133647607,-0.0018958857507354043
2017-08-25,0.0041258636973704466,0.002561985823678281,0.0024467344132301783,-0.001162969301999106,0.004442656498696795,-0.0010697885653732087,0.0026797019935804745,0.00785705233810674,0.0030644986840682176,0.0024166971805199555,0.005202551209212203,0.0016728373042720346,0.0019527436047648283
2017-08-28,-0.004405940594059299,0.000951191118430339,-0.002013183680741104,0.006041300527240834,6.96536472390985e-05,0.002727851362410272,0.0022907488986783076,-0.00018860807242548905,0.0022643950830278925,-0.0047973894408727125,-0.004699207414786133,0.00048709604797259054,0.0004075051824028453
2017-08-29,-0.0007458604743673103,-0.0019005744273454805,0.0027313137083386785,0.001670488044546392,0.00649475022200563,0.004141099658434788,-0.0055672761368963375,-0.002263723825693398,-0.0015061861215708294,-0.004673697604424154,-0.0011966667391919428,0.0008427977612674997,0.0007084159818644409
2017-08-30,0.004876592356687803,0.006963095593355284,-0.000302652661563263,0.00567890738257959,0.00323507023735381,0.008358418623319208,0.00727797748836112,-0.006365412491334155,-0.004345796070825636,0.0042285377126560775,0.00032675467259180024,0.004615133058087695,0.004707631318136896
2017-08-31,0.0051500445676933015,0.004967471528767531,0.0004986376507043477,0.016951356975635212,0.0036212515735201123,0.007174629078642303,0.00824923211935058,-0.005137637955093255,0.0002164346006778839,-7.344300822564875e-05,0.0052263670216241565,0.005721051924853171,0.006024308613704399
2017-09-01,-0.0007882550004926214,0.004577815848229916,0.00414730958865106,-0.0008419661508290988,0.0015291833473651817,-0.0004544825814610798,0.006324890474947109,0.00044628626075859934,-0.002993364108482388,0.004382421349002463,0.008123740820172864,0.0019824813383773066,0.0022937386188541797
2017-09-05,-0.0006902672320283632,-0.004095668097121807,0.0019144184067785286,-0.004373379982719805,-0.010859495625321514,-0.008896093626443169,-0.014213637018884229,-0.011407086413459,0.002930005425936022,-0.02201150546021846,0.005630049853876606,-0.007550826754961659,-0.00789616197613674
2017-09-06,0.000986777185711496,0.005516099149425857,0.0034499840769963708,0.004531867708031934,0.001075324765423158,0.0018251087086609274,0.0027784277023865656,-0.012312254238380671,-0.005229748250739297,0.0024426111014181906,0.016389589298687834,0.003128750737433128,0.0029406067862867147
2017-09-07,0.007590694006309073,-0.008514915060232608,0.0019923479732708582,0.010910603442759292,0.0006410367469982248,0.005077102268767897,0.0006999737509842952,-0.020754470695731664,0.007215111852362233,-0.016534473756184886,0.0017449805529277107,-0.00017845989113951521,-0.0004915902946032169
2017-09-08,-4.891889247626846e-05,-0.0035478466541835063,-0.006457856765792691,0.004198976631323514,0.003410901031927427,-0.008617188815483234,-0.00023316137681805849,-0.0012663289789389687,0.004427645788336765,0.0076856955048794084,-0.010598556077904608,-0.001488783416494277,-0.001071491305111416
2017-09-11,0.0074360354190108335,0.005354846913545375,0.006747781733170477,0.008226258890768223,0.008593170327679367,0.015016335135027203,0.013905489315803488,0.003470136803470192,0.009282156040569145,0.017361633799990006,0.010181787327917302,0.01083922760346634,0.010884664755842266
2017-09-12,-0.011800126256494958,0.004356624880544224,0.0013721764830061378,0.0021465935852280627,0.005166720843099215,0.0013288186310214112,0.0081656124209315,0.01369954113187477,-0.017505858958880793,0.012108508014796682,0.005186569514730177,0.003363999180100441,0.0037399109379347983
2017-09-13,-0.004029484029483998,0.007178238602971954,0.0007202838972628633,-0.00358732271347173,-0.0013105713750787285,-0.0015826362197604027,-0.00042778918548935785,0.007478842747490555,-0.005312804944161198,0.002144197266148451,0.012387716732818133,0.0007570659488558285,0.0006758747378818875
2017-09-14,0.005772646536412074,-0.005446032870698336,-0.003633937819286337,0.00045916077932117716,0.004686754379984892,-0.0037216446124763713,0.0029387429027931677,-0.0039721299733019855,0.008720296490080548,-0.0034768654720513936,0.00385861378783825,-0.0011007176679195263,-0.0011083786498562453
2017-09-15,0.0028452293352956293,-0.002304887758950658,0.0022905067305660776,-0.002847576430828891,0.003460501094128876,0.0029844846328688224,-0.00025603095129711484,0.01778242677824271,0.0010085728693898233,0.004757722149026478,0.0025899280575538697,0.0018472363580994688,0.002132528867158978
2017-09-18,-0.005136232451205869,-0.0042423902999075835,0.0004043174067434041,-0.00047072114479385085,0.0057476122052237955,-0.0003152957868599593,0.00574794411404822,0.005074511819116001,-0.009823677581863866,0.01015031203710448,0.004366901754961461,0.0014558660603223306,0.001868479784086885
2017-09-19,-0.010325499065788168,-0.0004921329040059597,-0.0027587903495054356,-0.00784904712567891,0.0008067904865953768,0.0037453183520599342,0.005290705898995718,0.022496325174154785,-0.002144129083839208,0.007980961080795268,0.00375594521219047,0.0011102812845715793,0.0009324975392426271
2017-09-20,-0.0027325119236883966,0.003516965843227693,-0.008933605864110405,0.0015083910846704907,0.006768217926540698,-0.0047820109976434155,0.004080828548913562,0.00443777736108486,-0.007757302061329963,0.006200662993966377,0.00687369084660272,0.0006343127281429606,0.0008798716422544484
2017-09-21,-0.002191999202909356,-0.002411192418762531,-0.009707529558182992,-0.005582120363153864,0.0033530177159444285,-0.005929770209071261,-0.0024665751044089523,-0.007902924704418113,-0.0009175995595521735,0.0019672441989997402,-0.0006665185514330707,-0.003045960514145296,-0.0028958527252042066
2017-09-22,-0.008238054820510321,0.002206233664034274,-0.0022980663925743494,0.0008367225893917141,0.0027266530334015826,0.0006352231221216087,-0.0028660541178453514,0.013548265696543993,-0.0071638501102130325,-9.462080711553078e-05,0.005315493754800116,0.0006478445173156988,0.0010199495211422605
2017-09-25,0.00327225130890052,-0.00201909729525096,0.006766119018912775,-0.0033440922800148654,-1.6580723251169438e-05,-0.014243770830027036,0.0008735593315862822,0.00860201745157485,0.008436632747455874,-0.0015377336172225364,0.01473633421121412,-0.002222026840165925,-0.0017960452465244359
2017-09-26,0.0011540970445080845,-0.000590094836670163,0.000875828909503662,-0.0017413648477898613,-9.948598905662465e-05,0.003964580398470474,-0.003997972858832188,-0.008528653822554855,-0.0015411147396615643,-0.0009240611301978285,-0.0019217815112732017,7.209632068461147e-05,0.00029411255860622987
2017-09-27,-0.008420208500401039,0.005370221978547196,-0.007286234731052277,-0.0006275594320055422,0.00029848766251006076,0.011415799707338525,-0.0002544097693351066,0.0005569651587351565,-0.013450442835618026,0.012996252905184136,0.004764078845505004,0.004085163646849521,0.004946556435712068
2017-09-28,0.006116053376465924,-0.00044745857512396014,0.00017989494135428608,0.001383626378304914,-0.0009117734823117507,0.0014269717479413746,0.00704046144711179,0.002474022761009387,0.003054572546097978,0.001217399447487999,0.0015014718375250258,0.0012046078243665992,0.0013079994492632974
2017-09-29,0.0007535795026374359,0.003693185792426057,-0.0010611892514119647,0.005792572752588043,0.0028373736870925814,0.00750071741690328,-2.8077268643400544e-05,0.0017892398815400057,-0.0011141233705943554,0.003320394706074925,-0.0004142583788688814,0.0037050907149631662,0.003489171536610769
2017-10-02,-0.004066265060240992,0.0017979845847213571,-0.001998595581483298,0.009521192843782833,0.00709818326218592,0.0007759171045524926,0.010950442229397783,-0.0010469914393054225,0.002230732051901496,0.008879463037195778,-0.00017761288285444987,0.0038739997459671383,0.004521864241303186
2017-10-03,-0.00045365189777701875,0.003631253826033687,0.0009201125784801256,0.0001884185403844274,0.004797345030969291,0.0022179912458044626,0.004304957644771568,0.010974106041923504,-0.0038208999517749254,0.00300307237404418,-0.0008290073623749006,0.002158853672423522,0.0021654986614831895
2017-10-04,0.00832072617246582,0.005267754411744319,0.003659042160096826,0.004500261643118675,-0.0005559279909743697,-0.0014786525656090843,-0.00019358407079661522,0.0005488474204171645,0.010612944067922792,-0.0032243948501807784,-0.0006321487129846703,0.0012467548864110167,0.0009357879334399577
2017-10-05,0.0032008002000500912,0.0056124770743413155,0.004058762257102888,0.00046884767659927107,0.0023067484662575577,0.01056203355921892,0.005891627250850684,-0.0011580422990187245,-0.0012159622683223237,0.009866216871923905,0.004052264326236843,0.005646756562926125,0.00535450203131127
2017-10-06,-0.0020439702876514643,0.0015495584444078503,-0.009497746297488785,-0.0006769070554543122,-0.0004733457382560813,0.0029113211575413356,-0.0019248748831327545,-0.02025872589699773,-0.0006271674168081276,0.0004347229213379489,-0.008170256329487646,-0.0010736382622734686,-0.0010651968077913798
2017-10-09,0.0011989209711258386,-0.0035187644618481784,-0.0026545316647705874,-0.006721550646102581,-0.003919199176968147,0.002390029609273814,5.510249063278572e-05,-0.001557050323866438,0.0013658680645280974,-0.003727844482561471,0.002501042100875317,-0.001804395664743219,-0.001980332086457537
2017-10-10,0.0021454944616305927,-0.0010854630392964637,0.009885931558935468,0.0022346954833971644,0.0011475974228238872,0.0003957796376201639,0.0,0.003929885846172931,0.009806090098060993,0.004132041687709531,0.001029601029600924,0.002322446782173193,0.002357370599009645
2017-10-11,0.005377147124719928,0.0007152583870924101,0.002384538152610416,0.002365798509337491,-0.00036026004224853914,0.004699229982438213,0.0005509945451540599,-0.006710575369702876,0.004709404205607282,-0.0013945407160166345,0.0023933382123146885,0.001803468933287311,0.0015904438014990863
2017-10-12,0.006883573515574559,-0.006638901488598359,0.00404228299558218,-0.0017022787559788366,0.005143746416577999,0.00041298105089282444,0.0018998843548654332,-0.035405980232703804,0.0049780167871806835,-0.007188480117213403,-0.0037688938000709493,-0.0016867300136190755,-0.001537240062841172
2017-10-13,0.001967342120794857,0.004358655043586568,0.001336064843680429,-0.0029814522287663348,-0.0025750093710784627,0.005222533696862541,0.004754445268914775,-0.007068741893644481,-0.0075927398944246605,-0.00039200313602516523,-0.0007130548458018637,0.0008781111202582625,0.0007105877575881436
2017-10-16,-0.004417828391910517,0.0018323345043740336,0.0004091798612346764,-0.0038192768556019052,0.0017483374454667633,0.0036959926653170605,-0.001012035010940937,0.007772189928809237,-0.0017487612940834119,0.006435986159169627,0.002180333392796996,0.0017507647356032052,0.0015892337864338302
2017-10-17,0.00014791440686323654,0.00037129734041108087,-0.003698895666245816,0.013134334646415669,-0.0028381287923272547,-0.00025691041438691276,-0.0024642006406923045,0.002073882047958442,0.005839416058394331,-0.00552384881615442,0.0008306797729473736,0.0006724949562879612,0.00038823807433918667
2017-10-18,-0.0017254128666501778,-0.002543130112035219,-0.0009995537706379842,0.0016322032664857211,0.0006543003893086929,0.0029980584002740063,-0.00216836384596375,-0.005820721769499437,-0.0014876632801161804,0.005623674748778562,-0.006975870995790667,0.0007423730932734074,0.0010967687505272217
2017-10-19,-0.0009382716049383122,-9.647188533634665e-05,-0.006146259536529253,0.006051107466838124,0.00266453068296979,-0.003463556740650686,0.003355889310667326,0.004618787405672675,0.010102111268578184,0.0014668133480013612,-0.0031243781094527634,0.0003279635804251946,0.0002696780718018932
2017-10-20,-0.0011368691611882698,0.0020674541369756216,-0.0019595505617978626,0.0011451681127423452,0.010743922917651805,0.006770267954064879,0.008745476477683978,0.002136890500550326,0.0012591286829513049,0.011648663493226019,0.002655061585451035,0.005116896296007312,0.005173052943753476
2017-10-23,-0.0040577988915282415,-0.006904804478494619,-0.0010987823330211866,-0.0026174773289364683,-0.00804890638105682,-0.004038627055963806,-0.0020383204239706743,-0.009627810803825132,0.0005389479735558034,-0.0014025562719149898,-0.00585354199020427,-0.0039724915637947555,-0.004107085980587621
2017-10-24,-0.0062605584815660364,0.0027700447362224434,-0.0033721035073482897,-0.006715847333292002,0.005349854464445469,0.0035706824181875874,0.005936819172113417,-0.006132967965029046,0.0007900312421444955,0.00743039666538281,0.0027036770007209388,0.0016179463387628878,0.0017842714785887281
2017-10-25,-0.0028000000000000247,-0.0038259140067126163,-0.002949265397698464,-0.001165016227011706,-0.010286934299485684,-0.003378186566740382,-0.0050354648329633545,-0.022779491892601533,-0.004377623883167536,-0.004924557576847843,-0.006830846665468293,-0.004663057143858063,-0.004738380885169757
2017-10-26,-0.005515443241075002,0.0032721424213855155,0.0012703021504401057,-0.010289094393068354,0.0014218009478672577,0.003446606089953397,0.013604701784936779,0.005172645438667134,0.0,0.0055364729277773694,0.002433383609854234,0.0012709461705413538,0.0016207455429495532
2017-10-27,0.0023696682464455776,0.015989496959646132,-0.008572723153602246,-0.0002841028662822209,-0.0008322861758898181,0.02910563566859703,-0.00544937184580685,0.001603956425850539,0.006126788481637613,-0.000988830707688293,0.0019861172411026473,0.008072957350414134,0.007804072276159646
2017-10-30,0.005834716563553055,-0.003903858971394336,-0.00921355709114835,-0.010756875664410748,-0.007333485774017601,0.004045605001838926,-0.003994709708764144,-0.014078868352572327,0.0001791023390766977,-0.004769081951724208,0.003623986385023592,-0.0031924744388955872,-0.003830007860714746
2017-10-31,0.002900435065259943,-0.0004506349856615577,0.00843204546293208,-0.0016172449381297582,-0.004080490975204465,0.003919413919413861,0.0018427684886588303,0.0033838657282079243,0.000465582694649358,-0.0028254334214868893,0.0036109005306628195,0.0009444852555358096,0.0015110305228165366
2017-11-01,-0.0005484916479681079,0.0006967498667977967,0.002890860854450672,0.0019715457984761375,-0.0006277982454691022,0.0007297405772248577,0.006032080932673267,-0.004519088088493106,-0.005620189726150193,0.0023347538308096105,0.010873238316735367,0.001592072256781707,0.001056125528062779
2017-11-02,0.008830572739972009,-0.007672564438619522,-0.0021162862824511963,-0.004148053605615876,0.005372700071085035,0.0011029277719036834,-0.0075822757582275635,-0.010095534927840655,0.004103967168262779,0.008593590990298328,-0.003106933574546833,0.00018996960486306058,0.00021770074520643945
2017-11-03,-0.001038524306414157,0.003645819002283668,0.0005850412271237726,0.007956851436505374,-0.0009701394369900918,0.008522339272869717,-0.0014359252235167652,-0.0010266940451745254,0.0036569625699125474,-0.00434987331554515,0.0023275998106360163,0.0030970792875555375,0.0027625234395927123
2017-11-06,0.015297029702970422,0.0073611053995148445,-0.010597672166492988,-0.0033695364238409686,0.00026334414141571116,0.0034667990791314995,-0.0044496296497272825,-0.024391915039397083,-0.004250910909480599,-0.0013286792027925598,0.022021490140512467,0.0012713305304810074,0.0015026797789392532
2017-11-07,0.009215466380613213,-0.005524711517526648,0.01106206947496724,0.002689858277427515,0.0023365639346419886,0.0011246165057714475,0.0019622271277899284,0.002458037783552358,0.012340807174887836,-0.01325936950345008,-0.0017715132959776891,-0.00018910668318461443,-0.000983612023406688
2017-11-08,0.007440332399265781,0.0005746969157931492,0.010758383867903731,0.0022373025129891477,-0.001920709184929703,0.0049068066214930095,0.0001903984768123479,0.004623791509037467,-0.00031893405152549903,-0.006010329539741344,-0.003973688779151496,0.0014436587098169973,0.001635404846138444
2017-11-09,0.0,0.001654723483398124,-0.00034335074181846004,-0.0003279694459432658,-0.012763577749268062,-0.008504739760329061,-0.008729468073534363,0.002649930264992939,0.0010634526763557695,-0.0034486722611793974,0.0028856395855525463,-0.003761977813581785,-0.0038819099663457424
2017-11-10,-0.0001438710915020458,0.003426855075431723,0.009743663906865985,-0.006635622817229292,0.0012662023924561172,-0.0009200046902200221,-0.0014540067487859298,0.0014605647517040854,-0.004355524079319939,-0.0027223439843119257,-0.008052680364591502,-0.0008976174447306029,-0.0008195487464249807
2017-11-13,0.0031176555230465475,0.0031974529226079795,0.00599745779400962,0.001076036350851739,-0.005058404605810418,-0.00013541939386285673,0.005302489147755329,-0.002430724355858227,0.011558843404346097,0.0018044277881879012,-0.005431502715751324,0.0009836192541532451,0.001054569802477312
2017-11-14,-0.001673520130056394,0.000990085581370037,0.0030787300683372543,-0.004267591843684859,-0.004013780646887843,-0.0016433111817393264,-0.011368915853625317,-0.014341409078250988,0.011954152309963995,-0.0006003925643689456,-0.015424365800187911,-0.002309620711533511,-0.0021738039897662986
2017-11-15,-0.008237942430193046,-0.004444203566202343,-0.010804577308613506,-0.0027681882795549395,-0.005087819457970877,-0.008474269693407033,-0.005943331029716559,0.0012007345670290714,-0.009450350913765448,0.0018946833337183389,-0.011749502982107418,-0.005525675974360822,-0.005463107267943634
2017-11-16,0.003911720674168118,0.008057052643039908,0.015639572422698977,0.010171053759753024,0.008371166731363289,0.013280672790127124,0.012791991101223532,0.017495590828924046,-0.004033672395650778,0.0007610525587509187,-0.00581383652859635,0.008196146017733552,0.008610376261647623
2017-11-17,-0.005628247065614711,0.0048198952314091326,-0.004079254079254024,-0.003893775264447785,-0.0048203257067300775,-0.006679329186508154,0.0011257550796266447,0.006448034389516799,-0.0074308857193168265,-0.0013365903120247102,0.004309995953055479,-0.0026260422951377427,-0.0020715693808680546
2017-11-20,-0.0028542402399497346,0.0016392341283171241,-0.0007269890242390664,-0.004217881260251799,0.0041541230091322046,0.0027821327267618656,0.0018101533145002957,0.009644530173601673,-0.0031223389156967984,0.0049150821487908836,-0.0020752322043801064,0.001275762452255913,0.0016238658050689025
2017-11-21,0.005627789637104641,0.006023045863683407,0.002803605649797758,0.00873890255642329,0.0064650118916023125,0.011947150577475751,0.004763599529115536,-0.005390283842794719,0.00238468109339407,0.0025258903763576424,0.002241066020593596,0.006541086075890767,0.00673563871571603
2017-11-22,-0.003521806252412163,0.001026721425142707,-0.00157483101532363,-0.0003817320029265714,0.0013812154696133394,-0.0025719797099377217,-0.002316013187651511,0.016670096727721573,-0.0002840606469480811,-0.003962527772051527,0.004371386555468204,-0.0007502799121211767,-0.0007802902015473512
2017-11-24,0.003679496489954026,0.0021046181716462,-0.0001949490474081328,0.002185189506847207,0.0,0.005416875581978342,0.004533537251474762,-0.002901484480431704,0.0015627774817972284,-0.0015407257508164296,0.0027277468009145878,0.002056155374497548,0.001943941382690495
2017-11-27,-0.0027495055713665506,0.0007842511730538071,0.0005495089871310199,0.0001587688008721777,0.0018446198587454,-0.00010686329512976656,-0.00606274808330165,0.00392501861000194,0.0046100925564735995,-0.0003915336603791397,-0.01028123374804979,-0.0003842577293442506,-0.0006301406208543137
2017-11-28,-0.002805456128470607,0.010864656660911187,0.007830631588271686,0.007143461880370738,0.01484590120425966,0.0018168701739385007,0.011707103585984369,0.022177283451297658,0.004271241483991606,0.025782222017418643,0.008225545675020207,0.00984846737551015,0.010287724421730315
2017-11-29,-0.0019402405898332198,0.004362222105429137,0.005045089387733626,0.005064780858911266,0.008875304424576402,-0.02560341378850506,0.001351826317354643,0.027301503561065754,0.0005975395430579677,0.017721973899957444,0.0052919598292140435,-0.00036923685973555553,0.00019708964293929654
2017-11-30,0.0007290046656298621,0.004474097331240268,0.007573372511981091,0.0074752480423214696,0.015310090078413552,0.009552483919529342,0.005589005589005547,0.007895750417254987,0.0029859135138932125,0.005539615978812584,0.0154932105042771,0.008190946928299692,0.007701402344904462
2017-12-01,0.0018454664659317555,0.00013023885806551228,0.0024476192129427865,-0.0018471628408949226,-0.01168041615471771,-0.005684488305679025,-0.008511438083986689,0.004330934335392778,-0.0035374054356962503,0.00219485963872601,0.007952403393025609,-0.00202449028924534,-0.0021835840109504234
2017-12-04,-0.012894468951476057,0.011498593603500362,0.009281706725773997,-0.012382259372465843,0.008363336939147814,-0.019323232415040525,0.009884366452731053,0.01591730610691866,-0.005834592808688477,0.015549374739931121,-0.0002922096896734727,-0.0010521455442770167,-0.0009308706089854457
2017-12-05,-0.0040760202327750905,-0.005986482137109728,-0.0015098483288724651,-0.001884309700510678,-0.00890240973500911,0.0020667859161977997,-0.005041295720261685,-0.017790262172284632,-0.01240940427788595,-0.005822604645144613,-0.005300284500565078,-0.003739429575970621,-0.004250032692559191
2017-12-06,0.0015779092702168374,-0.006877347493848052,0.005636126194240143,-0.0011179547755651997,0.0011954958884634603,0.007528671846096735,-0.0063335489435102366,-0.009469335875436746,0.0038304575069809665,-0.0033838745363441447,-0.012890334208361054,-0.00011408709408766704,-0.0005581456431806853
2017-12-07,0.0034954706577392525,0.0023344070736448508,-0.00929533182967679,0.000285080772885582,0.008987785003146342,0.00649016835882299,0.006943502671621138,-0.000962402155780917,0.0009628757890232098,0.002851235172488753,0.0031555132174327927,0.0029323728639507607,0.0032686179823262496
2017-12-08,0.0024530245793061844,0.004345676442270019,0.0021731631597101675,0.01109387039910481,0.004030065568527252,0.004250234857398061,-0.00024242424242415517,0.01522060240190104,0.00320649850363397,0.005859883670457533,0.008506934140502853,0.005506298872194781,0.005206201601152705
2017-12-11,0.0019576175794058237,0.0025002590942067027,0.00012046948680000114,0.004196767862362671,-0.0020865853270046752,0.008137538939395395,0.001131587455544647,0.011766194331983781,0.006143902265786094,-0.002373451862080822,0.00712085842634913,0.0032019611540636816,0.002687340184693632
2017-12-12,0.00429834416060193,0.0002455256186599808,-0.00018928639030857397,0.004002495061856681,0.0012609535362564372,-0.002630559534427035,0.0001883847354540169,0.028010503938977083,-0.017472027108114796,0.010230123713123929,-0.003233346318659902,0.0015488780033008354,0.0011695146514196786
2017-12-13,-9.727153348582096e-05,0.0005684460751382847,0.005301022340022721,0.003044266114418992,0.003554917902120147,0.0004335612540760092,0.002448540293286783,-0.0012163970319911677,0.0026584279350481133,-0.012674216960328777,-0.0013678821276429387,-0.0004729534441145766,-0.0002920371211631023
2017-12-14,-0.0009241694634952724,0.002737320524739184,-0.0038692004793700052,-0.01052968441916402,-0.006465140660492641,-0.0007674319919824812,-0.010870732231050062,-0.009377664109121886,-0.0014331780723756404,-0.006722033089750057,-0.0032482780212900186,-0.004070826370242253,-0.004641500860138148
2017-12-15,0.0029698149951313813,0.005356682977079474,0.011171456070397268,0.011653747039614304,0.007066798836056654,0.012369662251296543,0.005318715910016092,0.010695844602901294,0.0037316110513097023,0.010413255615953965,-0.00027484392791232715,0.008974325134520456,0.009342594404226023
2017-12-18,0.0032522693073151476,0.007953788616220203,-0.0008328517523881196,-0.00011344182496964006,0.00671556486949898,0.007559597654472006,0.014765028207412101,0.009548716701131443,-0.01158218345606643,0.008253392100942225,0.006912261409158793,0.005362862086620401,0.0059284387367741775
2017-12-19,-0.018869750338687874,-0.0008513666340521642,0.0018031810836096618,-0.001103604765097188,7.885067259616463e-05,-0.005288333776242382,-0.0008777996488801287,-0.009699379480691661,-0.018010849909584126,-0.004028628980414117,0.00109212887120691,-0.003230291135099761,-0.0034847122302159583
2017-12-20,-0.01079988164513268,-0.001958539997456432,-0.0037526956580800075,-0.0028291756153973058,0.003027627097262675,-0.000926148557790718,0.0004792204680386103,0.005535953278987593,-0.007807896287566285,-0.002452773355135718,0.013753603989713925,-0.0008279040973793172,-0.0005962452662959805
2017-12-21,-0.0037389700383867464,0.006269432692797672,-0.0007158684165673446,-0.002557624205272724,0.0006288517167651886,-0.002887983670413319,0.003406157694456846,0.007078468146893391,-0.01187824795842607,0.008476404106634527,0.02081171451631514,0.0019856303069889503,0.002112289980328308
2017-12-22,0.007355884707766158,-0.0017222165940632417,0.0017227263423620354,-0.003249348573089561,0.00032993966817507214,-0.0007509051088366858,0.0036863181902564435,0.0018623092634866278,0.0014650638617579315,-0.002160104369399174,0.0021648688842452746,-0.0004581739347455649,-0.0005309819948833283
2017-12-26,0.004818439223088777,0.0022706515120762827,0.0026051865347616054,0.0005624179807111052,0.0005183056118360785,-0.0069600379313120575,-0.0007926861491305282,0.0020387359836901986,-0.0058516823586781674,-0.003343621399176988,0.008246299496581289,-0.0010583824636460903,-0.0008693412325325722
2017-12-27,0.004004350405378609,-0.0019237827644251748,-6.793247511982514e-05,0.0018840821085064352,0.0025116950802173132,0.001621577795194673,0.0013750793314999399,-0.0022739512895698644,0.004075010376183963,0.00064516129032266,-0.003204471355379601,0.00079089722066783,0.0006767426122264997
2017-12-28,0.004726968339159976,0.0024981295730353015,-0.0019362070722510616,0.0008727363401177524,0.0016285114778740173,0.0010433249687453738,0.0038819055667054236,0.005158039944821002,0.004734884070497047,0.004061895551257244,0.0009158364951498132,0.0018340279279212002,0.0019805487569239943
2017-12-29,-0.0009311443273707365,-0.006615563651082623,-0.0004254305357020982,-0.00727684178837984,-0.002892161460776088,-0.006118653357172987,-0.0031829540970669257,-0.00906975356524864,0.0,-0.006956484513795269,-0.0039400956080072325,-0.005183178668968558,-0.0052710238320985425
2018-01-02,-0.0058863926223879925,0.015127398673169257,-0.005464852993752101,0.012318052534716406,0.007588466784779202,0.014129707642517308,0.015015569747189428,0.0022881917263803953,-0.00871451546545976,-0.0006035263180582673,0.017847434431300435,0.008303380074131894,0.008303849819867759
2018-01-03,0.0010362182966545674,0.005331092183991748,-0.0005991304050120272,0.009740729263505887,0.005243911927176548,0.0108574535794832,0.0074357174427373,-0.0217482727545808,-0.0076214910956837745,0.005348746926627124,0.015269003370600442,0.006398818907860759,0.005976319036098188
2018-01-04,-0.017203135012569648,0.0031941706385845148,0.002586369319836246,0.0009616073163996042,0.0075384663013529085,0.004770765174296088,0.008361506103383265,0.005895719462015503,-0.00870656223861288,0.009374865920109832,0.005968578788868362,0.004028661363921104,0.0038702895549962424
2018-01-05,0.002758551509679963,0.008557001069625203,0.004544367376225766,0.00903451306631764,0.007328427230407497,0.011769352290679214,0.008855219716940033,0.0008547530374261036,-0.00015341541057811714,0.002996748209389777,-0.00018033939874850802,0.007033799683552555,0.0067429278586048635
2018-01-08,0.005852048216875794,0.0008509064002959477,0.002278911564626007,-0.0038387132714141625,0.0035994265320440366,0.003651946114277216,0.000938633653821741,0.001159031293844981,0.009436495454371086,-0.0012502119003221512,0.005826013239299543,0.0016623225124401397,0.001875374286885112
2018-01-09,-0.0113873694679264,0.0011828632683990037,-0.0022397936674924956,0.0109707987636245,0.006048448375429283,-0.00258422499178923,-0.0020529197080292327,-0.0182793078235437,-0.009994299828994802,0.0071287632868690665,-0.0031740908112760646,0.0013029031448006378,0.0010224466361505868
2018-01-10,-0.015441879181127716,-0.00015999015445200548,-0.004438624536580393,-0.0012672104273314666,0.0008308157099696789,-0.0031021723871995643,-0.005765079365079306,-0.008999503475670467,-0.01124673729464154,0.008489751206050222,-0.0009894399769729834,-0.0011122055472160275,-0.001367107702944792
2018-01-11,-0.006692551343619124,0.016235444720710923,-0.0009395124784338238,0.003917224711746714,0.012844313636706683,0.00477204572123946,0.01274650045979353,0.0018788751800589143,-0.0035715672192241366,0.004700033422459837,0.02024058200677059,0.007033618001404562,0.007867696810435643
2018-01-12,-0.007251967288998573,0.01282687951938577,-0.00018807919844066046,0.007533051136477509,0.008672845945220997,0.006055677630326883,0.0018916942013267324,0.0031880977683313994,-0.005532395683172986,0.009397675530698368,0.00963710816153629,0.006749627831013516,0.006369923966838886
2018-01-16,0.004818153559216443,-0.0069122219564698995,0.003882000855066181,0.004559709293643133,-0.009248315801914653,-0.0041446678246515045,-0.011630834298373749,-0.004299601196410707,-0.0026248775710088212,-0.00327504171043691,-0.012342225796300732,-0.0035244630756861017,-0.003940489303278172
2018-01-17,0.006857437483887674,0.004311071505984865,0.01165207318319661,0.009841134554968711,0.004562941755390515,0.015801471350119334,0.004915944982170073,0.0025032855623006167,0.006441982873752972,0.008348832403389128,0.00853157745681088,0.009415002053003496,0.009251615917763578
2018-01-18,-0.009832036050798743,-0.0004916067146282233,-0.0031320513252282023,0.00016683677475071157,-0.00611566322289514,0.0017255741996906604,-0.0006843586039083638,0.0023721830326486337,-0.006244633518070475,-0.001434602615075553,-0.007967987644353913,-0.001616379310344751,-0.001959906788684962
2018-01-19,0.006671493587091293,0.008685324919924575,0.011148648648648729,0.003924916350220187,0.002001314295955625,0.0015528872671728422,0.005985897631004988,0.003923522451267258,-0.002945565941402828,0.006813890485181773,-0.0010261128016418875,0.004385228178396927,0.005149059871350614
2018-01-22,0.009709735422553267,0.010905890608089663,0.006832609421984603,0.006548532444557331,-0.0003130123714412125,0.008667434845968769,-0.0020674701225353864,0.02351116625310179,0.0011029266947650829,0.00827625570776247,0.02100378989126206,0.008066754439027823,0.007660949157757058
2018-01-23,0.014755266103592124,0.008576470588235185,-0.002986610031691317,-0.005175611508695499,0.0014015416958652605,0.006409017983889376,-0.00027791814047506413,-0.011637068913267545,0.00956128270706258,0.0004245683555053059,-0.0015263997779781935,0.002174396481431362,0.0021525731645879453
2018-01-24,-0.003208985158443589,0.004047638488726024,0.001015160844747065,0.0031625183016106284,-0.002263150841981476,-0.009072395546430356,0.003664484823978409,0.006561599313178457,-0.005885104061111535,0.006790210779459738,-0.0024841915085817012,-0.0005600307136341964,-0.0008987873986960881
2018-01-25,-0.0017102615694165602,-0.0013824991867651404,0.00021612635078960274,0.008854379512327926,0.0015370610795242268,-0.0024004649321551774,0.007075590471874005,0.00712806141099076,0.015289920414004232,-0.0018868303257792984,-0.00774977795580023,0.0006026346765155566,0.0006403903331553273
2018-01-26,0.003023279250226718,0.009807229195993195,0.006000365673254349,0.021690906986613134,0.011324015853622305,0.016429982607520932,0.004100512564070513,0.009497308087834888,0.0006178321813337107,0.008124685771744744,0.006107834877843388,0.011841155234656897,0.011032044737684155
2018-01-29,-0.011705013563749644,-0.002811059907834146,-0.005055845614962751,-0.0026809398393323747,-0.006423667383681497,-0.008705186563444878,-0.011354864413954502,-0.012763662511984686,-0.012773511364951973,-0.004588162540645202,-0.01547344916614335,-0.006731944014173874,-0.006797184669409595
2018-01-30,-0.004625629034717638,-0.005430010628956872,-0.0068085954365803,-0.021259074861096683,-0.008526350129007376,-0.010197754315401486,-0.007279046923406307,-6.0698027314010083e-05,0.0016808693612697656,-0.012184612918094473,-0.02019951450289703,-0.010898781509218525,-0.010864946889226013
2018-01-31,0.020835461137779676,-0.003461654624445365,-0.004063001605136507,-0.014457994448903722,0.004023151817896364,0.007322875307941734,0.0009133810321206859,0.00157824450649513,0.011004878048780364,0.00109553468178758,0.0008680398574967274,0.0004889403811609849,0.00015341188021600338
2018-02-01,-0.01855927963981996,-0.01077073716603727,-0.004532863258624897,0.00033363425835064575,-0.0018917952690223894,-0.0002941473089724811,-0.013789607097591916,0.024787878787878803,-0.015825838576446483,0.00995034957949148,0.011003704038305084,-0.0006480605989779287,-0.00032211553210426125
2018-02-02,-0.010296141495489075,-0.0089201546003016,-0.017708069820389527,-0.013439014341488198,-0.020207447205432327,-0.029616739384462742,-0.02601141212152369,-0.025666804660240183,-0.007177314978232818,-0.02237338470182204,-0.04130178360796366,-0.021208513171602883,-0.021143725162260374
2018-02-05,-0.027295668743884116,-0.03419453791004323,-0.03730792342690359,-0.0455295708547111,-0.04459947297070865,-0.04030148141730916,-0.033910381590753214,-0.04248861911987856,-0.016947143872955595,-0.04985529853656523,-0.04354715433514145,-0.040979244278871785,-0.0404733913316091
2018-02-06,-0.001535447662413203,0.024879664167620774,0.01027250677700109,0.011313324929942858,0.0166764982542289,0.028173464045207597,0.02810784233385233,0.006339144215530945,-0.015109503717098627,0.01695757366283579,0.006724228662755349,0.017440938639606607,0.016565108718736177
2018-02-07,-0.004560398769753005,-0.0027506846682361363,-0.0039895494986583735,-0.0007828675614705016,0.0027129169345605497,-0.013722684132433272,-0.008608321377331474,0.002960629921259894,-0.00493696193235138,0.0016781018331670783,-0.01668860837915276,-0.0050015954644285765,-0.004563935269256136
2018-02-08,-0.03137651821862342,-0.04015754670392546,-0.02229626741342039,-0.03563807304928712,-0.039473272653342106,-0.04221264777097267,-0.035616658626788755,-0.03818615751789989,-0.01234213547646379,-0.045084400712528616,-0.029769639692852956,-0.037536451302551344,-0.03692104031125387
2018-02-09,0.023978441401308892,0.007027318701452012,0.0019940540932492645,0.014570371795693982,0.01087629033833748,0.025261631689499353,0.017146033069334266,0.014235340211571135,0.021837505708473426,0.019209415944925645,-0.003530987458906565,0.014936071290197583,0.014533324393187774
2018-02-12,0.002524303131210104,0.013458111627559166,0.010692188008828651,0.009651350240756917,0.015736236832780248,0.017921894263543514,0.020900497240587956,0.0083054339428279,0.007963271441920883,0.013770563242183176,0.01651596611274031,0.013914603653299107,0.013515523024304699
2018-02-13,0.005464480874316946,0.005127322357338704,0.004439273248008524,0.0005217845030003332,0.0024102881245737784,0.0026716775463313525,-0.0028099660127920423,0.003895025860417567,0.0036680237010762173,0.00444902959571869,-0.004467594911349182,0.0026129518072288693,0.002575764985898621
2018-02-14,-0.0063405797101449,0.015560394392386101,-0.001229661575748775,0.010857887874837102,0.012164834295657734,0.019504569718178377,0.013096452149643056,-0.0070601704617732075,-0.011847389558232835,0.023195104206787498,0.01402640264026389,0.013402479965752168,0.013902665083985077
2018-02-15,0.009223014638854554,0.008998048615962873,0.015862536578402642,0.01156671756985439,0.014472368092022903,0.01900074051487577,0.0068344370860926595,0.013708282621228474,0.021215200162568504,0.00619013760508591,-0.004227113060390142,0.0120690869070601,0.011851685537415335
2018-02-16,0.006535253174645206,-0.0044051811615829495,0.00403983629880722,0.006956557218193105,0.0005238021876445842,-0.001906536942359316,-0.003236160808250843,0.005244865718799341,0.007481991483264894,-0.0011015504842665225,-0.0024713010204081565,0.0003734622144111466,0.0006181351338501173
2018-02-20,-0.01018792229729737,-0.0032255743680752458,-0.0225145636163252,-0.010697028940730768,-0.010301182557280186,0.002484088981780319,-0.004751220799788847,-0.017161176766406938,-0.012561722299032185,-0.0023095649279041286,-0.005654119715495898,-0.005841403693699454,-0.006034974339479304
2018-02-21,-0.018079035784758113,-0.0012871870751981485,-0.012384565824325233,-0.004464331425411916,-7.779074290148458e-05,-0.005964129775362537,-0.0038456438138178006,-0.016437480012791772,-0.013161579389526668,-0.0006256517205422973,-0.01657658381723559,-0.00549652831466807,-0.005035776322289687
2018-02-22,0.011405605040191169,0.0010238496747769776,0.0023013917077412405,-0.001501640490810252,0.005865878325812979,0.0008337989427085191,0.006922257720979763,0.0015606710885680553,0.004580833468461165,-0.0078046744574290505,0.010808270676691878,0.0009735944886408721,0.0007848162088572863
2018-02-23,0.017237675867253888,0.013332531135310743,0.01028728462692774,0.01581153881810038,0.00795087165684416,0.021720832760752984,0.014225277630883104,0.007921049214387743,0.02663330777611872,0.014638455390569183,0.02195136741252801,0.016028343614550522,0.015652006913769778
2018-02-26,0.004381565749881133,0.008644746060584518,0.006639226914817442,0.01211770909385912,0.013904022344653821,0.01577828027672945,0.0047187027477970656,0.018229837670703297,-0.0033410636374355818,0.015069856141950888,0.006566585573290817,0.011756997779638123,0.011172039960921643
2018-02-27,-0.021496898980342682,-0.021202952637713213,-0.013795310305594555,-0.010069030467583784,-0.012335961977992027,-0.009492047203694232,-0.014816160253249944,-0.01840956538242544,-0.016800757217226625,-0.009352855888419165,-0.013283291741172376,-0.012706864297021059,-0.012918608093998918
2018-02-28,-0.00102057259494015,-0.004871301419292706,-0.010401081568274018,-0.01637552375361817,-0.01495739594188683,-0.0069846521459425714,-0.017804466919511097,-0.011600928074245842,-0.0064179703168874,-0.012842448104553594,-0.022861694712735137,-0.011095806550352139,-0.011335290960184263
2018-03-01,-0.0055919991396924384,-0.01023750528796763,-0.0034791795693831506,-0.015485450878709228,-0.019245130375256658,-0.016995498716924073,-0.010377560870964309,-0.0028038601982264266,-0.0006055712555509407,-0.0185015035081858,-0.0016304237063606841,-0.013324342350110263,-0.012407383750638656
2018-03-02,-0.0035146534011031294,0.0008914615084016919,0.008189080008042637,0.010106288473396452,-0.0007931597899712983,0.009705995634869735,-0.0025470803414171517,0.007650559079317221,-0.0024237527772168477,0.0030211480362538623,0.004062302243452276,0.005071573420174946,0.005836984817371826
2018-03-05,0.013619838298334352,0.011310257317504568,0.009482367872359676,0.008535954474909513,0.012065598755338192,0.009417728386270863,0.013610062209665541,0.010253082414017012,0.019558615104272148,0.013681486509417917,0.01067376895864669,0.011032048304691067,0.010866769547325017
2018-03-06,0.00390792291220543,0.007166296689508744,0.0008800603469951707,-0.001241343934342165,0.004800075295298578,0.002426939872354872,0.010854416809605416,0.004496402877697703,-0.013623004210024603,0.003892109062755056,0.00040232544104923385,0.0026387939462098053,0.0034030914063991613
2018-03-07,0.005225830533781117,-0.007354878896049577,-0.009295314658962384,0.0049612753456458325,-7.805791897586012e-05,0.00552907371260547,-0.004083039478219419,-0.00031973398132745245,-0.007288101469700048,-0.0017300677436163925,-0.008304679173955831,-0.00048384968403136774,-9.509017718478674e-05
2018-03-08,0.006418757625590299,0.0029806439156248032,0.009201398322737031,0.006745914122469054,0.004871194379391097,0.004557232002266209,0.0014109629156351389,0.004221838418729584,0.006935994159162906,0.002714440825190012,-0.0011760412019952149,0.00446310693853591,0.003883218157611168
2018-03-09,0.007115749525616666,0.015701136978884866,0.006299693091875058,0.01460958201772633,0.021689816972747966,0.02034401539278119,0.01847618034878762,-0.000573284922606554,0.002497482376636384,0.02480113281412688,0.019447827852212773,0.017378795678667736,0.017256895653409376
2018-03-12,0.00486732611084939,0.002925846955697642,-0.002193764714275348,-0.004452849823887384,-0.011663980048055134,0.002991164684749137,-0.0029756466811098337,0.0024856596558315847,0.00421907019729173,-0.003982687501269955,-0.0005774821777052574,-0.001273967637633433,-0.0009467639298461616
2018-03-13,0.0026041666666667407,-0.006944854547816681,-0.0001429975869158273,0.0015277763817833634,-0.005400747795848648,-0.01205863999935175,-0.004110270440087049,-0.0016529976476571395,0.002080665813060323,-0.010934981741028693,-0.007212735858455055,-0.00636359063175973,-0.006229706846463512
2018-03-14,0.0009870129870128697,-0.0019624400861094626,-0.012657096376280541,-0.005850887668978233,-0.011324257425742501,-0.0006972413849674064,-0.013196635120925282,-0.0075781697764758515,0.009662993132087516,-0.012004702873290585,-0.006482429205049378,-0.005724493818052956,-0.005721610805402677
2018-03-15,-0.0009860397529710685,-0.0006554329432513217,-0.006445888935160737,-0.0014031899858671926,0.0032546786004881145,0.0007880220646179215,-0.012760402791837655,-0.0021817248459958805,-0.000514118484536974,0.0008768450280800533,-0.00422188106011645,-0.0007819660444884358,-0.0010848715449198743
2018-03-16,0.005246753246753277,-0.0005008406968841639,9.111949410445241e-05,0.0007076353858128659,0.0052872917836421784,-0.0006479658792650778,0.0005936479667558725,0.0023151125401930095,0.009971115419617815,0.0018564485513443696,0.010102444466984606,0.0017034720983646334,0.00228227850093643
2018-03-19,-0.009508552529585046,-0.01302838326353839,-0.009967564415612862,-0.01695103595276337,-0.008207276394383678,-0.02112589358261996,-0.015102073838353935,-0.009110740408058593,-0.007482859941234099,-0.008536331459504498,-0.016930090574980405,-0.014204163502312905,-0.013741009453814512
2018-03-20,-0.0006260760682421651,0.006152916288909127,-0.0034418656015900995,0.0011406492452190609,0.003394549948377845,0.00020961372382966026,-0.000876208208975604,-0.010101010101010166,-0.00457882687297706,0.0020579588408231597,0.008396322778345233,0.001481798210046792,0.0013534385300064677
2018-03-21,-0.009240407204385348,-0.0008890597592330352,-0.013205526004728352,-0.0040647068484152005,0.0011848525949833544,-0.005968547765147769,0.011099235386006878,-0.00843799058084771,-0.00396542152430801,-0.00035625969235930643,0.026275804785154122,-0.001843986249236318,-0.001288004070728821
2018-03-22,-0.003793866582358474,-0.021224146224146145,-0.008010630930767926,-0.028878261945005534,-0.03276288948753492,-0.026893236633496298,-0.029652518024610997,-0.01405105877696411,0.004339517477506272,-0.03698035680593692,-0.020352165501993813,-0.02516289137256489,-0.02507682264715716
2018-03-23,-0.015550618851158382,-0.01953436943301201,-0.012471462802588706,-0.02072676331373502,-0.013893584480399235,-0.027307155670719507,-0.01946927374301688,-0.015990900575404865,-0.013834383795140126,-0.029888760693993932,-0.005964495133697345,-0.020966906104724736,-0.02087143977005501
2018-03-26,0.013593380614657313,0.029108451851387773,0.013450515857852618,0.02060190955100616,0.023019656501012342,0.04029757662152522,0.019912827963421975,0.00917930237301956,0.010410804727068124,0.03244771564491522,0.017757596643084517,0.0271572407717926,0.026637088434466438
2018-03-27,0.001431221839385044,-0.019153029417494638,0.0008106477641203202,-0.011478752097181855,-0.013676550381411468,-0.034719902708906236,-0.009887715770068639,0.005187980056596153,0.014599992043601073,-0.019800043468811146,-0.008763718206624582,-0.017276334844182117,-0.01709151760328831
2018-03-28,0.017679441033241705,-0.012364223201539182,0.013788686495752378,0.004930553317650022,-0.003867001051694796,-0.008659468187988573,-0.013287068381855227,0.016422012199208913,-0.0008626097867001636,0.0016186611676534124,-0.01987260634557042,-0.0029166124426820428,-0.0024959090232896664
2018-03-29,-0.0010922708831788697,0.014303849972975957,0.006577602705364116,0.005569095262527801,0.01508949744989141,0.021739324997986254,0.018783772193155412,6.59456607756681e-05,0.005180127148575409,0.012861949880456747,0.021546598876542866,0.01376967370441462,0.013620998210379875
2018-04-02,-0.012652954959645912,-0.028328190639057227,-0.024495597437838024,-0.020739213164244763,-0.020657652612209088,-0.024824372383104643,-0.02169276533647624,-0.014441147378832841,-0.007534941828687303,-0.021266365047100666,-0.01994822292239462,-0.02233733580221664,-0.02239659964034668
2018-04-03,0.0031642231832085255,0.012255933478721115,0.013681262536426653,0.01516467293371826,0.013838964773544182,0.010096292037941934,0.014457416597343675,0.007694366385655016,0.003461704889658135,0.013845466726217115,0.02137810996211731,0.01261483879963432,0.012759197324414773
2018-04-04,0.012196404163600016,0.018129819079776288,0.015195355522783727,0.013965076615447103,0.004254564793476412,0.01365916124213018,0.006503605259437384,0.01288095080007956,0.0021168999176761627,0.011035242290748926,-0.001383347701437443,0.011566486259060316,0.011393094793850977
2018-04-05,0.0005713098576920483,0.013673881031047719,0.0031627530662154957,-0.000632744529396323,0.010029687876113247,0.00397410253710917,0.01868239921337267,0.007079646017698948,0.007902045925751944,0.00690616762162044,0.018148966071070083,0.00686280811739759,0.007003738592395559
2018-04-06,-0.00944718401245781,-0.021412178329019982,-0.009769956924204792,-0.023953991452540402,-0.027327613600254153,-0.025314354121337646,-0.024296745725317148,-0.014645577035735213,-0.0071026586454492335,-0.024384438963174437,-0.01841700516622624,-0.02192020549488527,-0.02164326707953701
2018-04-09,-0.0006812346067180952,-0.002482472992190843,-0.0018696086779460552,0.009341045461916941,-0.0034465860829794304,0.0077816825647276655,0.005172559993216197,-0.011692429647245262,0.001172699554374157,0.005056441418464841,0.004680594616311762,0.003336571356168383,0.002949608099822587
2018-04-10,-0.00713162034609327,0.01210559883946316,0.003319671371079913,0.017352370955130203,0.015325607697225019,0.02482831014482456,0.020780608514706644,0.023126796337143096,-0.0072231766359518446,0.015578454952668963,0.03319137024373675,0.01672687474169199,0.01675340768277578
2018-04-11,0.0020069715855075554,-0.003212613213725124,-0.002144177449168172,-0.008622958759304633,-0.007539067544879319,-0.005095353419615756,-0.007823475937301927,-0.014895146011628668,-0.0015338026507256686,-0.012558392178164013,0.01041162696185638,-0.005525298565605352,-0.005004956206633215
2018-04-12,-0.011490617752477394,0.004474966220822774,-0.0019079727326617446,0.0064146134239591035,0.014476958862664091,0.012851608850422247,0.010717161340477954,-0.00026526958021089175,-0.01276193477233345,0.01824102801064975,-5.745915611643504e-05,0.008250731400845313,0.00788816122552305
2018-04-13,0.005172229924282901,-0.0056644288676078736,0.0049924834357195635,-0.0007703347262674187,-0.0023890839706895983,-0.0032733506189218664,-0.001043870010713377,-0.0014593698175787706,0.006902330035110094,-0.015537211513527494,0.01086040453570325,-0.0028866474724003055,-0.002949087727257882
2018-04-16,0.004190759110922704,0.007483896590669392,0.010692520775623215,0.008047227297208748,0.00998103442733611,0.0070262468779438425,0.01383198130070129,0.01488075466684391,0.013789277647897835,0.004719362556796947,0.010137375651350089,0.008109023830139561,0.008320873691737729
2018-04-17,0.013312202852614696,0.018700108406425553,0.002283981070364982,0.008223942673357687,0.008386511561291554,0.02009920873311488,0.011229250298361748,0.0009818681678337438,0.010474887629470242,-0.0007428121995980419,0.003995498030388234,0.01066157798822931,0.01041196570175984
2018-04-18,-0.002137420498383835,0.004933852516506576,-0.008622889853064586,0.00043641804692517994,0.010194741659565132,-0.00233880737649772,0.007295745936376941,-0.004446769552707175,-0.003906703283951485,-0.003694958240412771,0.01545130130971728,0.0008313657676830566,0.0010368479821343257
2018-04-19,-0.01671803980983222,-0.003646121633654964,-0.03137125098839655,-0.008090984628167819,-0.0029057051802787726,-0.011333546961698526,-0.010731213718911503,-0.0078822911192854,-0.0008154706430567593,0.015251596480063245,0.0013983440662372892,-0.005726120857699746,-0.005704724723129551
2018-04-20,-0.00881993517878965,-0.010229592144832655,-0.016839107736117742,-0.0055392090135181205,-0.004292921380001924,-0.015105508264956269,-0.0060563645662297105,-0.006554555084745672,-0.008899770704597576,0.0004755317309355078,-0.00510785286443971,-0.008536535555283331,-0.008349760405147788
2018-04-23,0.0016081479496112827,0.002172003123779742,-0.001544759403722784,0.004085414648528074,-0.0007710221550856211,-0.003975024032008112,-0.0030060120240481547,0.010796401199600014,0.0009411026586150228,-0.0010802402454306304,0.006094407919036593,5.617682967939963e-05,6.464541987183381e-05
2018-04-24,0.0015520470966015054,-0.015804212833312903,-0.00640133054846459,-0.007885906040268398,-0.028171897390674383,-0.019876186832678222,-0.026891212820861043,0.011670073185204854,0.006463997492752727,-0.006812873085907167,-0.010738279672528384,-0.01338056915166519,-0.01270200387847431
2018-04-25,-0.0034198995404509658,0.00379800079176551,0.0013819413356170873,0.0045345002536782975,0.002770846161324947,-0.0011887230984864994,0.005359385903698666,0.008081334723670563,0.00031139309485817,-0.0006315193484461856,0.008145770322676604,0.0018371189116968,0.0016204537270434471
2018-04-26,0.012493297587131469,0.015873994010278558,0.005461825532576459,0.012384650188873803,-0.00423365920659291,0.022701435270712,0.005747286003831453,-0.03232479958624257,0.010311685279582816,0.0003922252244399349,0.015037178826474262,0.01043418958854292,0.009772359583612555
2018-04-27,0.013186464015251698,0.005022626081259807,0.005760791818902433,0.00440684307896988,-0.0011683949174821073,-0.0032045715079723758,-0.0023189045936397035,0.017504008551576744,0.009590201817901711,0.0014811587889347333,-0.012167038386915463,0.0011136358523251566,0.0008091793303230954
2018-04-30,-0.003815596905707652,-0.003742108376287079,-0.005804678340092573,-0.015635671268031226,-0.013549739240629743,-0.005061901567359861,-0.01297731045932482,-0.0266579120157584,-0.0028230267424560473,-0.009635042846578679,-0.00040383273982158574,-0.008187541902161422,-0.00836014941543628
2018-05-01,0.006820924497612513,0.0016115156728986335,-0.008815853069115365,0.00028383108896523623,-0.0045786188382166415,0.014641237149512376,-0.0001121359087212781,-0.00769023205612529,-0.0027927617735948873,0.0008564840232787585,-0.005545761715880726,0.0025490455240648746,0.0026906268345181505
2018-05-02,-0.003283130960446079,-0.007088938352850072,-0.019251399481168052,-0.014092944069613478,-0.008901537086980271,-0.00029343229481326727,-0.0023831552976141257,-0.0176070700203943,-0.0013427453387555577,-0.011936630534954085,0.003951693319053096,-0.007205815880669042,-0.006570280863243738
2018-05-03,-0.000888842413468538,-0.004410438850849241,-0.00037786881985601983,-0.008719473846908188,0.002170247575165707,0.0029006526468455807,0.003428699904446164,-0.0018683828108779776,-0.001075640582382631,-0.008527648234510354,-0.002335932901706861,-0.0022536964035709817,-0.0023573708766473356
2018-05-04,0.010780260610183667,0.013069655881345232,0.013966536020531883,0.007548792945857308,0.011394113041595322,0.019712150948593354,0.012771678243334028,0.0074875207986688785,0.0038841672114757753,0.012431124848810704,0.0044800058995964065,0.012811201149927953,0.012832083490589286
2018-05-07,0.0012425575977219605,0.0035997294163123694,-0.006337682723437599,-0.00107794273029016,0.0069340360701639625,0.007901267917138188,0.00030420353982285597,-0.006055601431323998,-0.00536316273368076,0.006814008539633987,0.0018354012187065116,0.003457960066380883,0.0037425270968682867
2018-05-08,-0.00682558560421942,-0.004453431549553466,-0.004561431223095491,-0.0078101628274712676,0.007180711855535149,0.002889495636442918,-0.0024881811395869313,-0.013015785101080035,-0.025111693113541778,0.006723944714232433,0.007804484830719716,-0.0002656559269333947,0.0002421151176681402
2018-05-09,0.00728900921539033,0.003494051649095553,0.0016067921683760034,0.006116405534916325,0.011059683313032753,0.01373775502534591,0.014107147806324605,-0.011293490460157263,-0.007466814159292068,0.014973262032085488,0.020341756044355508,0.009682176113057217,0.009230421662443922
2018-05-10,0.009613893626919001,0.0035180299032542273,0.005901925057434809,0.01277921077135491,0.006184142893857603,0.012834876594062017,0.007789013391637178,0.01908478183753104,0.013374198941209281,0.007806283735833697,0.00815977480446839,0.009370632999603501,0.009114021202091482
2018-05-11,-0.004863564224645511,0.0022570924327374176,-0.001102579247883484,0.014699821404039026,0.002155138008652413,-0.003229059912481902,-0.0003796610169490844,0.02095516569200795,0.002042499705408707,-0.0007681802663025428,-0.00104264230300255,0.0017076314600799058,0.001616200028521142
2018-05-14,-0.007202387076859829,0.0015572405697106273,-0.00015768518153502775,0.00648836676456499,-0.001943417866700714,-0.00017136002741768852,0.0038794389734406742,-0.003614047050801261,-0.004351064246795544,-0.0005979328606815493,0.00631545428814051,0.0008835217690965624,0.0005220445161597809
2018-05-15,-0.01668566690848794,-0.006087715731183718,-0.004317312620746749,-0.012944816382280844,-0.0036709547674529386,-0.009597806215722149,-0.002918603394227781,-0.008075554338899615,-0.008818897637795309,-0.0015811965811965978,0.00012305528698242085,-0.006842165025108815,-0.006324510640989156
2018-05-16,-0.0043739460370993966,0.008327116074222207,0.0076623042350565385,0.00532550581822,0.0037165192874535347,0.0037576636561407195,0.011491760624458003,0.0035186973920242615,-0.008619319987289487,0.0009844626118222788,0.0036912043872601163,0.004060558004020054,0.00448715908729258
2018-05-17,-0.005081247022706847,-0.00322218774613936,0.0027704641018588827,0.00019812717679190683,0.003048391215526136,-0.004917575200315216,0.002090032154340893,-0.005568924028875877,-0.008974718538403037,-0.0007910715812879943,0.013116878568176338,-0.000855843612027285,-0.0003960207831706919
2018-05-18,0.0009575996169601808,-0.0011852880609166672,-0.006328989908886085,0.0027211026199736033,0.005489522172895889,-0.004545867056076736,0.0014439274827529047,0.000760508849557695,-0.0013341419041842384,-0.009115224136086564,-0.008055176228587202,-0.002632227136203147,-0.0024879958163636084
2018-05-21,0.01020462397023647,0.005513934671860898,0.004338223694589027,0.001133315311193872,0.015350044309406341,0.008387342737323777,0.005553775499305802,0.014922279792746185,0.005869970042911454,0.007406767582975204,0.009671516946937242,0.007386738519040259,0.007609697200775312
2018-05-22,0.0010522439101383618,-0.004792275138582602,-0.002316814576297843,-0.002762574386988903,-0.012484024812194128,-0.002605408071011839,-0.009107806691449838,0.0014294465999591388,0.00390389181792572,0.005937580382405994,-0.012789092164307903,-0.0031357367883761977,-0.0035632636972802167
2018-05-23,0.008146318389656626,0.00761831750176678,0.004821505884205157,0.003353433103175263,-0.0014677798645855722,0.008561799049055407,-0.0018222257952139609,-0.0042822185970635696,0.008980115458627314,-0.005987768757058531,-1.748282312630245e-05,0.003248373977771557,0.0030221997183499383
2018-05-24,-0.003962047753101827,0.002056610278296178,-0.001390548189349583,-0.0033422251746363374,0.005990390086615838,-0.001217399830054311,-0.004241724610056563,0.005938971943477478,0.007509535918626797,-0.007095695421025505,-0.016678904856813115,-0.002023202806873625,-0.0017668401956144608
2018-05-25,0.004501203810321375,0.0018625729606607244,0.0012748097591590568,-0.0016767165515877425,-0.0018696874950901998,-8.18042750916348e-06,-0.005095575746137948,-0.005903908794788304,0.004180305241156201,-0.00423170758037017,-0.02608278216343085,-0.002357245505469785,-0.0023072789911184888
2018-05-29,0.002501042100875539,-0.007957465452521628,-0.0017824613636807651,-0.010650949301064139,-0.01633925198337738,-0.006585298015412189,-0.017695517858110632,-0.005665915762168128,0.00043199937163729274,-0.03369397888163739,-0.0032130273655001096,-0.011564198388288038,-0.010676043844642935
2018-05-30,0.013721413721413667,0.008331642336202094,0.013166673207487989,0.01376016195868801,0.012465994559129667,0.007246555827301604,0.010758917487379005,0.007689139091033859,0.007654863782680321,0.019408979738371412,0.031134960898152153,0.01269582803565994,0.012888661180313177
2018-05-31,-0.003537735849056589,-0.004723290914471767,-0.016113725718048588,-0.010390664003994021,-0.014541086472047993,0.00022891339715647163,-0.008651982859794072,-0.013012672026161631,0.001129767423740713,-0.00898045430533545,-0.008276940018827283,-0.006879563584568427,-0.007287039817903018
2018-06-01,0.004013377926421313,0.00692230838764929,-0.00025590047440005037,0.011803037469126032,0.01151582222649905,0.019698393886141474,0.01541765321292865,0.00248498653965612,-0.015409759514359078,0.011082977967306284,0.005408793767350151,0.01084919435028664,0.010429604152734084
2018-06-04,0.009737098344693385,0.011339743438304684,0.00823029061983127,0.003791498732704568,-0.0013160606973534605,0.007911506552843672,0.005666720893660937,-0.0010328444536251702,-0.00845782942059925,0.0028556993168287192,-0.00919179863548103,0.0044795986279628774,0.0046803347148460794
2018-06-05,-0.004770847079125007,0.005734775397696845,-0.004823653478107981,-0.0015005225958006907,0.001730598247173809,0.0042945078016891625,0.007602922541856572,0.005031706644609724,-0.006497130102040782,-0.004227542549229968,-0.00343395480124431,0.0007026178887243884,0.0010979703234308413
2018-06-06,0.003161813453006257,0.010080247128639197,0.0014129005671226214,0.011732028853328913,0.008970884250233846,0.005337261050664344,0.018649827415513798,0.015088128386256061,-0.021263791374122376,0.01843378794544659,0.005646761681399992,0.00856737485448189,0.008413762847831574
2018-06-07,-0.0012709064104519108,0.0017590857353093625,0.006094334816092006,-0.0007273099774636194,0.0020578394256898225,-0.010862030939853162,-0.0053848174415550565,0.012161340449969638,0.004345152695224508,0.00213832130977587,0.015840553970902338,-0.0007141955380813858,-0.0006991811811501991
2018-06-08,0.0045810852081848985,0.0025364398025937707,0.013030267617155644,0.007001609447559787,0.004263991221194585,0.0002866767003513182,0.0026145516968176796,0.002002536546292122,-0.0001224439818783285,0.002586374119016188,-0.002189806802528893,0.0031259362467830343,0.0032340319671622098
2018-06-11,-0.0012667207134171576,0.0034000755572345387,0.007709907519563242,0.0010078182262398538,0.001529768037213941,-0.0001114534323677363,0.0009482667790539079,0.0066617813603357945,-0.003347212017307477,-0.002794677214781771,0.003592793175462683,0.0010687182218256375,0.0010538714276857597
2018-06-12,0.005783572624422861,0.005042898868200085,0.0018125620087003913,-0.00029492225239236003,-0.0007169576059851135,0.005828071879553143,0.0015000000000000568,-0.0020514856726887576,0.012860419397116685,-0.003319895660422123,-0.007512565029538787,0.0017433501078361058,0.0016875154817934668
2018-06-13,-0.023203026481715017,0.0013395391077308805,-0.003580474984287818,-0.0002644910581677262,-0.008172941947156676,-0.0022797254830563274,-0.01082586646346273,-0.044893899204244136,-0.0027092600080873552,-0.0033093245084678813,-0.004069013308694136,-0.004026050917702695,-0.004234864994358656
2018-06-14,0.008365608055770801,0.010123798294939146,1.91135151665911e-05,0.004680695184989148,-0.003994338732505098,0.006085224883571438,0.0009297383450657115,0.009789627161008063,0.011717958074848989,-0.00933159722222221,-0.0021409455842997804,0.002471510972283708,0.0024679094168593707
2018-06-15,-0.001382700875710574,0.002356875904871991,0.013226299694189425,0.0025320045373520284,-0.002541998231653464,-0.004479142023499638,-0.0062632696390658715,0.011757425742574323,0.006853158063481857,-0.0003285870755749265,-0.021079921330234175,-0.0010170746345898873,-0.0010064100579072477
2018-06-18,-0.0015897435897436196,-0.001925854597977894,-0.014770240700218928,-0.009859980199220075,-0.003814800158290388,0.002621948321477774,-0.002643948296122245,-0.01970778117567107,0.003502766389364531,-0.0007231291771667703,0.011232671549378015,-0.0021261593144484836,-0.0016428759628649425
2018-06-19,0.0009245467152909637,-0.0014583964370252778,0.005188688276628106,0.0024181205999387334,-0.021403374964248267,-0.007173725834103584,-0.018155040835453162,0.014211438474870164,0.01059061520764737,-0.003355116003683989,-0.002691182314055629,-0.004023433979269853,-0.003756888923387325
2018-06-20,0.010930363832298395,0.004752328416227636,0.0010857142857143565,0.0020458639958471636,0.000178609122055029,0.003334261727609089,-0.0038999645457769017,-0.009706083390293996,0.0,-0.0031023784901758056,0.004255935671985123,0.0017121614137458607,0.0021192713446465117
2018-06-21,0.006243654822335021,-0.007044458359424022,0.0007230245257530132,-0.005322606858442991,-0.011867268417805832,-0.00803432632213441,-0.009938670463257027,-0.0017945886250689824,0.003336211633566233,-0.0018760483799770133,-0.019259900454447032,-0.006345489498865264,-0.006499867825654371
2018-06-22,0.007869646370377792,-0.0013625819238305414,0.008460880311816688,0.004217556472366324,0.002710828527773712,-0.0038138337424342694,0.013771743038079487,0.01223897109666705,0.007354379376442566,-0.005262808747761083,0.022028537805236947,0.0018619806819504259,0.0017529855535207695
2018-06-25,-0.0018018919865858685,-0.021752122777145,0.004430618401206621,-0.00904034086864558,-0.01243609909555643,-0.022786008957092707,-0.014593960555388752,-0.0007514174465468315,0.01650421342860464,-0.010336778926308798,-0.021985534885394564,-0.013724735741665661,-0.013843101104635713
2018-06-26,0.0050644336358620645,0.006847104389524183,-0.004467386203660273,-0.002832279779985236,0.0032684618319978043,0.004755451521498033,0.003626397962573469,-0.004238446814328722,-0.00011460880195590661,-0.003683737646001717,0.013980868285504044,0.0022045806696182613,0.002360695216819586
2018-06-27,-0.002843743763719764,-0.012868362603897121,-0.0026396666478119,-0.009241345243485743,-0.007855134777575712,-0.01452580639887524,-0.003640877120397179,0.00034326513799265435,0.005845718870591821,-0.012647668861033523,0.013388969521044958,-0.008604290761129008,-0.009025384882875409
2018-06-28,0.008555561114724552,0.0075966690635800305,0.0016636104126888096,0.001651536240314222,0.0015667972331026014,0.010758396443176332,0.00440162777177977,0.022922242811063143,-0.0001519410468736604,0.008585454960611916,-0.0011636650076982669,0.006178624478169192,0.005917537283674834
2018-06-29,0.0015874590733206961,0.001680536850950265,-0.0014532414834387275,0.001503634647890273,0.00201367970843247,8.206542255506655e-05,0.002287635742241223,-0.006239516940623968,0.0003039282729275783,-0.0012678001403635397,0.006470345742297434,0.0007583817752760957,0.0006501125804714292
2018-07-02,-0.004952947003467045,0.0016317525251945408,-0.00527330460421882,0.003655076725548323,0.0019431988041853643,0.009871660211383082,-0.004592327787707795,0.002295436132865314,0.007937713634637245,0.006619063810495263,-0.015457491897282405,0.0030680150237090142,0.003137528324908434
2018-07-03,0.004778496764559437,-0.005965697240864931,0.0019000931045620728,0.0020839566289423406,-0.0037296732806205712,-0.013707980205904247,-0.0032598486104205016,0.011652970497103565,0.002524586457666178,-0.010538879005562163,0.007198929204500271,-0.00494735413740377,-0.004280862491114368
2018-07-05,0.013573763994847887,0.005586011887587228,0.0145650401107551,0.010470180062388534,0.005074706332568013,0.014648212226066937,0.00964523281596441,0.003994939742992143,0.006314365180786208,0.002321400122897721,-0.0015623877595000168,0.00862075320099387,0.00875717866548209
2018-07-06,0.004105571847507372,0.00771270185586892,0.003084285100098949,0.014457463066734677,0.0038571688711572794,0.012366228746813146,0.004749094103436935,0.003581139332847094,0.007357884514827662,0.004995345246474825,0.006655035343633431,0.008481296202235589,0.008398075047966636
2018-07-09,-0.009151090342679136,0.011685516110294891,-0.0047519660094665905,0.00652813626731219,0.018073878627968387,0.008164836663164365,0.009425971967979008,-0.014207361395625506,-0.031255793259426845,0.023225864756783565,0.014758697089356287,0.008823039183714743,0.008842794759825301
2018-07-10,0.004814305364511551,0.0022403098157091073,0.012563896118486184,0.004130953212464705,0.0034339769340416826,0.002338920755137419,0.008363557624641471,0.011328596326585227,0.009759644825474645,-0.0037095100355495347,0.007395277587026738,0.0034732074550045677,0.0029372207707885067
2018-07-11,-0.003275642906032994,-0.002280232740996979,-0.0034394763119938165,-0.007929804338537072,-0.016158713759927612,-0.005095521179748097,-0.01685679774526916,-0.010472592298005012,0.008679831709813124,-0.005186055273597612,-0.021481131910579654,-0.007094178621538827,-0.007198236663224167
2018-07-12,0.002011085495658982,0.006732490458552398,-0.0010576708973500937,0.010958080833374906,0.01119005037163423,0.017941619931233,0.0021841810686105134,0.0052247303905150755,0.0008642717571021308,0.0019159222046472024,0.002000571591883382,0.008749035695488905,0.008119857165036493
2018-07-13,-0.0027413354219698594,0.002505004417306944,0.006278443391845467,0.0022887376274411952,0.005938762595531388,-0.00023510971786833146,-5.4485520472935534e-05,-0.00752981941760511,0.0006007133470995463,-0.00462499722055465,0.005561893896177894,0.0010792305300737493,0.000939429873870079
2018-07-16,-0.005890437855880615,0.0019186792347591908,-0.005113248297122119,-0.006870304468169275,-0.004403580933946327,-0.0034882809437956075,-0.007955319438768593,0.004699879145964703,-0.0015008817680386422,0.01796046018094488,-0.01180683590980014,-0.001028090429120665,-0.001446287349601616
2018-07-17,-0.006320363420896702,0.0009909037264659304,0.0078113403592101616,0.005384959936296285,0.0037911927675706725,0.008110127826941982,0.013182105292065982,-0.003608660785886064,-0.0006388335650671095,0.0015361320195745876,-0.003803236338846827,0.00397365665748306,0.0040986132511555695
2018-07-18,-0.004273504273504369,-0.0007897137009764688,-0.006462065283428742,0.0008118329604183128,0.011266059784363236,-0.0011158275851305133,0.00016263247770575973,-0.003621730382293742,-0.0050011280740015485,0.015293937202830898,0.00030614082477953275,0.0021604883344306103,0.0023018138292973944
2018-07-19,0.010130751572013263,-0.002114988590193101,-0.0012600526257272593,-0.005519943019943074,-0.0007182302805884833,-0.003343410434877847,-0.006070625220195747,-0.011039310716209005,0.009334492271644956,-0.01441612534259884,-0.00018002772426961577,-0.003952948196134454,-0.0030926572355930437
2018-07-20,-0.00918926930487618,-0.004484354955658576,0.005862926268136004,-0.002019297722072988,-0.0011020779760099186,0.0008935219657484339,-0.004089979550102263,-0.004900626191124413,-0.0075632769207727435,0.0019707022268935503,-0.0035291787457011337,-0.0009484790461010695,-0.0013054028319563482
2018-07-23,-0.00234355522313634,-0.0010308931792969434,-0.005256944700630872,0.002402144985896193,-0.006172049888071629,0.0051762347395045705,-0.005037645448322969,-0.0002735978112174964,-0.006375914887195355,0.013221442776284453,-0.003939213241538786,0.00183808439484201,0.0016300419812700362
2018-07-24,-0.003098760495801711,-0.0027930140996735853,0.001743032505701958,0.00905854745048118,0.0050358786240627396,0.004985976939856807,0.012960567953550939,0.017583470169677096,0.0033792763032995943,0.003299974117850102,0.013152404622389868,0.004780938945058377,0.003515774928993576
2018-07-25,0.00957585480798162,0.006928977975748651,0.006552764563241498,0.011470353472146977,0.013335040901596207,0.01501550387596895,0.007769205693795467,-0.028844214348147545,0.002648906380080085,0.002558204527377095,0.009024495058014503,0.009101545880016992,0.008445015604920059
2018-07-26,0.003674827432090133,-0.005026921959829345,0.005222796402891028,-0.001967986126672039,0.008436018957346025,-0.016397198652787104,0.006065016982047533,0.0043616726668511685,0.011435688405797118,-0.0012222317522943005,0.009937535491198135,-0.003032251490652005,-0.002093573639177171
2018-07-27,-0.009252387313839039,-0.002728252571069234,0.0016282175591371129,-0.0071553381946681816,0.0,-0.019900613401661715,-0.003590279452348466,0.019369959329978537,-0.00410463076980494,0.0024474548616328917,-0.005095586168119115,-0.006562253298748155,-0.007206056736294819
2018-07-30,-0.0005493407910508452,-0.007846889952153102,-0.0006757990867579666,0.0009733747591142983,-0.009368048375473892,-0.017809185039650788,-0.002258732420877041,0.019475250202867223,-0.005994979204915762,0.00023558135052370588,0.008406626399632744,-0.005754180827438504,-0.005635183143452127
2018-07-31,0.01893769050117422,0.004391339869280975,0.004514466397382844,0.010136827526594505,0.021222088683661156,0.0029521128578227085,0.008974531734267543,-0.007694348633589754,0.010629876738663224,-0.00683025008564575,-0.003187502189218594,0.00488474987511589,0.005389922385117707
2018-08-01,0.0069635151039624255,-0.0044286279161723785,-0.008806404657933142,0.0005056447456703861,-0.012821703985877453,0.009674695403916411,-0.009722741599444418,-0.0007352941176469452,-0.008317481630674028,-4.3117387086399894e-05,-0.013317871951647908,-0.0010403758135703045,-0.0011487914713721459
2018-08-02,-0.005259569494497018,0.006298015274105451,0.010848814156692699,0.002905987890097217,-0.0016627450980390979,0.013691974384299366,-0.007174839510168951,0.0018061408789884492,0.00530314427561307,0.00040963283961792385,-0.005199615370917843,0.004926493587738445,0.005290518470810079
2018-08-03,0.012777832174679427,0.003326642459234641,0.01173116385494044,0.006376586878573454,0.0008484696122179614,0.0034415834426833047,0.008639426211693113,0.009348290598290676,0.010325863294548876,0.005323046420413036,-0.004653993484409202,0.0046441380578801095,0.004225395082067429
2018-08-06,-0.002368637308454602,0.006732379485911544,0.0005923213612621936,0.0014155303905709626,0.0012245282426448512,0.005912062957597497,0.0010235414534287557,-0.0008600158772161803,0.001259026106276595,0.00426590066239374,0.003362946444628312,0.0035382963367192044,0.003736727780899951
2018-08-07,-0.0021804438414574356,0.004443352833474856,-0.005668568148387454,-0.00011539016298867111,0.00702458605117906,0.0032928538066323565,0.002556237218813928,0.004171356684102401,-0.0021820333592217356,0.004845457650273222,0.007169358163210404,0.002824165029469361,0.002784545770971203
2018-08-08,-0.005341620939154024,0.0012115149494273947,-0.007721450478080372,0.001596414798572976,-0.004110612855007467,0.002824266970818501,-0.003059663437021909,0.0012528023209810168,-0.005374351371386199,0.002570366436537297,-0.007616607050700219,-0.00026237996116773576,-0.0004376499705717185
2018-08-09,0.0013669872577259934,0.003829971469488047,-0.0033816952110832244,-0.0010177726142353016,-0.005722326454033699,-0.0005415986444560206,0.004980481895275224,0.009812314784326759,0.004061859511831578,-0.005636070853462072,-0.00887653546131073,-0.001441718864821362,-0.0013437207476522106
2018-08-10,-0.010043391350982422,-0.008250022118021838,-0.003174255691768879,-0.003911844141364806,-0.008098248262414787,-0.008112899355148362,-0.014304848647200719,-0.007369244815442766,-0.004045427553444059,-0.011613040698913224,0.0026777637054458125,-0.0071138709971333425,-0.006848590218459627
2018-08-13,-4.924895345981284e-05,-0.0051406141974620345,-0.0007503385674022534,8.68424099735865e-05,-0.005199828786125238,-0.0014594666312855997,-0.010408740080443457,-0.0019052624663294937,0.0008943543879260663,-0.010154144658833797,-0.012162113392760299,-0.004005957759204981,-0.004155757169822638
2018-08-14,0.003595350669818753,0.009538540861046663,0.0064101390084430054,0.004496116551690799,0.006549696419180684,0.006182488940301045,0.007634635981655036,0.007174828857293258,0.0016754160616554437,0.0085812606176765,0.002612158410054022,0.00638924424064391,0.006787019061740285
2018-08-15,0.008440889237866234,-0.01217968645911971,0.004367527433531748,-0.0015752418092227494,-0.00484468509546887,-0.010657717912267994,-0.015507890218309672,0.006927651787464795,0.007619684805233229,-0.0067590913017189225,-0.03512671488694952,-0.00760221974957398,-0.007849627256578007
2018-08-16,0.00710496861161114,0.0045070865787728565,0.015219872805348755,0.009158513473212393,0.011597938144330078,0.002520394783332547,0.006173523060738484,0.02012072434607637,0.011177099856136463,0.012479617349711924,0.006155705356974295,0.007919471183698512,0.00794233771003583
2018-08-17,0.00961584923894665,0.0011860537976098318,0.006728418197069708,0.0037369279020773583,0.006086341118188177,0.001832678059554338,0.00737377906176917,0.0038175224279444198,0.003830439223697635,0.0021258777298203135,0.002664915079290564,0.0033231362802699227,0.00352235633492759
2018-08-20,0.0005743275581506779,0.006157938264154339,-0.0002659197276984049,0.003143668499681729,0.006377790283248697,-0.0015322555426999784,0.0071559282222162235,0.0007606008746907644,-0.003452411236690045,0.003514185308991058,0.006607146199486991,0.002427959426412052,0.0025719775481487517
2018-08-21,-0.009136133167511717,0.008897133145986391,-0.0076959906371356634,-0.00015148359243344345,0.007517862690276544,0.0007359849671155771,0.0038508474576270935,0.006776869972765942,-0.007184012836408793,0.0037154082678509948,0.004946076608404848,0.0020685672284348477,0.0027917364600782424
2018-08-22,-0.006468742457156673,0.0011670153033138675,-0.006254579245519087,0.001088953279169802,-0.009311790823877564,0.004780383995493409,-0.004457411459599769,-0.020193759436336278,-0.007750229568411426,-0.0026379611113475088,0.011971283721274206,-0.0003981892866123937,-0.0003160175765967166
2018-08-23,-0.0020893056702784296,-0.0018584498988299947,-0.0021399413763960595,-0.000983721304187446,-0.0037348272642390157,0.0018376484329374332,-0.0069738413111907205,-0.0008988764044942643,-0.0001480713704004044,-0.005140565675525677,-0.005229188378768623,-0.001691231454109654,-0.0018816516385422588
2018-08-24,0.006378420488849956,0.005938281534037637,-0.0016759776536311444,0.004525786568450041,0.004248672289909328,0.010990121326587055,0.012160131165459775,0.0064263222157958655,0.004368752313957502,0.0029587701807423095,0.007958534747366963,0.0061988533346399866,0.005972310198172126
2018-08-27,-0.0008224877836372491,0.007009396972816884,0.0006679062043071227,0.003383759837880973,0.012241025321968468,0.009648279838554652,0.01471382289416856,0.0037034672115445755,-0.006377174874668046,0.01336069603882084,0.007366885485047492,0.007670392285776817,0.007241162184042471
2018-08-28,0.011911679256246366,0.0017945315728797873,-0.0032110257242848883,0.0009393728746689423,-0.0011524454893283576,0.0021472626208787204,-0.0034588266595716455,-0.0048349131624148,-0.002114635503617124,-0.0010336680448908009,-0.004525378321627693,0.0002692682118519141,0.0002381483962192732
2018-08-29,-0.0010527323188821436,0.011203873587302127,0.0008143911973361728,0.006560054057097808,0.0007384160974710507,0.010143451964866435,0.007315445200907877,-0.007607236463593958,0.005874042679753,-0.00023228803716612845,0.006273411644906579,0.005701427427593275,0.0053868246008244025
2018-08-30,-0.005604521939068685,-0.006055205436801492,-0.002857091191841077,-0.0010815548283032994,-0.007732275717887149,-0.002918456226917554,-0.012536775424739632,-0.00386498325173934,0.0012936132465997119,-0.007857384251436228,-0.003180397188239703,-0.004430275493816138,-0.004410698163195836
2018-08-31,0.00419095332145103,0.003715745471435161,9.067334022461182e-05,9.333843583592127e-06,0.0003563184557469068,0.0012220973302454752,-0.002576766158471022,-0.00420331091567494,-0.004466427965006958,-0.0008515711487695476,-0.007341877707883859,0.00013443037712890238,0.00047573032037462326
2018-09-04,-0.00901851674182097,0.002453644415268519,-0.0022303619351563553,-0.0072803300416287575,-4.645976584272127e-05,-0.0030289102704168513,-0.008100107642626586,-0.011169556464705521,0.005450500556173576,0.005305548453081066,-0.0028488987910443297,-0.001654305329620409,-0.001768280904052233
2018-09-05,0.005808887598024892,-0.011003639252396669,0.01175829168559761,0.0027078357998460145,0.006071024795180291,-0.014986509873865517,0.006104343579587113,0.008274775070598261,0.012722646310432628,0.0003179245882876103,-0.0008058312882310847,-0.002803170482476691,-0.0026347911518651568
2018-09-06,0.0033689479256906463,-0.0033323925927533082,0.0022273315131484672,-3.7507267032999e-05,0.003294284262865377,-0.008109808494966786,0.0017797432855140016,0.007294991206930224,0.003859879105673203,-0.0059115179252478,-0.01928223175336352,-0.0036522883057535926,-0.003746212743093391
2018-09-07,-0.01237528779739061,-0.00032672976181402635,-0.0018460104667002986,0.0015191012921738078,-0.0031146912159569773,-0.0034421677147874474,-0.005356662180349914,-0.003556417717426541,-0.012006674405107387,-0.0011509687320161444,-0.00024296340597318444,-0.0022133041469051262,-0.002232209737827784
2018-09-10,0.005390966488586724,0.003518940178016905,0.0035192932684540157,-0.003099134863862707,0.005340762174475211,0.0031591039632397067,0.0008660117452843341,0.004866969500324503,0.005837647317986416,-0.0007895354544096289,-0.0001869403473350184,0.001897843770893859,0.0019068782751010538
2018-09-11,-0.0007246026761991153,0.008218256036129912,-0.0038648034496948647,-0.00024419336357572874,-0.0006429982087907682,0.008379693750435235,0.0018927615390855745,0.01084920891185015,-0.0034676595123375176,0.00115320548413278,0.00977880821943411,0.0037398379635260603,0.003461815130080481
2018-09-12,0.001305230590737505,0.0021858747267655687,0.012555457762290612,0.005486298345655616,0.0036919588829142924,-0.0049645498910407815,0.00010795347205361239,0.014182584808023924,-0.0008790886780704055,-0.008937713310580242,0.005110543272969892,0.00035666178420923345,0.00028375573111905084
2018-09-13,0.004731328151402536,0.0007198727866597476,-0.0035655999432342433,0.011379880595341563,0.005067309746939808,0.01146695250507035,0.003238254580780975,0.0030236220472439346,0.007698793855629438,-0.0014851165493640073,1.842231310567044e-05,0.005282250806529776,0.004852339574188624
2018-09-14,-0.00908173562058534,-0.002866683129516101,-0.002296558722472586,-0.003297951944128741,0.005163249810174575,0.00022109725229491062,-0.00043037361809716845,-0.004270552031652164,-0.005384363517299207,0.006595964821521028,0.0056002800140007025,0.00027546501938591206,0.0006983343981694645
2018-09-17,0.004946173988943814,-0.012705659402188041,0.0035152207273116964,-0.003327401475549774,0.0002719444024779083,-0.013918425525752176,0.0029331826377114734,0.0016398612425101433,0.00303595596034989,-0.0035547560923380184,0.0016487442064960778,-0.005569745746958565,-0.005939123979213035
2018-09-18,-0.005935147654893003,0.012716485625790863,-0.004374188730240647,0.005300698390261704,0.00894151764137252,0.006214877055199519,0.0005097933995170667,-0.0003778099615893149,-0.002115090073663617,0.0041476833147082726,0.006968195036304303,0.005369011354195541,0.005197908887229374
2018-09-19,-0.009125770593660487,0.00031230480949395734,-0.0014823281481612938,-0.0011100524499783049,-0.00041916167664668436,-0.0010140507486305905,0.011182922577703813,-0.013480314960629847,-0.021232275983043447,0.017592295345104425,0.0038141596134984024,0.00125330973621951,0.0006983862819103237
2018-09-20,0.007593200411502465,0.006610182264471964,0.011625827222321528,0.009288499115601478,0.0011232253040196483,0.011750321057528934,0.010528828303187687,0.004533554689994057,0.001194787738490799,0.008034155677540067,-0.0005789968878916474,0.007840574975498171,0.007840225703467096
2018-09-21,-0.0013127187864644396,-0.00280210906835221,0.0025636492220648677,0.0018993265190025976,0.003096623633072504,-0.003420310564199225,-0.002283284780725814,0.00978896516653971,0.00391571881409658,-0.003651234117131641,0.007205445723803328,-0.00036850635502849727,-0.0006188027639857374
2018-09-24,-0.018937734287522434,-0.005695041774364751,-0.015007494929900389,0.0016026668376178943,-0.013153577713484577,0.0031422317472180605,-0.014073021885521952,0.002077300767971746,-0.008841010401188676,-0.010616911672320595,0.014685264406657739,-0.0035157543341060027,-0.0036856304639472093
2018-09-25,-0.0010420801905518529,0.005889459377831363,-0.007286855014860039,-0.0028070367932120366,-0.003309556912289291,-0.0004409673912216805,-0.0047490728635842805,0.0008794522268986693,-0.012217974664567866,-0.00383093106440624,0.005721776407858092,-0.0013050760951849316,-0.001198561725928804
2018-09-26,-0.011524514430480304,0.0019516589100736503,0.0005590924666798447,0.0020355580821742603,-0.0014707443179233781,-0.004061732245134064,-0.010267270728895772,0.0035774807004329556,-0.01043405676126874,-0.01274805592147199,-0.009916511079015033,-0.00328924803468289,-0.003866666666666685
2018-09-27,0.0013065983215236887,0.005404769039770496,-0.0019647427809220686,0.004447169276099894,0.0012755102040817867,0.005353719727808182,-0.009750812567713929,0.008005003126954291,0.009585522027529603,-0.003378814617139514,0.0004625429186457808,0.0027632769780832067,0.002498549948690476
2018-09-28,0.013099121706399153,-0.001256107556870778,0.0022033990138885517,0.003343384744326494,-0.0005004549590535978,0.004322460079916102,-0.006783369803063488,-0.003908673532696305,0.015077285329079704,-0.01060269062169339,-0.002596155555950719,-6.863417982172493e-06,0.0003560461079707977
2018-10-01,-0.00852075696026966,-0.0019611395926372177,-0.0006487538519760472,0.005375172513982784,0.009012699713232264,0.00490140461548938,0.010437320995814181,-0.0010588601681720267,-0.0030305297815023113,0.003470251866078744,0.014654757447718936,0.0036410682297065566,0.0023283059720307087
2018-10-02,-0.0027980413710401164,-0.014331635322888947,0.006167162564241435,-0.0009482696336969854,0.001894708350250296,-0.00010537804373178528,0.004469760976806292,0.0010599825414641106,0.012871993094907275,0.0004567501141876651,0.0012826594978301298,-0.00039663679353352244,-0.0009321181274782875
2018-10-03,-0.00982062330894884,-0.004333835335926461,-0.010609889420578278,-0.0023232058432693936,0.004472661233433817,0.003357397189120759,-0.007597340930674323,0.0027405792587977817,-0.01226380140792882,0.008152528370798828,0.008230091601445944,0.0007114930065028613,0.0011551277304702179
2018-10-04,-0.006173464224268788,-0.016007051372732506,-0.002209944751381032,-0.009432252686515818,-0.002883825177437349,-0.01784870242409231,-0.004183185235816733,-0.014783526927138357,0.005439063730822813,0.007073081318870855,-0.005117048124619217,-0.008169515742554312,-0.008475955209088393
2018-10-05,-0.0002545824847250966,-0.007818547762811545,-0.001706515621879845,-0.0008506745941002647,-0.004870227177366182,-0.012657744370091928,-0.008072044368788278,-0.010402874976357168,0.01566930308909109,-0.00415408663626049,-0.0004373611378387654,-0.005527965508803745,-0.005803371624645615
2018-10-08,0.013190730837789655,0.00040125280041003464,0.013439051446652917,-0.0016753332356818085,0.001882331681900995,-0.011806485056208404,-8.303808680243385e-05,-0.0014653414882773719,0.007713781957096488,0.0057840755155138535,-0.0004725567068047942,-0.00039506925841348295,-0.0003751444306058227
2018-10-09,0.0037699808987634587,-0.0022728538800066422,-0.0019200401952338408,0.002375079092884702,-0.015090482775206082,0.0035466823253083035,-0.03396539792387543,-0.001786511835640936,0.0042283298097252064,-0.003441936035573856,0.009858341067082277,-0.0014179577940874877,-0.0017713462231294663
2018-10-10,-0.016074916119986016,-0.037420017643577386,-0.012729005231836954,-0.023721959966333528,-0.03474850445611033,-0.04771489647209359,-0.02535961946243348,-0.03943751997443268,-0.005335753176043623,-0.03039794057706735,-0.035857955333610914,-0.032864175757028824,-0.03227164726758702
2018-10-11,-0.029061482084690504,-0.01696055684454756,-0.023163913827326965,-0.026650424026612995,-0.022766438475281037,-0.012682079598892226,-0.011966012995031305,-0.008384349214799025,-0.019705871619895565,-0.029315456436125542,-0.030879073447953265,-0.020573073719881707,-0.020574341123819062
2018-10-12,-0.0006814488651256667,0.02147796738181218,0.005257172685072975,0.014777945721134778,0.005484460694698434,0.031515010704150415,0.004165922751889539,0.02073547174875867,0.000632840710270699,0.0009801016570556431,0.0030434056451462688,0.014206284338267983,0.012946626895982805
2018-10-15,0.005140579101972298,-0.004690496545668887,0.006027112734825479,-0.007713033413657588,0.0021560740144810353,-0.01637010103610259,-0.00480056895632075,-0.004273223325225173,0.003534226190476053,-0.005077875944985877,-0.008195963071913503,-0.005905035180855278,-0.004902575026627609
2018-10-16,0.019100302682392156,0.022204940105859494,0.010507299808287796,0.028988555639478664,0.016601374349752618,0.03023463120619585,0.018133635064316422,0.023438531625511683,0.011640407784986095,0.015975098986107605,0.00874869422474256,0.021495643069809,0.021611496749618375
2018-10-17,-0.002355591970503945,-0.006892636121046847,0.004815936371265206,0.004757259001161307,-0.006712151362961549,-0.004723196850143663,-0.008276547831427394,0.005160957357589924,-0.0015390816812633767,0.009100943885021584,-0.006953048430941022,-0.0002526762327753618,-0.0005700727227906377
2018-10-18,5.132943229657627e-05,-0.02105010404994412,-0.002323808140590522,-0.01143919287570383,-0.01791932329512025,-0.020170842007034673,-0.01141256266588031,-0.018419870354919432,0.0008074283407346616,-0.015537448375934737,-0.004841623061023093,-0.014391946490294405,-0.01456827046109721
2018-10-19,0.009957398757891589,-0.00894682130885216,0.023146631728354627,-0.009522918615528564,-0.004047534242139661,0.00010582010582016466,-0.006890791396951368,0.001700013077023721,0.015768821738971095,0.0034694664278100973,-0.008214666641716994,-0.00036116990154511086,-0.0010637965019868467
2018-10-22,-0.014128169944605418,0.0047612874332654265,-0.007665492832497289,-0.008141138248238478,-0.003673840951947449,0.008098451120353456,-0.009221434578877807,-0.0003916449086162066,-0.006823351023502622,-0.020586640151857405,-0.01099958492132358,-0.0042994746692295305,-0.00421273530240851
2018-10-23,0.00690757255528629,-0.0011494926983753873,0.004050542163276161,-0.005332317653780394,-0.015989557839778068,-0.004012659658641393,-0.011520388055176634,0.004048582995951344,-0.005161759360232665,-0.008283149904247833,-0.026746027203876532,-0.00551185102399232,-0.0058661634033184695
2018-10-24,0.011314186248911895,-0.03309181864086341,0.004944574356045006,-0.032921692513880774,-0.03428950422815469,-0.0442927667577272,-0.03149823646679972,-0.04877731529656604,0.02298304589301381,-0.02691824484668004,-0.0379089323166788,-0.030864490329077787,-0.030943491742074336
2018-10-25,0.01214943808848834,0.03407862616742974,0.0020427013393016225,0.012373664881559332,0.007365818481508413,0.033223915790902225,0.01377541326239795,0.026664843429509144,-0.014965889202414706,0.016377764494919456,0.011490740174806113,0.018625051767629408,0.018430847590440225
2018-10-26,-0.025907772331699497,-0.03551588466733224,-0.0168578164607448,-0.0107655151509225,-0.00973223568713677,-0.018708851199369714,-0.006528597757161081,-0.02404102290889709,-0.01700630937703962,-0.013526229122559408,-0.00781517513646357,-0.01732721755489608,-0.016670674040234035
2018-10-29,0.015608954610803139,-0.015257972991074231,0.010710035700118858,0.0017890679055054814,-0.016798623063683293,-0.018086752833897934,-0.0027983901396052557,-0.016103718867280903,0.013501051311372692,0.008560868010015543,-0.01883919689802871,-0.006559621467715271,-0.006243377618387891
2018-10-30,0.016734074823053557,0.012304001582826407,0.01971243042671622,0.011070438377519753,0.020096631888523175,0.011552912509691371,0.02257606810657431,0.02489770441778205,0.0029117379435850133,0.016006998628647073,0.022966625975047172,0.015666824420255576,0.015977166103474216
2018-10-31,-0.013674108696733134,0.016295518121740127,-0.008624761638179934,0.0019224576229837087,0.008202910488742443,0.02390317445611445,0.01350559649717864,0.02097712816348629,-0.01150426419887507,0.014288706336831991,0.005986933921239501,0.010851291456518197,0.009994187548437061
2018-11-01,0.004587618471465937,0.0223084967006022,0.004817533705089305,0.013071004188175639,0.01720851063829798,0.012009838196221034,0.030149989351668793,0.0013918345705197233,-0.005286731771789399,0.004542847309854325,0.008343888855379289,0.0105577968389301,0.011445927583726423
2018-11-02,-0.009283886184573764,0.004126838559486368,-0.0027221158743260254,-0.006556935738183944,-0.002777731296330299,-0.01892267551025384,-0.00304193738924996,-0.00814084320603603,-0.0051302871484461,0.00013703949021315331,-0.0010567873664060201,-0.006316665267828814,-0.00554756523525779
2018-11-05,0.01691824536521125,-0.0017797761228982578,0.01209805233684369,0.008351882318784476,0.0052688983975166526,-0.0017978607942071845,0.0038806766004089166,-0.0031362605098093077,0.01394917455017608,0.014044623078855567,0.01610810595021861,0.005600317290107348,0.005387794024157566
2018-11-06,0.005180314803745922,0.005407497771313219,0.0055156334278703145,0.005201884963481174,0.011016708674823628,0.006125396324762278,0.015079084041548674,0.0060244996318361554,0.007646994255606998,0.004999549590126939,0.0033591325187600773,0.006259335137365651,0.00622836276261074
2018-11-07,0.01144697720515353,0.03124380199036314,0.005571898252292762,0.029398004487516394,0.01684029784213026,0.02874938129021598,0.01904125119916289,0.019362565706301238,0.010820624546114876,0.013422668399587723,0.01611292754077187,0.02120887695294771,0.02053320346252341
2018-11-08,0.0011268433687716684,0.00036202780826100067,0.00018928964757702893,0.0001669541988980061,-0.0025166831739433793,-0.0019886933162263087,-0.005420208820676731,-0.009334203655352313,-0.0026582369423091556,0.003184079601989964,-0.02204238921001922,-0.0025089822274502183,-0.0026169950738916814
2018-11-09,0.0013702652442009189,-0.014950861201271204,0.005127058135333762,-0.0032828844869796647,-0.0099944656053651,-0.016567971267184567,-0.013710417622762705,-0.014495618369901986,0.0009364644863851801,-0.009632127664264134,-0.0037039955867286256,-0.009198989607493102,-0.009507640067911716
2018-11-12,0.0019548431238394226,-0.023099619981400865,-0.006470276099348027,-0.013872606486909023,-0.019911213416639262,-0.03540994321663482,-0.014889780724713586,-0.014775690312228251,-0.00032385750269869895,-0.01994124454731594,-0.021396930865369423,-0.019701475363267495,-0.01941596285099889
2018-11-13,0.0014144961467172923,-0.0003290672119780069,-0.0036524645521424093,-0.00680272108843516,0.004462413393950593,0.0008978409466293691,-0.0028635531676212134,-0.0026465798045604005,0.003455599150498534,0.005904260150785712,-0.023905751121529373,-0.001481905348797996,-0.0013825324180015697
2018-11-14,0.0003896546685500102,-0.00944028403145969,-0.0062769103076204535,-0.008568768643246627,-0.0037244258872651814,-0.012888539101441165,-0.0021316280309084945,0.004558753487106104,-0.011299637694156428,-0.013748419721871019,-0.0010558350413018003,-0.007567464311691308,-0.007463280342451473
2018-11-15,-0.008958566629339137,9.494647392527256e-05,-0.0033235887798426234,0.009553102602429808,0.012472339569503221,0.024553341792119543,0.014389556445631113,0.006231373611487401,-0.007691749510195245,0.014420765902900312,0.014776589571416698,0.010593800664796094,0.010741999615211828
2018-11-16,0.013559322033898313,-0.005399568034557212,0.002234753915184129,0.009405757348544652,-0.0003477051460362146,-0.0010877932858051054,0.009505703422053147,-0.0039041464728056807,0.013053016453381971,0.000992846988740137,0.010987440008169091,0.0022232803457622463,0.0021731544049998774
2018-11-19,0.0035868353448693657,-0.02714440825190012,-0.0019336294747842597,-0.01272190461862488,-0.015718426501035165,-0.03785454606376393,-0.013993915688830905,-0.025949452628733605,0.0051611506117588135,-0.00033813484817757367,-0.0009696382037451823,-0.016643094431470606,-0.01646116589373048
2018-11-20,-0.013475006037189208,-0.02175726059654637,-0.01694767340384684,-0.009704854331946122,-0.021034563995557476,-0.021391445163200018,-0.01860014104372354,-0.012557236020535378,-0.005062836624775691,-0.020903801921255516,-0.032918815084420294,-0.018151208036480848,-0.018088479055021867
2018-11-21,-0.0013218447077253392,0.010029838770341692,-0.008326971219572932,-0.005077899596076185,0.0064975247524752255,0.006236543833739505,0.008413425551663245,0.009976814445303184,-0.014760547114655798,0.0006448789700361779,0.015786062266084144,0.00304327583661701,0.0037695648610998056
2018-11-23,-0.0033825187509191057,-0.004443782428440235,0.003401725928313226,0.0011792908788617051,-0.002134781569149813,-0.008700034481843866,-0.010956057007125874,-0.011965217391304295,0.0012454212454211522,-0.009137569912767374,-0.03264583590630277,-0.006554890129173208,-0.006024981631153614
2018-11-26,0.0020659124446629207,0.02589646401675716,0.0003925487117264481,0.009432869252901321,0.00835201697787058,0.022511795502992316,0.011948005163459507,0.019291698936844348,0.005377917611765648,0.02097560975609758,0.017171674185036956,0.015532409517731827,0.015145541757014325
2018-11-27,0.005595915963086728,0.0023820809178303204,0.009149930439125376,0.009909039607464143,-0.002545954478333945,0.002416196366110457,-0.01245958052745555,0.005664156938592235,0.008733306648229577,0.0006825472663982701,-0.003305231889211946,0.003261703042884756,0.002184536716398622
2018-11-28,0.008737674509420978,0.032251415546152185,0.00984464200498425,0.02457688920037504,0.02397604097537731,0.03438043856595896,0.014749616990597625,0.021223985163816295,-0.0012265069802676054,0.01816610963326748,0.017441494385559864,0.02297393528374414,0.0227826845139103
2018-11-29,0.0007742559883860967,-0.0042989534514957795,0.00031503780453645547,0.0030411713593758716,-0.00024926881148623625,-0.009539753177814747,0.00550621669627005,0.003564702717245183,-0.00148083938310406,-0.008195257022911018,0.005858569188877061,-0.0021976900564546487,-0.0022101540793131313
2018-11-30,0.010009187176635459,0.006936334359627594,0.008538335024670163,0.010809963966786684,0.010405412144079973,0.010625376899360717,0.004268974857210228,0.00435627638898195,0.015372929176010963,0.006596870426657686,-0.0024200164068909347,0.00818552393197347,0.008021644199734279
2018-12-03,0.003638452700114758,0.0220832015370378,-0.0008674230595746568,0.004357973815688698,0.011647227203184896,0.021136585201869007,0.017472369616839067,0.0008007473642064333,0.008834740479498393,0.004741880647758823,0.02281978537066731,0.010941355061463431,0.010688892028064112
2018-12-04,-0.012593016599885432,-0.03907432029709779,-0.016339074871509873,-0.02299340970570607,-0.04351573298642164,-0.03855048846530529,-0.030800703028207588,-0.03147086278170419,0.0014831032169215774,-0.04403383793410498,-0.029325454253095296,-0.03236488351007216,-0.03301652379177533
2018-12-06,0.026618357487922628,0.00610723444861927,-0.000988508587668302,-0.00308467048843708,-0.00554242676686123,0.0023027076074955133,-0.01358582555443244,0.010395153517830158,-0.0010225309403759653,-0.014414792045084113,-0.017683722278591163,-0.0015221883958135285,-0.0017826743327016281
2018-12-07,-0.014399322384828994,-0.030753909445504934,-0.012916335365315113,-0.025126517982795415,-0.026156976048415936,-0.035264074883848195,-0.02540610590398118,-0.020917081147373562,0.004023718763235928,-0.018429695437468974,-0.006429309218153878,-0.02332016543333515,-0.022974821011986113
2018-12-10,-0.004249224158510367,0.001333284405465207,0.00017900615781196727,0.003279127350598987,0.0025630672541825383,0.014306075655768913,0.0029686437009091016,0.007515657620041916,0.003023272164803581,-0.013961437546638478,-0.016166673738702286,0.001762194844060927,0.0009880283893490827
2018-12-11,0.0011028001534330034,0.0004397644816886981,0.008465475892186047,0.003011129745387864,-0.005971037839920257,0.000881518655902136,-0.0037306530184373354,0.0014504765851637291,0.0029791111734194242,-0.010179918463003257,0.00030190632278093155,-0.00035636837875119287,-0.0005922318916874447
2018-12-12,-0.018966425595095426,0.010537497863195577,-0.0016149928123947443,0.008597757932738093,0.005425591882750824,0.007917960166032856,0.00953176740011763,0.008207462583626368,-0.005800747807247486,0.004439402160508976,0.0032552925451645454,0.005419488922094429,0.005711840134318802
2018-12-13,0.00610262168627651,-0.004386123898937888,0.006879266211604174,0.0007912212122638262,-0.002540472352652645,0.0019466362126245862,-0.011342386806045157,-0.001778629087426542,0.008822185511932812,-0.0058930413003976945,0.003610030728237845,-0.00019991927787654795,-0.0013257389767260541
2018-12-14,-0.0020865683229813747,-0.019733488676909605,-0.01913740444538592,-0.03371325847772677,-0.014403400607753136,-0.024816724088801423,-0.008216799479085823,-0.010211074561403355,-0.002578217545815664,-0.010225757051820383,-0.02380901402419444,-0.019086676677205427,-0.01869970663913334
2018-12-17,-0.03719912472647702,-0.02823998415292439,-0.02284058388379928,-0.021068113415216305,-0.01721587567500127,-0.0221366272634701,-0.01869567935971994,-0.01904036557501909,-0.03266033254156753,-0.009757436614094672,-0.018577413199394655,-0.020773476413007863,-0.020943282784421036
2018-12-18,0.009494949494949445,0.010345135111031745,-0.011696445017498669,-0.00795988219374355,0.005802883307643336,0.008629510571829702,0.005639097744360777,0.006140598531902963,-0.006427617087350734,-0.004813386759406346,-0.02346578465114202,8.641209140813899e-05,0.00013646753778440157
2018-12-19,-0.009155493295977535,-0.022294238553396406,-0.010492964309011255,-0.012737703602663797,-0.0190931217885153,-0.019400653571300386,-0.012925708854744089,-0.017116801122413206,-0.0021806287479555486,-0.012408204608761686,-0.01249542292200656,-0.015395733182517968,-0.015691625447722846
2018-12-20,-0.012118151981822756,-0.02250596504804292,-0.017441422436525245,-0.012759818761809982,-0.01803109951108328,-0.018841495234694694,-0.012774015470038869,-0.016344300906430798,0.002731742851939556,-0.0077692307692307505,-0.02792584009269994,-0.015772090500047797,-0.015543233408421453
2018-12-21,-0.015793508816764668,-0.02578176540440691,-0.010926657209676671,-0.014159583444812607,-0.019260645765091233,-0.029878043090819206,-0.009493156474527642,-0.030692207226817536,-0.007046857973120213,-0.019562239966922634,-0.010466086541900066,-0.020588306814405377,-0.020611479766954766
2018-12-24,-0.03723514748649781,-0.02016631453491524,-0.029789130940383046,-0.024884657940335342,-0.03141461180242777,-0.02727788625236871,-0.02655331998555821,-0.02043566135189756,-0.04265437518290904,-0.02348444913020553,-0.04016286801908164,-0.02711224768478282,-0.026904137162574893
2018-12-26,0.03257996655698814,0.0627807649245995,0.028426456780998643,0.045430216874692286,0.04801970443349757,0.060495792585854025,0.046193269944028614,0.0539507871007181,0.015628582346198128,0.04647898728710609,0.062426265719521146,0.049593807154098,0.049330501431341656
2018-12-27,0.002350728725905027,0.002419071648740445,0.010217163280369812,0.010700169973991924,0.012446650497301981,0.007711027608648946,0.018467190924326582,0.005292923433874774,0.008728695586741386,0.011064971241391719,0.0064026839294997195,0.008562629168861635,0.008184314277668303
2018-12-28,0.002188868042526604,0.0029970807654879916,-0.0005576065220737059,0.00041537074371622573,-0.003231257776374674,-0.0024982419778675213,-0.006044112528084455,-0.0018752253876669345,-7.459624780892238e-05,0.00015306122448977,-0.008944291851538888,-0.0012415472330372657,-0.0009950943593860506
2018-12-31,0.00031201248049916863,0.01091765192869909,0.004020854575886412,0.013873698707821847,0.010079180251513664,0.00950781960187741,0.008022922636103047,0.002818122696726766,0.0019396471334254262,0.009794419221547557,0.004524350956983003,0.008492440882795549,0.00851041521040119
2019-01-02,-0.022821792472447533,0.009277031349967935,-0.004215528473978769,-0.013514053416967986,0.004500516452707881,0.0006707647637163028,0.004516455056534641,0.012537829658452182,-0.017683630542422057,0.007375599898964413,0.020704129035300944,0.0012685242435728217,0.001074318587444445
2019-01-03,0.004947598020960786,-0.021819334389857392,-0.007273706896551713,-0.022173847010580672,-0.029562982005141403,-0.05067766105928162,-0.02763716396792959,-0.014517506404782332,0.0007958766012279295,-0.022767163131237056,-0.011043086519579637,-0.02475667621502542,-0.024007754487390343
2019-01-04,0.010269984118581155,0.03496902299297511,0.021477030432254463,0.03004918457157646,0.03850520340586572,0.043952217439667374,0.03909331953695938,0.04065569035239758,0.014844548793880419,0.03284240775901881,0.03583526058822173,0.0343356931888279,0.0342283545560953
2019-01-07,0.007859987424020165,0.023581125081400645,-0.0027705036244259906,0.004101450586567745,0.006759588229935165,0.008616775843378388,0.0032363466625173753,0.007633058080632749,-0.007127131609388493,0.0023103294082575943,0.01292257729866253,0.00701043468644591,0.007476507305027802
2019-01-08,0.017833004055318735,0.011427173181623562,0.009647587151773607,0.009460880012013728,0.014079918922832002,0.008965726306506605,0.01014299450975531,0.015839129536533214,0.012590198436560618,0.0,0.00830476020839832,0.009695296290921585,0.01031454248366015
2019-01-09,-0.004290749348725531,0.004645030180599585,-0.00966848225560224,0.0031835763165724007,0.006299746582432153,0.012354895980334346,0.0007983786771479373,-0.0035929767473391605,-0.006532308948520971,0.005155277963665217,0.01501534656744763,0.0040980263439003295,0.004599211563731664
2019-01-10,0.015492740983942932,-0.0023358578257256513,0.006089902180946183,0.0024221213828830024,0.014418216964903197,0.004631628174688762,0.008713794796268992,0.0019730575588516874,0.014084507042253502,0.0011835778572308886,0.003263210564100394,0.004518445159692908,0.00471231406483219
2019-01-11,0.0023743369537760906,-0.00030171737530015896,0.0030265198804524385,0.0032742908990492925,-0.0012237762237763405,-0.001378606533162574,-0.004015086993551464,-0.0013580498404293095,-0.004384025935750047,0.0017240105410931683,-0.006266669557863813,-0.00014634296629478794,3.338229403127002e-05
2019-01-14,-0.003023888720895096,-0.006808798319530629,-0.004884396333874053,-0.011629050015728115,-0.0002800630141781557,-0.009161564458149973,-0.007696066454922934,-0.004079689943564224,-0.02231267345050869,0.007252968799940973,-0.001854761281312678,-0.005257562801876614,-0.005407751109924197
2019-01-15,0.010615711252653925,0.011340707426765517,0.009551424185570756,0.0174349793624744,-0.0032041180796302804,0.014810324705286426,-0.006463129385695043,0.01740970847272494,0.012678828249186092,0.00807947666471387,0.002994993769538601,0.010721711756711327,0.01028696089947978
2019-01-16,0.005502200880352248,-0.0015744624592862744,-0.005368774755495465,-0.0015249564996383524,0.0011944283430820324,0.00046359032879261797,0.004088965987237403,-0.004026305193933877,0.0027282580259371247,0.022034431826436496,-0.0015257192676547682,0.002221966823736654,0.0026908958025346763
2019-01-17,0.004676151626703762,0.006777253466872191,0.003944512597905181,0.009007068590785261,0.016491517395041955,0.0066833006594189115,0.01684457333251066,0.003773076404797182,0.004248975027953739,0.005425383212111168,0.00977952412137073,0.007591452926111408,0.007736271017974028
2019-01-18,0.003119429590017875,0.01298499432055955,0.012069030341767872,0.011827831790572674,0.018571255976112866,0.014933168097724936,0.016383495145630977,0.005235602094240788,0.0011876484560569,0.01710730948678063,0.019348004669462515,0.013183052853609212,0.013134534455549574
2019-01-22,-0.001579544893627438,-0.01794124243103845,-0.0100676127498327,-0.007153748046144548,-0.02070660001694491,-0.017643929284736237,-0.013671641791044742,-0.0195646367521366,0.0014457295373664358,-0.010865536094893935,-0.022013445592009018,-0.014157284018107563,-0.014294754263276532
2019-01-23,0.0009393385079348171,0.0022355500534849693,0.01168987128006882,0.001255614043560227,0.0018341321613344341,0.004137294245077028,-0.006476605532352853,0.0024518150241774617,0.010808809920414664,0.0003513291954562181,-0.009996747262278949,0.0022028941471379238,0.0018271604938271402
2019-01-24,0.0038526128617999422,0.0053125786993175605,-0.013020012241037104,-0.008633579317995466,0.0055959515708388086,0.009292661361626875,-0.005574509565005381,0.0002717575922277504,0.004833925367121905,0.0020369936782955733,0.005957856923818117,0.001375677416909804,0.001889551601189643
2019-01-25,0.011759496162172756,0.01048550638196355,-0.0024053368411162124,0.001410917582952198,0.012864331965031006,0.014480819265709322,0.019175984071067464,0.01012022006384572,-0.01326578956959068,0.008552001308502755,0.01182336802682582,0.0084887201825663,0.008708344266596724
2019-01-28,0.00958031415649474,-0.007153903363279035,0.004633902838736548,-0.011378321916144407,-0.010004748016007592,-0.013997789368242919,-0.0008115175377956252,-0.011430876815492153,-0.004616805170821747,-0.0026643189769014475,-0.010307947233639703,-0.0078468605052614,-0.007381273676167033
2019-01-29,0.007899807321772645,-0.008192335588504518,0.0016500103125645094,0.004688237144204965,0.01368572505224197,-0.010097825420596784,0.010077006377090747,-0.010610801251530466,0.0028571428571428914,-0.002973425013938047,0.0031746031746031633,-0.001456209694195909,-0.001310336920380628
2019-01-30,0.00831580959663536,0.021603088210612187,0.007375376724509053,0.01363711957425573,0.015545529815312431,0.030266300982040306,0.0101551564966198,0.012305788532929851,0.006512006512006563,0.004333643988816416,0.013286804230969285,0.015549242424242493,0.014760631755039055
2019-01-31,0.009479571523367092,0.010901708599324156,0.018191953916194548,0.011311103604690231,0.004542353704597213,-0.0011592858798978867,-0.015389150943396102,0.03735144312393879,0.020733007388891167,-0.0026910406903911666,0.007101756187298136,0.008597377892989533,0.008323501365700592
2019-02-01,-0.006667292703540162,-0.017749143885309793,-0.002664525312990551,0.0022331014343384137,0.001987610560837627,0.006052477733071937,0.004521228816096734,-0.0034042553191490077,-0.0029891597940002734,0.005117469178878897,0.01833011193475076,0.000898635405495396,0.0010258383022376805
2019-02-04,0.006522972206466138,0.006369953673064144,0.006075245205679813,-0.003427885851401302,0.012976493536548839,0.016005810972483436,-0.0022653432293063824,0.009525060763318827,0.002095072966334488,0.0037491321453366755,0.0017103287168362957,0.006776204217207926,0.007045410875552438
2019-02-05,0.0060110829341599725,0.009570782690388135,-0.00018188432157129064,-0.0008025912230915644,0.008746879028704857,0.008848292161859783,0.008006452962088906,0.009109838625715794,0.0011895321173671647,-0.001429493682560179,0.0016449423229085713,0.004708481505539597,0.004579278763594763
2019-02-06,-0.007609000093361962,-0.005141328370361853,0.0006367109332361398,0.003633686183386331,-0.0001779503356790224,0.002417774813455953,-0.006786995050532041,-0.014895537786948632,-0.0010081008100809585,-0.002724543985222816,-0.007649932439455331,-0.002224495014062744,-0.0021525799303575566
2019-02-07,0.007996613199115599,-0.008733981853895845,-0.0007453867830197192,-0.01055670417409027,-0.0074590641382434875,-0.014396806254418415,-0.01387562664120312,-0.010276886823329279,0.012722096082459222,-0.009353583997036563,-0.021283281312189706,-0.009357119061652264,-0.009041304485756019
2019-02-08,0.0009799804003920443,-0.005071891107677362,0.00542173058729345,0.0018295794855993641,0.001190029832254691,0.004902788091541099,-0.0005144188579901954,0.003505291005291067,0.004911032028469764,-0.005492194073104639,-0.007213030543010701,0.0006762624489569102,0.0005122130806414216
2019-02-11,0.0022377622377622863,0.0018138492726820221,0.002135282834497376,-0.0013168138871001434,0.005536016673179489,4.198681613987176e-05,0.0018770814411142034,-0.006261121729387642,-0.0008499185494723616,0.0025145113153011156,0.004592100724387871,0.0007090417596054,0.0013438709883850652
2019-02-12,-0.007023909200855827,0.016590930606835252,0.00875767425063212,0.013445361975708003,0.015577433771617244,0.013628348308002414,0.02245255650912603,0.011407348454702149,0.0017367264478627131,0.01561181434599157,0.011846256196750726,0.012890250202966858,0.012733663524524763
2019-02-13,0.00580877875111252,0.006181174772425635,0.002506041349682242,0.002459662484923797,0.0063299212347331935,0.001391730799499502,0.0010344318013890685,-0.001049180327868826,-0.0030428475391856002,0.0019849512994507545,0.012895289401684051,0.003023976857468691,0.003170997207629256
2019-02-14,0.004471147128685127,-0.004396265488158968,-0.012159628604588746,0.0023399458117812078,-0.005878158916263865,0.0012243446033701755,-0.005521110126955997,0.002166207168176282,-0.0031231145970117558,-0.011586658066893962,0.0015285717277049304,-0.0026516238471793185,-0.002390388123545306
2019-02-15,0.0051467519821950525,0.005229092345770736,0.009579929144674981,0.014715750673408579,0.013355858727527758,0.007907195796048816,0.013597363655256434,0.0039955459487786005,0.0028124888746485777,0.020182246148826577,0.01586870165168297,0.010878709851296353,0.011050507598209247
2019-02-19,0.0010609834855612732,0.004739500849642031,0.004977262147742412,-0.002486913433058069,-0.0007077474757007929,0.00016395324053575244,0.005799478632728894,0.003066283924843427,0.005396194262993426,0.0019189034837234775,0.00290189137459107,0.0014987750396311394,0.0015903456663080018
2019-02-20,-0.006635638910649222,0.0013691222660698887,-0.0007482363001497516,-0.001288575563751948,0.004879046854588731,0.0004016195924789745,0.016861294737761767,-0.0006504065040650042,0.004449152542372881,0.005791285711028493,0.004268417812435921,0.0017771318387196366,0.0021326608446581297
2019-02-21,0.0013916593217979667,-0.002010662254699258,0.0027990729185238816,-0.008797928139345546,-0.004103560073300261,0.0004997746917374535,-0.0040666704851366475,-0.006313049137650517,0.007487871757013265,-0.004465803731326323,-0.015468552045445283,-0.003526412180845262,-0.0035727600347954525
2019-02-22,0.005929494603233332,0.005825399201022208,-0.002844596156239443,0.009338213099909343,0.006353699771958654,0.012864817059189404,0.004054520358868219,0.010479434110558072,0.006071391186014852,-0.0023453866472357143,0.0033208111081131086,0.006411088047050706,0.006454026751473219
2019-02-25,-0.008104996546166365,-0.0030789657422137795,-0.0051170502968602705,0.00047660878829214326,0.0038131553860820677,0.00494797351378895,0.0065011312541167765,0.0008426238008814035,-0.006450941629382867,0.00419966676557193,0.0014894189197574015,0.0012317960947767492,0.0010223048327138162
2019-02-26,-0.00218208830493527,0.0014925715860294453,0.00043010752688177334,-0.0031571966335689483,-0.002942412778478287,0.001979098785991784,-0.005946961074436485,0.001295252898128485,-0.0015010297762418912,-0.002363797531649947,-0.0027678516101046213,-0.0007903837831845228,-0.0015628384860582045
2019-02-27,-0.0038619021031081058,-0.0004012473059109567,-0.000877758670106088,-0.0048913501813173665,0.003575666729123572,-0.0010277409771568546,-0.002547588378417176,-0.003880732164801892,0.0011187246538946205,0.003554097464288253,0.0038526067234201378,-0.0005440423780378456,-0.00038744672607515795
2019-02-28,0.0030361063104302755,-0.005619717179131345,0.003245181532944841,-0.003013267794758856,-0.0037340718497658187,-0.0031667698144144385,-0.01265568501406178,-6.493084864611642e-05,0.004085766168459237,-0.0027923448886467694,-0.009718353450943962,-0.0028255466662847617,-0.0029147286821705753
2019-03-01,-0.0012573344509639872,0.009157699272228204,-0.001697762527700264,0.014139048140767052,0.0008589321131291516,0.007087395079944825,-0.0015986048539456954,0.007792207792207684,0.0018780648975760261,0.0054182033419842845,0.01814810184606408,0.0068953381050032014,0.006903843761661754
2019-03-04,0.004103137968014092,-0.001611483822302584,-0.0011636025133814343,-0.013364501648443716,-0.004774684808388385,-0.0038990568605785647,0.0044541484716156265,0.0002577319587631077,0.0021175408754816605,-0.006181505298432977,0.0020259899723729102,-0.0038806002090102654,-0.004123170053740077
2019-03-05,0.0026004179243093173,0.0020261916754431564,-0.0004122159294573935,-0.0007079545776342844,-0.006412467467310612,-0.0028935417755094894,-0.005043039735674992,0.0072790517907754815,-0.0016973811833171926,-0.003258071130755713,-0.003124744710399474,-0.0011314768996100177,-0.001442106405743493
2019-03-06,-0.0025936732897966497,-0.005609313059074972,-0.0009682104243988743,-0.014735887553842808,-0.009420415634418533,-0.00547337874329934,0.001951702642080999,-0.00012790177143962023,0.0003469933030293415,-0.007131754594495776,-0.012763516420479015,-0.0065241159285216455,-0.00737623454872971
2019-03-07,-0.0007429765498025986,-0.013740493095287243,-0.005599526193937443,-0.007938334100322075,-0.005862112909392092,-0.009207625470107561,-0.008896383300383781,-0.008122801407099312,0.0026015470533142793,-0.01063633852104251,-0.005706814974682506,-0.008125710368218741,-0.008213263246820257
2019-03-08,0.0012082345833914765,-0.0065699042471402125,0.0012272817514031864,-0.0024546754803045356,-0.002499679528265686,-0.0002535994764398808,0.002053388090349273,-0.0005803456280629726,0.003598117907555931,0.0,-0.019535407926867476,-0.0021317385309919112,-0.0021610196226891087
2019-03-11,0.01536319331631475,0.015278722356417473,0.013285263632266897,0.011731995117319816,0.008899312471888354,0.021675981310705472,0.014139344262295017,0.018646364281566408,0.007308328736900238,0.009889700749290187,0.015369223236903151,0.014666049353461608,0.014622425267550865
2019-03-12,0.00470835618943144,0.002321418259513708,-0.00023126734505085622,0.006693286604808835,-0.009107410120052117,0.005197904819875365,0.0033484398002481264,0.005637192804661906,0.006160164271047375,0.0017972764349407644,0.005786284827774102,0.0029533287823806376,0.002742116415306084
2019-03-13,0.004959279312070519,0.003860069596478777,0.00701080090393047,0.011043259901837743,0.009158980621525092,0.006852207446596648,0.0052648234989500775,0.002519367638722514,0.0014625850340135305,0.0072912114451320065,0.010859822824387688,0.006949618845646821,0.006650093225605946
2019-03-14,0.0004074610648316934,-0.003110616269326627,-0.002809534748113629,-0.00254014845756545,-0.003471116489395465,0.002033758813614339,-0.007927422585999766,-0.003958032292517455,-0.001358557212240763,0.004110152075626816,0.0005773672055426893,-0.0008680432029370966,-0.0010341421250847915
2019-03-15,-0.003801421007376571,0.007104202648243962,0.004996987631569416,0.004914028088245148,-0.002476592209120332,0.012161991407632078,0.002019327852300634,0.00012615112905267623,0.004693398632792833,0.006367398917542122,-0.0008243343500123901,0.004984902865607044,0.004650731601798519
2019-03-18,-0.005087902603007288,0.010495386831605114,0.002680019747513862,-0.0015111127796967327,0.008697602152776707,0.004080709091476287,0.0015546278969338356,-0.008009586276488512,-0.00409600216648065,0.010258959642066134,0.0138808679151885,0.0037059607153993035,0.004044784842053506
2019-03-19,-0.0029222409935618643,0.004989534423261777,-0.0012133361468663617,0.007839598432080486,-0.004128688029980676,0.0020048645162293877,-0.0014659806260599595,-0.0002543073304087651,-0.011794697484704186,-0.007649637648742824,-0.0028887035417133333,-0.0001306063665308388,-0.0006739679865207515
2019-03-20,0.004258826761917911,0.003726386418391181,-0.0038204897973554974,-0.006715352975740885,-0.006298434161431166,-0.0027531117918492276,-0.0004893776268064531,0.011637519872814028,0.002854882537061787,-0.020871838795474162,0.008895236152198338,-0.0029443226469249018,-0.0034334237672629664
2019-03-21,0.017875056999543837,0.013246295860111834,0.011911915450143029,0.0034648863348263337,0.009467417641489728,0.02471420794774093,0.010425966994038305,0.008926326376665683,0.010529565098092997,-0.0030156537753223134,0.0068957149501527315,0.010852515552911779,0.011074026792992742
2019-03-22,-0.0047486784338320875,-0.020522925014943794,-0.002340366075170963,-0.017985140269122124,-0.022699454767998395,-0.02345789569546486,-0.029929025453923508,-0.012647975077881624,0.006889997624138777,-0.027707866725161012,-0.02622911311053988,-0.018974527826038257,-0.02003437942102615
2019-03-25,0.0005851638458769237,0.005594231725509546,-0.00012254472882611278,-0.0007051379783503675,0.0024397781428409093,-0.003971183661415689,-0.0016160785120324928,-0.001893102795481827,0.0011798017932986848,-0.003918402241800956,-6.18735305036866e-05,-0.0008390729493592541,-0.0005277864017386724
2019-03-26,0.006702955598542504,0.0044055338900190755,0.008526656745163175,0.006846571946219182,0.00704191072674476,0.005586505001326181,0.005709576784978632,0.004488841120313669,0.006969462307666374,0.011324623307266801,0.014458676237031565,0.007182778484540853,0.007408442829186512
2019-03-27,-0.003485566181070654,-0.00256235244094849,-0.0039929169126071695,-0.008125923400386537,0.0010472891323611844,-0.005462360919290532,-0.000877911740606363,-0.005412890231621281,-0.006687174000267526,-0.004384827553690629,-0.007014476252439783,-0.004644380264399728,-0.0042859565545841916
2019-03-28,0.007174887892376747,0.005788517197280907,0.004218085477236233,0.002644896400267438,0.0076613552229196635,0.003752594048900715,0.009519067424286876,-0.004999367168712965,-0.012454557694897006,0.008287358226978903,0.003726530027232222,0.0035895443381801506,0.004041186033908906
2019-03-29,-0.0010685663401601708,0.005152914408083964,0.006890686291526338,0.011808736560419808,0.010062933265182261,0.009770012202799716,0.007543447355441435,0.0028620492272468656,0.006033131092780586,0.003193762769180264,-0.0015503559698903935,0.006734293751598397,0.006338093328809746
2019-04-01,-0.002807987163487402,0.011728806036395811,-0.002085811311647867,0.0016659293909475625,0.02071604782086167,0.014039841128113517,0.015002735623578234,0.014523084728564228,-0.007115026257834889,0.024204686439289302,0.01366840330983754,0.01156858594411525,0.011738204330569824
2019-04-02,0.008581772672417776,-0.0002522565998004378,-0.00844705475902574,-0.002386679696309124,-0.0006352058996685894,0.0030286928799150292,0.004028597367226494,0.004000750140651377,0.0010919638286981392,-0.00011427787808826473,-0.007014149232071554,1.7438676892522764e-05,-0.00036350968601850386
2019-04-03,-0.0010635940615998374,0.007075937424578127,-0.006254246441699696,-0.0012150324950550573,-0.0026509572901324274,0.008324567311694508,0.013280587736648863,0.00367349480107082,-0.0015338991716944417,0.003177288104599052,-0.009600941826005793,0.0021484075277968806,0.0023788239215745133
2019-04-04,-0.0028836342664477765,0.007080687153454779,0.003663966901581439,-0.002423590875227699,0.006031025585227168,-0.004375595733981941,0.010066926938092413,0.006637717121588116,-0.003925986617506649,0.004876159227106047,0.00856680261512932,0.0020846384074615365,0.0024487574823144342
2019-04-05,0.0076081153230112,0.0062737292993975124,0.0027248432341793194,0.007033199727747075,0.0029510830938475063,0.004266674707514184,-0.000496949283564807,0.00036975411351458654,0.010042156493128118,0.0008843336885784314,0.01694743045254099,0.004636398681665099,0.0049307880213518285
2019-04-08,-0.005033779308517672,0.0038912597147127137,0.004285191701360436,-0.00016896966055879314,-0.00440589712384265,0.0040608908438546365,0.0004971963649420541,-0.0015400726914310825,-0.0072616219884628075,0.001495242410512132,0.004895593965431155,0.0010474498226595852,0.00093030234826319
2019-04-09,-0.003150934185417009,-0.009037273398935564,-0.0015090281511803694,-0.0039057365505584807,-0.013972488278892636,-0.005225660309652103,-0.007813147069379633,0.0002467917077986215,0.002631938747607254,-0.008777089082929956,-0.012885265460329975,-0.0060674708281390766,-0.006596009414304493
2019-04-10,0.007301219837948514,0.004873199563464992,0.0032137025327449997,0.0013290101230982732,-0.00014123407193522564,0.007034209102386724,-0.0003060826979799369,0.003022452504317874,-0.003784133910612497,0.00335478570450487,0.0042101446355908845,0.0034778681120144483,0.004195149923793329
2019-04-11,-0.0014143021302925884,0.0012365857330265406,0.0011255216359888909,-0.012105238386595607,0.008836223809150168,-0.0012388059701493592,-0.0005845186071755659,0.0014759239899144738,0.005509547601122211,0.005595359945411271,0.00034101622836058,3.808587325715429e-05,0.00016530167555783848
2019-04-12,0.00535540408958135,0.005487955494936303,0.002819288778192819,-0.009699949499280658,0.012834873518155598,0.006933962969051244,0.01311758480476799,0.012281240405281002,0.005002892829186978,0.019271222094048968,0.0018448704580091846,0.006609378462220095,0.006595949275797874
2019-04-15,-0.005987233105877232,0.0020507562163547544,0.0068818020317702455,0.0034445930473103736,-0.00516105248606058,-0.00037102447277426176,-0.004618302773730654,0.001759175007582492,0.0,-0.006257905598828328,-0.005684547638110549,-0.0006294261903205811,-0.0007911038137176085
2019-04-16,-0.023827450285663687,0.00477530485205091,-0.0005824111822945177,-0.020251416736185135,0.005882625411089082,0.004862224597660392,0.004722582783285967,0.002119413830689254,-0.013850321706739055,0.013666510350371919,0.006401481600772918,0.000509364739569973,0.000627408801649354
2019-04-17,-0.009936028310875145,0.0019413561911227895,0.0036336212806800106,-0.02887146813862218,0.0014582182108429098,0.005806437314855195,-0.00607476635514026,0.0015106652969967271,-0.0021290477662168072,0.0018284757561737308,-0.000860103212385499,-0.002273774879087531,-0.0027170667622119504
2019-04-18,0.007515351480157806,-0.0005293974398339341,-0.0003586310540336646,0.0013806725991918345,0.0111429578652118,0.002827701189103582,0.0011338809148484508,0.0013877156992880835,0.0001720637324065244,-0.0024188582988828866,-0.00526515985665954,0.0015790653174507785,0.001541870003892054
2019-04-22,-0.010461202583462281,-0.0021610856277213264,-0.00037584351242847536,0.0006541604605290186,-0.003183265120509371,0.0022704302099048057,-0.006740331491712714,0.007230222329336566,-0.0011354252683731803,-0.0025790239386325187,0.020528095314764183,0.001012037741434657,0.0005231298109260596
2019-04-23,0.011169332597904091,0.012177125688745516,-0.001145044690923358,0.015951080670629336,0.00888077858880787,0.011275283526248181,0.004394259650684074,0.008554166417419351,0.003720161206985484,0.005834383080288941,0.0003549735741894544,0.008841219132246891,0.009262025694652065
2019-04-24,0.007727623982908272,-0.0002831969792321809,0.0008554905382747169,-0.0013661337425134867,-0.0031050283371518717,-7.948493760445707e-05,-0.005648778866921278,-0.007473309608540868,0.005456604550602373,-0.0014061916375540662,-0.018471789614793233,-0.0021917864252406494,-0.001702190645352264
2019-04-25,-0.0017592133158914613,-0.004752761952724116,-0.00745350109409193,0.01132071730919848,-0.019867549668874163,-1.4452955629407072e-05,-0.012949039264828821,0.010816302139357026,0.004334766878285157,0.0025963167506435347,-0.002791781317158404,-0.00036894696387390624,-0.0013640744310179365
2019-04-26,0.00682331676457304,0.00926628716002531,0.009180158456768783,0.009635460061361067,0.007204121930149299,-0.0035265721429705854,0.008238115390041045,0.007626367129766498,0.001597281223449487,0.009414708012377204,-0.012145015105740176,0.004685305365033532,0.005122266268763109
2019-04-29,-0.010591984201786309,-0.0034782063735782076,0.0008704111412627391,-0.0021067552086367902,0.0027109402521021675,-5.801726013499042e-05,-0.001846825419033582,0.008507392630837662,-0.0063450054288816116,0.009261674928254804,-0.002507798642118808,0.0010714723049920494,0.0010930898992584925
2019-04-30,0.011884781129507749,-0.0020124520470410356,0.012277470841006721,0.0053509753368681245,0.005025355899065387,0.0021322580177254302,0.008774634857447117,-0.025597766013147782,0.016732115417449123,0.0015725302658220475,0.00028615812280263775,0.0009514004274504551,0.0007082570973262481
2019-05-01,0.0004034607970593296,-0.01131136177452896,-0.01172427733980197,-0.002961242560603816,-0.007507941091539183,-0.0027139300602130323,-0.01836927523343701,-0.006686966386052928,-0.010646515533165424,-0.008560060221529109,-0.02174179574155055,-0.007502130129708795,-0.0077558242406369216
2019-05-02,0.0014787596343430742,-0.0002549475764046516,-0.0009545237608235002,0.004746236496520506,-0.0013169379660965541,-0.005391833150702907,-0.005435551906689762,-0.00504898719721103,-0.0028175707787357895,0.0015836171551293354,-0.017128295107991742,-0.0021239991380873624,-0.0017386394032158359
2019-05-03,0.006622220233567511,0.01397256489539167,0.007370504333583661,0.0076122027087075494,0.012389407669779473,0.009463146988865967,0.009905781218866538,0.011599105902253326,0.00646808510638297,0.00827377084687031,0.008415862625919202,0.00963832295922562,0.010256486595114467
2019-05-06,-0.00426723563141751,-0.0063608165318354,-0.0016259061039225475,0.005819415949226414,-0.009647860658841378,-0.008167395468179683,-0.013810986780912748,-0.0018512988951926435,-0.00639269406392684,-0.006659219797215954,-0.000653319283456244,-0.004471014787957861,-0.004184716942209565
2019-05-07,-0.017767063970358432,-0.014574830470043598,-0.010008821334057116,-0.019473277858797378,-0.020431883526029315,-0.02116232464929857,-0.018205721798279506,-0.01358142874237156,-0.0031318082788671653,-0.01691103325980714,-0.006242223581264805,-0.016511677868827124,-0.016750022195259118
2019-05-08,0.0004544834795254804,-0.0006635344984428082,-0.001525069399225476,0.0011859628657528987,9.36738899643963e-05,-0.0016750917578041147,-0.0010188635305076188,-0.003578577060714516,-0.013795929517825267,-0.002859656841179059,-0.0005941896738324015,-0.0016053813214057522,-0.0018811136192625755
2019-05-09,0.003270794530504606,-0.004273000846032771,-0.0021452230173848452,-0.0020778312878670935,-0.001998189141091067,-0.006793640377043442,-0.008042661071771984,-0.0018261504747991708,-0.0009002770083101908,-0.0013898080741230334,0.0006794776515552936,-0.0030214418181440106,-0.0029249905767056994
2019-05-10,0.011319900384876513,0.0004517197616640267,0.011695101816180387,-0.0006810796084765203,0.003785390270608646,0.001786988024176983,0.012719955347962664,0.0021344066349555657,0.01732861994870727,0.005213510946163735,0.0008275510853652523,0.0037203210344445292,0.003614038801772468
2019-05-13,0.0,-0.029466781337346926,-0.00827893376852984,-0.017447521127857524,-0.028423611543975547,-0.03710754517586923,-0.021755525903579542,-0.025193208787196553,0.01107174490699725,-0.02874535744895934,-0.015837679684518546,-0.024130630943291487,-0.02464969112550852
2019-05-14,0.003537049473919751,0.008728497214191666,0.0037197661861254616,0.00408260335328392,0.010681978571886797,0.01598791954667167,0.0081544300794687,0.0024346089019291473,-0.008659321405707687,0.007964701889354053,0.010922251664189142,0.008016017810211773,0.008202799147279505
2019-05-15,0.006424556081020993,0.007807438479361384,0.007958465689790861,0.002694220748460374,0.0012219506776272038,0.009837120573678693,-0.0023824230124415147,0.021110972723875854,-0.0013595268846442465,-0.004803914966215572,0.004602991944764101,0.00583895766667486,0.005515973339462299
2019-05-16,0.005275290362620755,0.010035084660811933,0.007488986784141005,0.007519611027450468,0.008654166204371538,0.009877854487519988,0.013385223185329309,0.009635909007745358,0.00581988972840497,0.010962488439762774,0.0037546137202493224,0.008895249319527565,0.00854857142857135
2019-05-17,-0.0016757066631389872,-0.008015188944864637,-0.0018835558844304545,-0.0016704928442338174,-0.011015604129672951,-0.008211130476591055,-0.004974979634586374,-0.0047719722138328535,0.004838764254052164,-0.005957294897253385,-0.010482047380544812,-0.005837319908772343,-0.006466624361647466
2019-05-20,-0.016210963381774746,-0.006948975597024676,-0.0022240943555181802,-0.00037184179110327786,-0.0028123808313206267,-0.017452033419432023,-0.014590216660331556,-0.011714008254430586,0.0016837284482758008,0.0013691865685041549,0.0006834248125919817,-0.006749360908960611,-0.00678244472155487
2019-05-21,0.008396192528735691,0.005694449007304314,-0.0030902766050862063,0.008222718195700862,0.011823005465351422,0.011980110241683661,0.015102961248590674,0.009580544125775248,0.00060512337793317,0.008562526617801991,0.010735247038736517,0.008495790833841,0.008880450759431557
2019-05-22,0.004096353355002469,-0.00900508509642084,0.0055052087744558165,0.006349761155773015,-0.008157351852726702,-0.005667750954147621,-0.006576832013095224,0.0003041547539388567,0.00816422523854321,-0.005000555617290847,-0.015794585920013482,-0.002824365652362215,-0.0033387968190371486
2019-05-23,0.00509955212629154,-0.01338314470937263,-0.0006570080862533523,-0.0036854799807042316,-0.015924932124541713,-0.0172840452020685,-0.015300417819101964,-0.012588178058866362,0.008198087113006958,-0.014898369443824055,-0.03125938639776882,-0.011914139769699683,-0.012501522718967095
2019-05-24,0.0015000441189447766,0.0013921062009978336,-0.003995212487989064,0.0012298098152379033,0.0004517586318169009,0.0004911553064261831,0.004990139245801606,6.158773172382226e-05,-0.0020824381053118346,0.0076865519352427025,0.0015281376652716006,0.001353534780883292,0.0017887156713081165
2019-05-28,-0.010969162995594806,-0.004893401692672161,-0.01788978403628738,-0.01409159050244213,-0.009482647400335442,-0.003303930430446078,-0.009187405227009116,0.0016627663505357493,-0.016131169261344835,-0.01095810269564823,-0.011012339126973636,-0.008375618352052028,-0.008419659211599595
2019-05-29,-0.01158077591198603,-0.008840260625635588,-0.007065676323090964,-0.00954501755969317,-0.004542494301530531,-0.0059730431247457805,-0.0005701596447005297,-0.011066707654472818,-0.01339931993401322,-0.00109202593561597,-0.0062382613361954276,-0.0069119572935958384,-0.006907792610990393
2019-05-30,0.006489117209679485,0.005051530117493153,0.0032802818612562845,0.005229534987371887,0.0038762859619567713,0.006016799848989951,0.0011709953460441458,-0.00024867889337887306,-0.0013649547858728406,-0.004463980686450819,-0.0118348520643492,0.0020984398243635294,0.0016725283313794304
2019-05-31,0.007745690620102996,-0.014360401193708405,-0.014064283984361436,-0.007813346733272164,-0.014630649418358455,-0.01601920115081812,-0.012356046065259085,-0.02045892668366389,0.004442166410387971,-0.014778888609274676,-0.01614335481226803,-0.013195355808466647,-0.012998970069598381
2019-06-03,0.004398436111604731,-0.011758144193775966,0.013247240889232126,0.003048659384309982,0.0070932539682539986,-0.017567138089941148,0.0341916676788534,-0.027869476891823397,0.010341894880081748,0.006850110298386225,0.013677389493172765,-0.0027652013400870645,-0.001913073724485792
2019-06-04,-0.005573494935196988,0.026341553310834875,0.007792477661564101,0.01685031730474118,0.023658244266036244,0.03264078156717809,0.027599976510658486,0.017436165349703048,0.0004040540085525901,0.027075645756457378,0.016095522933266437,0.021432345278653342,0.021828665568369043
2019-06-05,0.02326408967572613,0.004365489069443784,0.01118595140726475,0.006747217867957067,0.010713712910986217,0.013776089595489038,0.007829018801074339,0.0012195121951219523,0.021406213187035172,0.005681052678852216,-0.010807531568777229,0.008161896642135735,0.0075341828667101485
2019-06-06,0.0014780038254216255,0.00494988658837725,0.008105490322690256,0.0031624146534883213,6.347392808425667e-05,0.010861839868978151,0.011283737809026917,0.004359253798320362,0.004382640788216152,0.0036841047625426615,0.017262918796138615,0.006135555437609463,0.0057237813884787325
2019-06-07,0.002604392742425521,0.01578830331332015,0.010197889626807788,0.012754388840150899,0.00860017136872826,0.01925105082155154,0.007008690776562965,0.014744367141124703,-0.007709973753280863,-0.0019576437088449916,0.004108518477168532,0.010497663083042452,0.010097301266752456
2019-06-10,-0.003030565416919151,0.010540718038528851,1.6685855400488947e-05,0.003103225069489346,0.0012585740356176878,0.009814874521065553,0.001447661469933248,-0.0014467228582211167,-0.005984460241362233,0.008871255349500728,0.003335631212613155,0.0046600819951694294,0.004770992366412097
2019-06-11,0.0017804412020148153,0.003346944964959908,0.004071280784889497,-0.0024767978135852298,-0.008971780529193674,0.00018562794220278178,-0.0006671855887913081,0.0028976377952756316,-0.00691857370941984,2.209358844051934e-05,0.0012411622598018646,-0.00034987685027698667,-0.0003316299612596829
2019-06-12,0.0026008929732541652,-0.0010795405475430009,0.0004154480191438381,0.005127619699953234,0.0020135398665037663,-0.0057682456960869155,0.0031156114387449474,-0.0028264556246467842,0.013330653804930481,-0.009477940039325783,-0.014366353071389115,-0.002037619727485618,-0.0019904398570501636
2019-06-13,0.0008647152924901036,0.008980676954999378,0.0010631052640321936,-0.001145226016506462,0.005363924050632907,0.002187775338619913,0.005768164170826262,0.01140085663895185,0.0015204601044489507,0.002341972610072629,0.01246462740870502,0.004097449858325275,0.004396766638966376
2019-06-14,0.0032830791826861105,0.0024206591476281236,0.0003318675848338337,-0.00290898753967872,-0.003903114622515358,-0.008284967105998464,-0.004687327671776709,0.003861244317120205,0.009933993399339869,0.0025812768419413157,-0.007386703932920735,-0.0016115422390061696,-0.002136109272519393
2019-06-17,0.01123789020452115,0.0010043915417410343,-0.002106660031516938,0.0046660584635269675,-0.003239007125815596,0.0016603183904677632,-0.009391102000110951,0.010608598548297099,-0.0033659030750627927,-0.00934413494617703,0.00909537856440501,0.0009317695307899942,0.0008442126209786682
2019-06-18,-0.00336370603763958,0.007482680955989807,-0.00573489810166572,0.008238821782271977,0.018942396094220548,0.017183187327493243,0.007662406666853139,0.004112952731737174,-0.0031149583579253015,0.013129004794551369,0.013553316354778078,0.009717372571954597,0.009911131194457079
2019-06-19,0.006792839748793078,0.002383878623495539,0.0040960995101400055,0.00956937799043045,-0.00018668035655933224,0.004350422875850635,-0.0046623928065939735,0.001834077153512359,0.008091306778936325,-0.002078726227333072,-0.0022286800533135587,0.002985176934281464,0.00296802290896081
2019-06-20,0.005304251888313738,0.006553287742181002,0.00809217756169045,0.004023789610631212,0.016150865891798594,0.014316234610047829,0.012073051721734451,0.00634649417220956,0.005416163659499373,0.004963878916810716,0.022095696923245534,0.009472195075278522,0.00924948324832342
2019-06-21,-0.010974631716685668,-0.0036228459817911896,-0.003237315010570896,0.004368631008024648,-0.005098993982268429,-0.004588915669626936,-0.003223318089150995,0.004002183008913862,0.0046730488398507575,-0.0026901874310916174,0.008205853365899518,-0.0012592326804730103,-0.001768112098307073
2019-06-24,-0.004566599803678906,-0.00512204375869485,0.0026678597468019483,-0.004976270561673601,-0.002308615753993881,0.001512452281403398,0.0044774881844062975,0.00108715346983157,0.000161503924545503,-0.003338639780666841,-0.009265359032662568,-0.001731933325650914,-0.0023911792055971715
2019-06-25,-0.013505402160864377,-0.010731159558465264,-0.000528846948387951,-0.0041120629775411865,-0.0073121066271751856,-0.01837613353372103,0.0,-0.015987933634992513,-0.006233044826249867,-0.00354948199747096,-0.008258081122241023,-0.009496324715228988,-0.009143770251675565
2019-06-26,-0.019557564431309515,0.004122717781228191,-0.013839972220844321,-0.012470822367503187,0.002020202020202033,0.010931790949838094,-0.001843546212475622,-0.0051502145922747156,-0.021513762958629945,-0.0016252198499454584,0.015355999653949182,-0.0012339839170762978,-0.0011945825680539368
2019-06-27,0.0072698257901502306,0.005908072944438514,0.0008886653252850873,0.006243525755720736,0.000946029776675017,0.0027802165642376586,0.0034733708236851513,0.004314063848145144,0.0012620811053174474,0.009209704754259196,-0.007945298854002414,0.003823212459416858,0.004784045209227372
2019-06-28,0.0029925626017690554,0.0024808108222722502,0.0006868477040860022,0.003687308732557959,0.009730248989014978,0.0014300306435137689,0.00857095763969018,0.007793323514972972,0.005207815039639074,0.014030978633139624,0.01191677581431283,0.005757422425228809,0.006383073695487074
2019-07-01,-0.002852002983633861,0.008735379343894678,0.0046204841463823865,0.00571577759750852,0.002393776181926821,0.014462027160925706,0.006863866644876815,0.007489496437922627,-0.003134899683210235,0.011374531508759667,0.0009760651841792534,0.007672277820080398,0.007244448387001334
2019-07-02,0.01817301768899049,0.0031871173362407745,0.008481919680053407,0.004274058965325622,-0.0013318025258324262,0.002872717087639476,-0.0013796461613375666,0.010637011966638354,0.01241351914992217,-0.0018313439910371265,-0.017382456437868288,0.0029281490252435205,0.002275129168623824
2019-07-03,0.01469380699252354,0.007461750689741642,0.01356598754110272,0.009084111114188387,0.005242343419479489,0.0067816758688350465,0.005065691453338683,0.007116373639516782,0.008435783416165465,0.0059573916985040665,0.006018898045476062,0.007672358989710748,0.007717879999414201
2019-07-05,-0.005664636483666219,0.0011514283936018277,-0.004939680469514096,-0.007282375005717934,-0.005199756023177793,-0.0019276182889009785,-0.00528273408441593,0.0019001246956831253,-0.0016860125802478088,0.003819332689625421,0.0010936461304227318,-0.0018058494836139527,-0.001467809911350093
2019-07-08,0.0037265484451298736,0.0018546724275485538,0.00170388452905601,-0.007455602761061164,-0.007357562194392875,-0.0073048882173935015,-0.010567387416680174,-0.008949208795116403,0.0011367327054239151,-0.00632708462475684,0.0009853482992032703,-0.004835457345313876,-0.005268596544848569
2019-07-09,0.005249007809499329,0.0032784511645225223,-0.005838962398390546,0.0011049210770659457,-0.002115536064485224,0.003144473480171106,-0.01013254463796709,0.0028106685803133136,0.0006163828061638288,0.0034848452255469287,0.0008559811684143437,0.0012365799156572876,0.00106807906711337
2019-07-10,0.005221599592460491,0.003886237359420175,0.007353908923400709,0.0036264480286405387,-0.002893751354028029,0.00802261504329782,-0.0018812593371327901,0.012642375812511153,0.0031772792115161153,-0.0046088876503248555,0.014026085097284646,0.004510627158405667,0.0041216018707979085
2019-07-11,-0.012120444275518394,0.0016429466247716018,0.0024824027045124986,0.00019406709176594816,0.0070924187165359864,0.0033865574259324127,0.004296247020344923,-0.0008833402037571325,0.000355503845905103,0.005965456346642695,0.001834436806814832,0.002285278994477169,0.001775785275537789
2019-07-12,-0.003932968536251691,0.010630881840362427,0.003339686883990556,-0.01177111918027185,0.017767983726807657,0.007953130306804113,0.01023928463003343,0.006306731109277264,-0.006396795141020095,0.006122754811500597,0.003704249363332135,0.004620138604158219,0.005085435313262776
2019-07-15,0.0012446351931330035,0.003388008074414417,0.002029616158992109,0.002075600474957362,-0.004103262926792417,0.0029975009125879915,0.0017484427931373503,0.0006442921572074045,0.0037067143553892734,-0.005298210524075975,-0.009268384742812774,0.00017585947169163063,-0.0002891259721861106
2019-07-16,-0.0018431994513266048,-0.0017893789742915445,0.0001134282890153937,-0.0050289702273764725,0.006507130477088063,-0.009091608983825439,0.0018817497545544626,-0.0006438773121050234,-0.0057015128446012975,-0.0025883460254985113,-0.011259974178254861,-0.0034037753375577573,-0.003051161176504613
2019-07-17,-0.004036760285149987,-0.009003443386672028,-0.001312378483473875,0.0001875468867214014,-0.021736503428899434,-0.0029312049724536937,-0.00884666684813673,-0.00884437415802719,0.004333235591177154,-0.00883608209835507,-0.011473830675371888,-0.006531204644412147,-0.006614159523084195
2019-07-18,-0.00146602276647112,-0.0021767789802863424,0.00820908840182355,0.0054472154509659365,0.002470546453993805,0.008054404420358985,0.004284301878501706,-0.008864200449119508,0.007915396094206217,0.008200800605864034,-8.661945906152102e-05,0.0035819355184592006,0.0035043146874589315
2019-07-19,-0.016884014163572103,-0.007025953010098562,-0.0067583876418054745,-0.010630262679385716,0.0046054556936678814,-0.00553751879804909,0.0024885145482387294,-0.013176723109945221,-0.01448342452526552,-0.0048504099240245235,0.004894423389279812,-0.0061767347442999165,-0.0058783302050139374
2019-07-22,-0.0004392322220757583,0.0016090436504663241,-0.00533009315512345,-0.0015268470608192919,0.0010885897396581967,0.012224938875305513,-0.002536894077852514,0.001570902060298529,-0.0018288700195950858,0.0020919599723947524,0.004439559492252387,0.0028287212634507952,0.002458908420297723
2019-07-23,0.010150722854506355,0.005766775136960778,0.0062870545312398995,0.006173363916970986,0.01237498659886982,0.005549970679400218,0.019854509653776775,0.0030162273028895292,-0.0061183091218427466,0.011363391800279787,0.002682000557856057,0.006847502370160408,0.0071396241841994446
2019-07-24,-0.000739516269357865,0.005354875701355732,-0.006361076041565661,0.0003283517679395498,0.004039273233385154,0.008581009309978516,-0.00021452322213888486,0.008841041679196415,0.0007242321493234893,0.0091502989806993,0.004044337926902397,0.00468811866363672,0.005610321832415277
2019-07-25,-0.004832179704845285,-0.006334592783452608,-0.0003909495186433798,-0.005523877405559374,-0.0020793153326904568,-0.007909137842023739,-0.0077513142366698595,-0.000775008942410893,-0.002993519523668664,-0.005925394850599952,-0.011593955798043565,-0.00526235610486292,-0.005665518185880791
2019-07-26,0.0032808398950130435,0.0022138179134765235,0.01187973600586667,0.004168277709144519,-0.0016759776536311444,0.005585390561036796,0.000432490877145586,0.03245629735695954,0.004124323610927849,0.009906240719528059,-0.004980917265023588,0.007387629133693174,0.007568069127497301
2019-07-29,0.004621757139742666,-0.005808661860203568,0.0025123200309207228,0.00407584451686227,-0.0017695367443549825,-0.000503687961857735,-0.003350355299775787,-0.004738514880092581,0.004928860118949885,-0.007834653111806533,-0.003337233996446032,-0.00161606948107329,-0.0019137792103143259
2019-07-30,0.008897183281975751,-0.006881512492670994,0.001831325301204778,-0.0042837768320630465,0.0038332171752371025,-0.006972345331289875,0.005909941171686528,-0.006677117807582733,-0.00765130955105775,-0.0018418155643999956,0.010936684640806993,-0.002578641959370631,-0.0016291106209361805
2019-07-31,-0.0030112707562591767,-0.011797240750714644,-0.019899300878712056,-0.009891317621199103,-0.010535053958191654,-0.014689116289416715,-0.014849750707451759,-0.011105915361234509,-0.005239052357573715,-0.004326708943986124,-0.00533390687170654,-0.010885509660889747,-0.010671480144404333
2019-08-01,0.0022437003797031174,-0.012986196270792005,-0.0048426942394843575,0.0010056544343668428,-0.019830071540796523,-0.005340953187286113,-0.005662854954314178,-0.004906017259723394,0.010069559456773902,-0.023218660134199598,-0.022790667502756934,-0.008998852495319398,-0.009677278101326792
2019-08-02,0.0076201136559326255,-0.009111181905065324,0.0011836848767816655,-0.0022177992607335106,-0.006489565339184988,-0.016818226957397653,-0.012133050870773432,-0.007959607959607928,0.0005246933823048749,-0.0021589793915604005,-0.013453410926470899,-0.0072827367651240316,-0.0075315410918523895
2019-08-05,-0.01952574236274307,-0.02727409122085056,-0.02692983464424703,-0.02339564573122066,-0.027662907268170334,-0.04068337096972008,-0.018242076533170004,-0.029159930543081303,-0.015109800065552292,-0.032542180260512255,-0.029651227991477014,-0.02977780051499812,-0.029627099514382915
2019-08-06,0.01176573121840696,0.014641885266671872,0.009669417303700634,0.01269294738992155,0.01496600831265904,0.016086577221587017,0.0008226716972568049,0.013506845935611356,0.013012080268894,0.015067657623059949,-0.0006472043085314905,0.013017006826634425,0.012916653913256582
2019-08-07,0.009346196916185656,0.003148888116747628,0.011615857734991186,-0.00030734359092587926,-0.0011269304636285504,0.006387529883721932,0.013208616780045368,-0.004198868131199629,0.00216819973718807,-0.01212890016468593,-0.007563316757256966,0.0007668897934256513,0.0008461003837669789
2019-08-08,0.015660337102624267,0.019829844348710823,0.012093776331224104,0.0137866764022061,0.01665289518845725,0.023880267706111624,0.01888323169025896,0.02224395013444158,0.010227496230249766,0.016625740611412754,0.028922345483359813,0.01876226603513209,0.018915491682014673
2019-08-09,0.0006722124191245182,-0.009711520091702175,-0.005778742715356278,0.001810066242738273,-0.008346358236948959,-0.012462558451913353,-0.007056368578567285,-0.008010521281683447,0.00035693425919913757,-0.0029693974782281085,-0.01252576502299041,-0.006616543400644659,-0.007141269723683341
2019-08-12,-0.0016374170795196985,-0.013900946379001744,-0.0064526721944010434,-0.010055622824277188,-0.013633641206695635,-0.01256164443345309,-0.016203959738966933,-0.009762564782451522,-0.0017515975218139745,-0.018758473540328446,-0.014152674557298739,-0.011957583129186489,-0.012131974393028266
2019-08-13,0.0007990243492157489,0.01673803882355518,0.011931517715494389,0.012890710852468734,0.01147313082245427,0.024706272328827605,0.011776940806116354,0.014970788704965932,0.0004224207961007753,0.0118462479331356,0.010144489169128912,0.014762028608582556,0.014425981873111615
2019-08-14,-0.015757626691318638,-0.031385628460864234,-0.015857203514387463,-0.02834015736145956,-0.029937281789601755,-0.03108353880769754,-0.03255826874461765,-0.03063916536755018,-0.009386774067818626,-0.035592765042980035,-0.041183922607393786,-0.02929276360753441,-0.029290447472265613
2019-08-15,0.013362933868420024,-0.0007504690431520133,0.015117070175729719,0.003475930636736013,-0.002328838512148934,-0.0018622250250398542,-8.614501076809056e-05,0.004762788396115658,0.012590576740221016,0.003110347709020189,-0.00516491700098487,0.002464268112370549,0.0020402528072651638
2019-08-16,0.006277384563531996,0.010934152106204964,0.011246608036093786,0.01193977862063611,0.01895169847047873,0.018790788945545422,0.017575096203549245,0.011758187638512663,0.003561830133083088,0.01858108108108092,0.011856466724620818,0.014426183452732166,0.015033450192128095
2019-08-19,0.009001465354825156,0.012454660665122574,0.009375707219294593,0.009867477482645937,0.010044535580404412,0.015562300272869312,0.007732686120675014,0.0139336781259507,0.006904784951440535,0.009859378904563787,0.021430446507409995,0.012105875347909967,0.011930078578646697
2019-08-20,-0.008091286307053913,-0.000776933701657434,-0.012123250376349204,-0.008578083281259086,-0.00696283842725498,-0.005265993749775655,-0.012154139128486507,-0.009901584253480422,-0.001794469189604908,-0.013969810811418792,-0.009625943319081287,-0.007914764079147596,-0.007958982919486157
2019-08-21,0.004978038067349866,0.018272138228941692,0.0034368160817055404,0.00748720299488137,0.006708193579300303,0.011793849576057003,0.005273005613199544,0.003939632705012297,0.006741356617765204,0.004562876437306018,0.007525537285616446,0.008246825558263726,0.008067908653846212
2019-08-22,0.004287379287379212,-0.0006151105077842889,0.004329773656235325,-0.004881701675892969,0.0013961605584642545,-0.002612512937649525,-0.006993795826283233,-0.0016904129437332882,0.0006696215044161846,0.0062454578488371215,-0.004823452280603213,-0.0005060815269983809,-0.0004918252678958179
2019-08-23,-0.012890123098603268,-0.027548443237048192,-0.01640794659374234,-0.023185147788647442,-0.027028739820653347,-0.03304968904092931,-0.02436669317278195,-0.026003870343493052,-0.01051558218086801,-0.025345882140519582,-0.033739588725236414,-0.025946389777450785,-0.026183943695574308
2019-08-26,0.010203224722875381,0.010192278312490588,0.011251942104832713,0.009693116327147644,0.007392691982023081,0.01394409041454825,0.0029399778773941954,0.015273811002111115,0.011818884451887168,0.010791033716191167,0.004504723872601479,0.010983067039910699,0.010795002143688226
2019-08-27,-0.003907061806392553,-0.004083308127727614,-0.0029110669060211647,-0.005485749606436108,-0.004348107199430906,-0.0013358151757364434,0.0009577710056594135,0.0009784735812132794,0.0013685986186702248,-0.006964490263459355,-0.006229849950306621,-0.0032031906836484936,-0.0038628754942208188
2019-08-28,0.0033799290632172685,0.010933466386098711,0.009407490308663169,0.007069814417371534,0.010568696527428312,0.0009502090459903023,0.008640686615634552,0.005070869990224658,-0.002606318733710533,0.00913579107645468,0.014025758610596073,0.006545469754213773,0.006873688372517339
2019-08-29,0.007319304666056681,0.014752902298234005,-3.213729050521863e-05,0.007704843733425948,0.01767125048194318,0.017270085145536074,0.011671362042200872,0.013373047231171498,0.00643722115997436,0.014791276119061614,0.014505304178393574,0.012687244194824032,0.012883250264310586
2019-08-30,0.0009082652134422275,-0.005603899468158202,-0.0016711928138708476,0.001665071770335036,0.004356885773820762,0.00012921102313590005,0.006706069561263739,-0.0007797972527142649,0.0004749540877715397,0.0039649462704725025,0.000829895196092334,0.0006428273461489553,0.000685922192565247
2019-09-03,0.013075400098993661,-0.003710910502195741,0.005070259307547342,-0.00628618377056378,-0.014177040110650019,-0.012632334469764861,-0.008806593654736239,-0.010265337975747468,0.017533310124378865,-0.011062492987770511,-0.0055201497310999326,-0.006899120439028739,-0.007420763235929662
2019-09-04,0.008468710557387737,0.008612777220431633,0.009224560392043779,0.00014420858329478037,0.01304167596696515,0.017090102860465972,0.010792801002391883,0.01607326984897206,0.0014618518864111252,0.01082319840261392,0.013912712025919705,0.010842075925499017,0.010899100749125479
2019-09-05,-0.009406919940247782,0.019004285487540296,-0.0073471071757276185,0.009756707135373244,0.017658168083097392,0.02127705194545304,0.0020566276940414685,0.015998089780324687,-0.01189514876700426,0.018967878066847632,0.01271146616541352,0.013009823744460025,0.013410160832825868
2019-09-06,0.0021600912944244044,0.002128742172978537,0.004747821916713413,0.0031224415970145802,0.0016392935572668854,-0.0015186188266745893,0.004779577147998149,-0.0022326674500586785,-0.0033317617476033012,0.00015420540159483132,0.005173893877172375,0.0009106182795699524,0.0007327080890973114
2019-09-09,-0.008703078612387616,0.003036080658197493,-0.002688856360974934,-0.009176836790859344,0.0028100296442687966,-0.007198127225321649,-0.005036655660641376,0.0022376634083145497,-0.006212747169573207,0.015374110702407462,0.01853476133321008,-9.400042300200528e-05,0.0007761019182896955
2019-09-10,-0.013661538461538503,-0.0038223535367101213,-0.006094156310323506,0.00292126006876936,0.009992301770592737,-0.004913553925548375,0.009843073288711368,-0.00029377203290237297,0.000983752221376033,0.004034794681012643,0.012939923402905285,0.00032231746255573235,0.0009803491213438154
2019-09-11,-0.0031611346809748975,0.0015970299391263598,0.004076981107847377,0.010113454045381776,0.00960380493605073,0.010102658332919567,0.00963573576918808,0.009462239200705103,0.00976444853057723,0.005941449713730229,0.00022372365653944293,0.0072296678179091245,0.00801052477707942
2019-09-12,0.005591254276892332,0.005228663429381886,0.0030373271521062506,-0.0012007071881706688,0.0007549562880309058,0.004979736895706521,0.007226788768135872,0.003667908709827694,0.001350036105616903,0.004639175257731942,-0.006329963317526999,0.0028791074766822966,0.0025522781983235987
2019-09-13,-0.01273858921161819,-0.001884887936717261,-0.007538449278827075,-0.0006909999621369511,0.005160005431584791,-0.00670925177865056,0.011364881147989836,-0.0004640640408375418,-0.005706402458142579,0.008380365999657968,0.008013505908835095,-0.0007243559711188619,-0.0005930511759771884
2019-09-16,0.010171058714747883,-0.013054021980289932,-0.009570914696814037,-0.0023207130746133453,-0.0015010282043199652,-0.0027158999760774627,-0.01627359129186856,-0.007660611688236285,0.0008198789101916404,-0.004854986431478969,0.032915745517072104,-0.0031356092824674775,-0.0026775505478122685
2019-09-17,0.013979613064281304,0.006022584692597199,0.005480251637590028,0.0014431384463475805,-0.0004058868627951906,0.0034852546916888105,0.007074043490228332,0.0029241476109713727,0.008916755939252674,0.0009586910671297577,-0.015155118365582032,0.002581755593803692,0.002060718639345094
2019-09-18,-0.0031184604653071712,-0.0006859565976552462,0.00024188086561105493,5.6883899960169515e-05,-0.0013986224320992058,0.0006538521028727207,0.000819963374969257,-0.0008163741326026042,0.004715655351176018,0.004341903626766674,-0.004170874127409352,0.0003426822370828919,-5.7929036929693645e-05
2019-09-19,0.002757769088289841,-0.0022256890275610397,-3.224298312076712e-05,0.0047116150316635075,-0.004954744657459931,0.0021289003491957725,0.0015020345741050267,0.0005836008170410079,0.0036056197936091827,-0.004026447401881739,-0.003857684507538983,1.9955233758972568e-05,-0.00023172957159012242
2019-09-20,-0.0032838026434611756,-0.011674449633088724,-0.0022087155593532026,0.006029382625187596,-0.006553456834967997,-0.01118979176891255,-0.001636125654450371,-0.004607757363662812,0.003716551040634286,-0.0064258053534194115,0.0007966540529775745,-0.004895586322955614,-0.004708097928436961
2019-09-23,0.0023474178403755097,0.0023097367532907143,0.003635482307319471,-0.0060964171825173,-0.0017520071908468937,0.0022902278883105698,-0.002430896973669827,-0.003984530645728346,0.0012959763021476167,0.0017132088401576873,0.0011276948590381863,-9.69228661094057e-05,1.4554981442316262e-05
2019-09-24,-0.0010682443814453713,-0.011900878623665068,0.0023021814376560368,-0.00905916768896875,-0.006394603504059626,-0.010250641991553344,-0.009637762505818381,-0.013413342746205426,0.010570107858243416,-0.009406533264922134,-0.01630002650410811,-0.00841639425358831,-0.008718306989200175
2019-09-25,-0.000781474931106807,0.009701397171579584,0.001943525330077911,-0.004818588705837512,0.007126948775055819,0.012393858821511339,0.005584584335517562,0.011210494931425341,-0.0002744488152960356,0.0073161256906078,0.0022901791728411336,0.006158565361019441,0.006680664248902346
2019-09-26,0.009055733926072174,-0.0055792859779569826,0.004985652222703196,-0.006286840695092999,0.0008235599139836403,0.0003953629573147932,-0.0020894619635443146,-0.007960844439202863,0.0048194241093217904,-0.00389930369576863,-0.013328853046594924,-0.0024289165022262083,-0.0028441410693971214
2019-09-27,-0.00783225911723906,-0.0037121099633031784,-0.0008135268782899496,-0.004198484308646444,-0.004114411105862303,-0.012815988934212208,-0.002589745709011937,-0.009273019081020073,-0.0034302713860724365,0.0023659475619985937,0.0,-0.005316326462073695,-0.0054704755218161205
2019-09-30,0.001562371515500427,0.00842062680974287,0.004773383993997404,0.008954559959772235,0.0020810062277172303,0.010394475343503684,0.007264591332210246,0.003539929201415992,0.0006092174601723954,-0.0010514344570090595,-0.007537745487569469,0.005047623227845355,0.005044636947921122
2019-10-01,-0.010180623973727432,-0.007716912812608778,-0.0028122914614382433,-0.009622665018162224,-0.023958221991479345,-0.008504556517801576,-0.022980310426150563,-0.01016381681214873,-0.003044232701147731,-0.02079305752459515,-0.023013748770388642,-0.012258376613342059,-0.01283364551627253
2019-10-02,-0.005391506303915161,-0.017724158474828777,-0.018721817689329345,-0.015193597398701186,-0.019680851063829885,-0.019781066693307814,-0.018749298304704065,-0.013529838125151072,-0.012946960212525616,-0.020971350853332127,-0.026084716791158313,-0.01790323952044892,-0.017462458678604964
2019-10-03,0.011800517054457504,0.005361204375609274,0.007193193258207886,0.009325589850928129,0.007021799495707137,0.012368777391127184,0.004290617848970335,0.008265980896399627,0.002691415313225143,0.0016356710732690072,0.0125742312408339,0.007971990677411389,0.007679425476381008
2019-10-04,0.006058108386564953,0.00966334500403998,0.015508874881104084,0.015898823895942105,0.01095052454755785,0.01710760026175584,0.005183708345200877,0.014028056112224574,0.015241268665926233,0.019327561908596858,0.006173425776426988,0.014216853396000317,0.013849378649498423
2019-10-07,-0.0032361133868589187,-0.004374639892447907,-0.007921766601578062,-0.0042934496142603695,-0.005408116878027225,-0.0047864819004524994,-0.003116853677887388,0.0004192118816626067,-0.004467270406612878,-0.0044330326771567785,-0.009203322635453981,-0.004478304612789308,-0.004445100790076095
2019-10-08,-0.004808285045000638,-0.0113597393689987,-0.0092811879920629,-0.018306592105643116,-0.015713655276762162,-0.018158180771935983,-0.017253140810641776,-0.013169709667764207,-0.010134619493879504,-0.02023586465336702,-0.017839279759919946,-0.015560826054260457,-0.01573857062331263
2019-10-09,0.0030971258671952384,0.008942895546979912,0.007575268122496315,0.006853277121427581,0.008518678644056976,0.014514460193767453,0.010238611713665913,0.0037609948437973273,0.005088352299010168,0.009966926901703088,0.010670029342580545,0.009104546742895181,0.008831552454297453
2019-10-10,0.0018525379770286676,0.005339665008541328,0.002051906830605521,0.005141488305061559,0.008605496721337369,0.00637601363639595,0.00981992040997448,0.006405995044418855,-0.0011659302896416257,0.010247271107150846,0.012812822420039893,0.00641570185654583,0.006259430227520735
2019-10-11,-0.002876397107166362,0.01147754718190952,-0.0009918571725671121,0.008011857937261446,0.01969303423848867,0.014910670625837064,0.019108641415286787,0.010388518585239925,-0.0034711556183572023,0.012811466372657065,0.014048470777759281,0.010938930544257763,0.011535378128804341
2019-10-14,0.0013187175471853774,-0.0006339278167526441,-0.004275625730619681,-0.00033637997481950066,-0.0023619859207113514,-0.0010124920571742413,-0.007455627886273852,-0.002020682277427799,-0.006719891495330033,0.0011974483464327612,-0.0011681151294271608,-0.001387079289088211,-0.0016144419167828383
2019-10-15,0.0012346695201250757,0.009599526366981026,-0.004004503055644926,0.017603399542369225,0.007876452656175204,0.011043853885619237,0.006754862940747897,0.01619818961410191,-0.002979238432175846,0.01330839820815033,0.003929456892922234,0.009955666436289423,0.00986402058066882
2019-10-16,-0.0011920420914172114,0.004073469045823952,0.0008557911223783243,-0.001180972176295536,-0.00042989621077205165,-0.007072438919845658,0.003034605640468868,0.0014650726676042058,0.002365611479441032,-0.002446456929482088,-0.014934066446111616,-0.0019995460129251796,-0.0018050541516245744
2019-10-17,0.006749248940285613,0.0031808937790061,0.003936499741868715,0.007576617480136161,0.0047155320717622295,-0.00233249549166914,0.0019151770844900717,0.0063783720521972675,0.0022668695463157196,0.0011401772652956943,0.00037842056715797767,0.002762828253096483,0.003339555503704128
2019-10-18,0.00976985651800688,-0.0032331843226947043,0.0018801825544771944,-0.003360839646642355,-0.00871413065080806,-0.009114510635922168,-0.0010250159293015981,-0.008721944412140914,0.003655967282191197,0.00232073403958144,-0.0054377379010331905,-0.003919344885671916,-0.0037644801674394657
2019-10-21,0.007043964051493656,0.004693415659320577,0.003272114844815155,-0.0007441387300661795,0.006091824617140418,0.010663323519882972,-0.003494176372712321,0.004164711403097154,0.003673519787614987,0.014235180619573296,0.018589393110989505,0.006871609403255041,0.006842519914796785
2019-10-22,-0.003939540118990115,-0.0071837141463110266,0.0002877743848821446,0.0017250480751105357,0.008063032681341564,-0.013707699169314913,-0.004063004396949954,-0.008995852561481388,0.004459754559714479,-0.002811304402967729,0.013092487572638811,-0.0035686728395061262,-0.0031878975815450294
2019-10-23,0.0017354104447493413,-0.004297499921578463,0.0047149455783401795,0.006267232536911527,-0.00028892065326491245,0.0012152986313758163,0.006594389180730964,0.006366047745357983,0.0036744442403087163,0.0035823299983042123,0.0075097903708822855,0.002847139009142241,0.002703842072364182
2019-10-24,-0.002779904113452303,0.0005460693508074765,0.002831599376411864,-0.005966352762944882,0.0012320703344843587,0.01481288064304409,0.003664223850766035,-0.007321501786446416,0.003935566538532109,-0.0004013095363818442,-0.00425278946405705,0.001920439870594981,0.0017107151659250253
2019-10-25,-0.013049450549450614,-0.002120111673208913,-0.005250634517766417,0.0019380027282562828,0.00636545940690314,0.01197496522948538,0.010427038389202226,0.007080481472740319,-0.010879144255021678,0.0049232979757427575,0.007738231917336469,0.004072697314876805,0.004197119907373814
2019-10-28,-0.010765892996029258,0.0037548908241828993,-0.001817920872602019,0.01038487901522056,0.0025512129583504795,0.012644136281799279,0.0028741138149070977,0.011717834544176187,-0.013087959691541973,0.005004310435459125,-0.006220520883177261,0.00558137996062924,0.005678460762412518
2019-10-29,0.003848382024331798,-0.005909905378642555,-0.00041536863966773474,0.011597758510134115,0.0038998976088659987,-0.00918825748836194,0.006687046236148131,-0.009555246699096576,0.0010895619960775704,0.002803523233675609,0.004195900398954455,-0.0008323956544341593,-0.0005015835709882843
2019-10-30,0.006183272187641808,0.006029366811076242,0.004650865444549179,0.007780993064167907,0.0033297835640682116,0.006088707468083987,-0.00013556380988533068,0.0019294860550780335,0.008644816219914198,-0.0014395693809851062,-0.0212114985044638,0.0032533282404039188,0.002666896077081704
2019-10-31,-0.003605227579990933,-0.004610178015737487,-0.002083996181991843,-0.0013126469891160397,-0.011361427952102487,-0.0012049259004608404,-0.010982157383805924,0.0026844070961717925,0.00459366136391659,-0.005494964690150872,-0.004712139591303455,-0.0030228734036372717,-0.003503503503503369
2019-11-01,-0.002837054397434313,0.006484142272186633,1.5941590014278972e-05,0.0016703481261068909,0.022076724177036988,0.012179661941112307,0.014531297123899778,0.008322663252240847,-0.002086849777505062,0.014222987877896553,0.025078516851825716,0.009662360578885698,0.01011695486833597
2019-11-04,-0.010514596734290005,0.0011399646506373706,-0.009357564163876897,-0.0034535861710757176,0.012013078277336442,0.005474489418007211,0.007837202388995657,0.004040404040404066,-0.01282406126026392,0.00890711740823602,0.03146149625022865,0.00370405391746087,0.003963631197613449
2019-11-05,-0.017627203400425007,0.0014416146083613413,0.0024942471396618426,-0.008942777198661322,0.001988158760324543,-0.0014465577283686581,0.0025205802697556567,-0.0006898534061510198,-0.010249221183800672,0.004229458382950746,0.004544245433587557,-0.001185730946278274,-0.0009056304744655685
2019-11-06,0.004114702638500001,0.0005737294500542944,0.005248964653761012,0.005600457632122913,0.000481463649494529,-0.00014084129198410622,-0.0009094070131330234,-0.002013461427831875,0.0026124453117624125,0.004109421000981328,-0.022905311472515844,0.0007025258405917167,0.0001982862403513419
2019-11-07,-0.010772675425626321,-0.0056401755647995655,-0.003832335329341241,0.0014221357726784678,0.0022603319042202585,0.006687549888317212,0.0064519583433728656,0.006686649757897234,-0.013467696364663828,0.006678476167206293,0.01578626436911401,0.0027301269509030224,0.0026480125745194094
2019-11-08,-0.0023488213187563556,0.00027259955125913393,0.00019235393123340216,0.007989298737471007,0.001644138573236864,0.005863539445629007,0.003936798425280719,0.003664681630783484,-0.0037867939538583917,0.00016180902489826288,-0.008115078482813787,0.002560628553277322,0.002542157444284543
2019-11-11,0.0022259321090705164,-0.002704289128338311,-0.001971248617722021,-0.004135686887600132,0.0007263008047413422,0.000602808691044121,-0.001139314291770499,-0.003936558649018651,-0.006771864818245765,-0.0026087484074501788,-0.005558917804227459,-0.001962445200253349,-0.002000394443974818
2019-11-12,-0.007944304446247719,-0.0007987724129232543,0.002312361499180904,0.005795752215620231,-0.00031934041688430614,0.0028864423274257422,0.004164566699381922,0.0029784065524944836,0.002476361999099508,0.0003649635036495624,-0.00586047560013514,0.001564620781921544,0.0013127434927444614
2019-11-13,0.010720282429930617,-0.0038392763227096394,0.008571245474062072,0.0010980235575963615,-0.0039930303470306905,0.0025150672995044587,-0.0047812764158917664,0.004225915139055347,0.014661063167688004,-0.005735943897198892,-0.005124135585534484,0.0007115504036430131,0.00033832837588287923
2019-11-14,0.008391548815811944,0.0034950636186052986,-0.0013184439184787955,-0.0007342343567290355,0.0024637364239374904,-0.0013169331261358996,0.004910418049104193,0.003013932328689295,0.0022764638927532665,0.0008969524003670237,-0.002939902914834036,0.0008370932502488326,0.0008737193669763332
2019-11-15,0.005829425928272736,0.0014520813165537216,0.0009066327342133196,0.022106714563036256,0.0068640567738933456,0.008413112851755056,-0.0007395668251453102,0.007086971311940138,0.002649842271293279,0.004541844029410047,0.006697142857142957,0.007695462486638771,0.0074342114526280145
2019-11-18,0.004997690143211164,0.0033517557316073976,0.005371303256153981,-0.0037719103616596916,-0.0033075278756715676,0.0025303379014540717,-0.002246775216747654,0.0027585430389012178,0.0017304304052354613,0.0014800697457524326,-0.013305179029584724,0.0005031309486422941,0.00025156881105803386
2019-11-19,0.0018386961972418625,-0.009697045856764341,-0.002481624911088165,0.0065389755011135975,-0.0012027765299172932,0.0024326457141738977,-0.003205552759159791,-0.00258252863238273,-0.0025440497503061987,0.0015791071970847614,-0.01472720160158314,-0.000592563172038818,-0.0003772583101623317
2019-11-20,0.00029198298156329905,-0.0028233950532425833,0.0018381187805032173,-0.0008585286412235993,-0.007457489408624007,-0.007234684848800188,-0.011826928187955055,-0.007936507936507908,0.006266137666099958,-0.004992622238392697,0.01036971296447664,-0.0037561935529359936,-0.0038159402868244152
2019-11-21,-0.01388599307785332,-0.005217391304347729,-0.0053460711122358395,0.0021968871526394373,-0.0015787165619062238,-0.004849533396246275,-0.001210295581076326,0.0024964539007092945,-0.0036924617454704434,-0.0009750944622760604,0.01634266429347453,-0.0015827773238195064,-0.0020064824818645244
2019-11-22,-0.005412719891745632,0.00647066348285863,-0.0014152593582037465,0.004004065938922663,0.0054317589528858345,-0.0012182914943497103,0.0015348987505385825,0.001301714867847581,0.00025126417286980285,0.007584692342104127,-0.0034798034934498956,0.0021749357185665286,0.0022354694485842153
2019-11-25,0.0005527210884355149,0.008886299846422752,0.0017676003630746617,0.01066133746522513,0.007164387750644208,0.014274693901771496,0.006210846126959435,0.001186977164820302,-0.0036738154300248738,0.006518536457387425,0.0016204496177110173,0.007507338543994324,0.008234551448411231
2019-11-26,0.014405303191263208,0.008083650030444867,0.008234246836650305,-0.0006794484272510948,0.002963926841610842,0.0006825627957771641,0.005237280889268892,0.0036131654716875516,0.0038134257800188642,-0.0011829811124033363,-0.010117121633322679,0.0021955297992111156,0.0022540071237755477
2019-11-27,0.0032255361930295656,0.008300008331250552,0.0011667139658815273,0.004811673538410499,-0.001816347124117046,0.005723120497346468,0.002020202020202033,0.0063002756370589275,0.0009418856550815757,0.0037739636655624853,0.003130610929515054,0.00417446792250975,0.004317405669544971
2019-11-29,-0.004426072069815046,-0.007663626692556491,-0.0014330708661416391,-0.0035047235692660106,-0.005372306625844869,-0.00335878257050215,-0.004562818336162899,-0.003633517804237152,-0.001411499011950701,-0.0021398716077035695,-0.010119785212721943,-0.004011250527170329,-0.00447854032759698
2019-12-02,-0.017489409889695162,-0.0076083223180923865,0.0025863836363921866,-0.004405017889944185,-0.01608781507724477,-0.013959999481522711,-0.009433962264151052,-0.008696140035906685,-0.007727101394647717,-0.006453423120089674,0.00027818346199315336,-0.008631064190157245,-0.008622485108510047
2019-12-03,0.007427644497566943,-0.010099844779124845,-0.0018246739968225123,-0.0020810926610880243,-0.010994038132341566,-0.008478809548848498,-0.006672047350013366,-0.0008489444790310552,0.0050015827793605805,-0.01317222737725432,-0.015481239426174409,-0.006638042050567283,-0.0065266106442576355
2019-12-04,0.006016949152542361,0.0040472532711763876,0.006618655152307751,0.009130339539978216,0.003267730046702999,0.003526588622111415,-0.00040626184930403486,0.006400815679166172,0.007213052790726815,0.009873060648801113,0.015701136978884644,0.006323548428811776,0.0064567062339637715
2019-12-05,0.0005475528599108159,-0.0022265134487743365,-0.0018786104544670224,0.0002952234581086177,0.0005354115232458767,0.0039039277079784274,0.006584116834204901,0.00388360443518887,0.000187634862557573,0.003724394785847185,-0.004959673681283139,0.001500276282141666,0.0015547960555803986
2019-12-06,0.0010103136181855987,0.008079868014721603,0.003685869786846707,0.006163140944956957,0.01257543776198844,0.011212222902149627,0.01020188425302826,0.006279434850863241,-0.0022199293374605134,0.013511333387109747,0.019960870172823553,0.009135730393304842,0.00930030907794066
2019-12-09,0.0013457252197317526,0.0007238774653797186,0.0015001875234403883,-0.006824201326879997,-0.003449794480328894,-0.004834690039757561,-0.0012523648378588437,-0.0028972587474926925,-0.004888443218851846,-0.0030044967965299207,-0.0024662601904501535,-0.00316283682622831,-0.0032285777629973422
2019-12-10,-0.006803578178153025,-0.0021281279812137566,-0.003510797653226816,0.001468033356497589,-0.001738233777712428,3.2692986700499915e-05,-0.005869484018995785,-0.0035762181493071976,-0.0004093714573624174,-1.9957291396366372e-05,0.0015108852413983076,-0.0010969527672547441,-0.0010565093487175936
2019-12-11,-0.007569030402976962,0.002952114806799244,0.0015188763446754017,0.001656706190529711,0.006758451753803518,0.00706799265085678,0.007111802909129938,0.00302826379542398,0.0033078158964181537,-0.0020556420388776475,-0.0015543212416283536,0.0029082017034209873,0.0027693121251339825
2019-12-12,-0.014486578610992673,0.008746477840510414,-0.0007817385866166759,0.008832698302736475,0.008603884206669132,0.010835973614501615,0.014362991979108397,-5.5909650005681044e-05,-0.004898266767143888,0.019998800071995726,0.019665300702822686,0.008575166394515055,0.008742957062366274
2019-12-13,0.0017725897103328947,0.00039459201262692645,0.0032545767485525623,-0.0011158798283261717,-0.002761146311689777,0.006410050548194324,-0.008143750328377108,-0.003242941012021161,0.008393285371702586,-0.004705605552614456,-0.00909295015716205,7.258794976916505e-05,-0.00048151001540830407
2019-12-16,0.007595701523456011,0.004266140751504999,0.0036027324620231393,0.010827532869296164,-0.00032059689312469164,0.008666738995858125,0.004687996609810341,0.010377517249116508,0.01292321171537636,0.004018675019207052,0.014251727653789459,0.007147816208028068,0.007074725062970577
2019-12-17,-0.0115646549877928,0.005508986987214692,-0.0007459323377209115,-0.0008756269659100369,-0.0007434402332361367,-0.0017020038089453626,0.0018189966519917,0.00011103708638682264,0.002378672268388504,0.00488551415621874,-0.00037976945759976566,0.00033527080167328194,0.000710702912515293
2019-12-18,0.013259955800147383,-3.083754779831249e-05,-0.003654686552308717,0.0012167416848893886,-0.004974543757020444,-0.0006147800735201159,-0.002394610809957287,0.0029421561008105,0.004345414201183395,-0.004744611059044002,0.003039309897870046,-0.000432260408705365,-0.0002594954861443455
2019-12-19,0.010691528033186515,0.0035669863591041295,0.006384041457247358,0.0038837426701792133,0.0028589021815621507,0.007096516428530597,0.0032971960644667675,0.007914983118392671,-0.000552333609500133,0.0002942734388793333,-0.0006238442171868641,0.004459221469443442,0.004385245901639356
2019-12-20,0.006558625650573191,0.0011779407547014564,0.006545172547498979,0.007771296993913435,0.005789219771062726,0.005680029218775529,0.004495740877063836,0.0038440417353102774,0.007798348223880147,0.00056876127716321,0.00876156504291603,0.0049448269622538454,0.00486935705444691
2019-12-23,-0.005422902303682475,-0.0012993257829204685,-0.0033591691449528227,0.00325927170397744,0.006322766319277973,0.0030180834543904744,0.004135367864527506,-0.003391684901531744,-0.009840060929169892,-0.0017445165337045543,0.010608203677510586,0.0008661314657181229,0.0007038535984515981
2019-12-24,0.0016906885329051047,0.001301016226848084,-0.00043290712596044667,-0.0009963745363508192,-0.00339428604442904,0.0003870500543119437,0.000677701029584421,-0.0013173784169503433,0.0010460894714172664,0.0010014137606033646,-0.0004811056682993975,-0.0001954088231737039,-0.00017583963425360505
2019-12-26,0.005443267648423955,0.014313045435478733,0.001361154506504203,-0.0011817557034380366,0.002318874186582498,0.007401028405970678,0.004089500143262814,0.008134549851599449,0.0018441111384310815,0.005492457678651919,0.00010939482781258114,0.005128157399996169,0.004816147623041722
2019-12-27,0.0034832969615579135,0.0005245002118174913,0.003985233012558265,0.0006377283445075932,-0.0003614858514437991,0.0002230013503972117,-0.002542284943447215,-0.0014175117217315458,0.002638360535035078,-0.0013656138434227083,-0.0047034630614075645,3.395156038288327e-05,-0.00022888224681583136
2019-12-30,-0.0012964744259964522,-0.007177853499203635,-0.005215625336553953,-0.006566092797423817,-0.005699077154511567,-0.005914411345760762,-0.003979193758127386,-0.010264249836208772,-0.0004589682393977279,-0.003887553966672508,-0.0034508528222261248,-0.005780828513404224,-0.0053462973187713425
2019-12-31,0.006365159128978171,0.0014926585568935113,0.0006031736212068761,0.0029881991457463286,0.00029095141111445955,0.0037504283088807266,0.0075201712927905895,0.001985878199470381,0.005173416597789915,0.00292214159639137,0.006771212421976758,0.002946024729223451,0.0028296777687517594
2020-01-02,-0.01323235685752333,0.012896815338288015,-0.008192033633708018,0.0018936206025921276,0.018106457242582863,0.01734764177585224,-0.012388233769599633,0.013157894736842257,-0.013826288220246119,0.009425291851620221,0.008500197169521995,0.008378781594537532,0.007695527143609215
2020-01-03,0.008096483090157758,-0.008518433248916435,-0.0017454454782053208,-0.008500987021714534,-0.001171344903935334,-0.010639855532236675,-0.016243734746896887,-0.005542574580231552,0.0011117287381878782,-0.011022645822436727,-0.0034105226571664593,-0.007059870773669763,-0.006725706400139364
2020-01-06,0.0008366100560528444,0.0036547198384653257,0.0023729607368669914,0.005879711606076254,-0.0002717274716474982,0.002898228997089358,-0.004508109261630366,0.012185126495819931,0.002467764822012608,-0.0005680482645145091,0.007781677093096739,0.0035333941295578875,0.003142830165774324
2020-01-07,-0.011953523363704699,-0.0012573934736249681,-0.007288924883579795,-0.002408887616127675,-0.0012302586404211446,-0.0011006037949311542,-0.0020900881588465925,-0.00037788814510919533,-0.0019693519601207132,-0.00668326049036716,-0.002054764891638139,-0.0028032085956850583,-0.0028371655237326987
2020-01-08,0.004230118443316444,0.0015107718029550021,0.004502737727294148,0.00643358296535812,0.0022916726345640903,0.01033491527093,0.00494079106361256,0.00685856240211713,-3.08318431275767e-05,0.005406258632256078,-0.017403931597997246,0.0049024150649641385,0.0046386817513719425
2020-01-09,0.0006318449873630172,0.0055814234138198415,0.00734076781307591,0.00470625739285091,0.004572865757809685,0.01131365070855006,0.0032865731462925485,0.0025745548165629906,0.005241574939105265,0.00769291153151741,0.007565731427563005,0.006655292725288531,0.0062010925734534705
2020-01-10,0.009471690170490321,-0.005440435234818741,-0.001286901513272154,0.000409137971343565,-0.0071268030384932235,-0.001885598963824231,-0.004234579737935507,-0.0015514658677509008,0.002423089899702635,-0.007809457038248757,-0.006392434160117366,-0.0028552233792408233,-0.0029213633028746244
2020-01-13,0.012385321100917501,0.003207706540101274,0.006830919224380061,-0.0035305016984801263,0.008868576013295604,0.013441411861276453,0.01358688384284168,0.007769383271714281,0.006578544764702432,0.007282077453039326,0.0008372441447992429,0.006976281256220629,0.0071040590800843795
2020-01-14,-0.004942950117395095,-0.0011627091122314859,0.00023129230721785632,0.005469469804841198,-1.4201317882323039e-05,-0.005961562513027929,-0.0038525476950682647,-0.002977456401531242,0.0027662096847735906,-0.0023968198292996234,2.2014309301043866e-05,-0.0015145386587512855,-0.0011557314983328126
2020-01-15,0.007741027445461013,-0.0025689656902589952,0.006459271135228484,0.008488624909407383,0.0008520911737557313,0.0007069762983200611,0.006410426213875109,0.0033596416382253302,0.014065720868194465,-0.005488817267311319,-0.006714216527979544,0.001870155186330269,0.0019018486500865794
2020-01-16,0.00792803154781474,0.008954172745107902,0.0030940309709437397,0.00523698600716993,0.010060305072720821,0.014009794882233972,0.005764219724686104,0.006643635397289405,0.006068396508430052,0.0077188985347842465,0.0011746193568404895,0.00836654718799501,0.00869472873773769
2020-01-17,0.001344907690426611,0.002821957421349053,0.0025500465727068544,0.0005998553773336468,-1.4048100696828492e-05,0.007138386689181875,0.00486758086464989,0.008975712777191003,0.0076065963452682794,0.00430740444773603,-0.006574578297250722,0.003862144651035182,0.0033426330473231847
2020-01-21,0.010704110704110814,-0.0017003420571155559,0.003411721700987025,0.00041882580952457005,-0.010859334391638442,-0.0008324783819434467,-0.010651596437314503,-0.00047095761381477086,0.008374863613576533,-0.008636081353826985,-0.018829244379080623,-0.002651954277064661,-0.0030298260801132626
2020-01-22,-0.007892723392260326,-0.001045847983505599,0.0009714632665454026,0.0011820719093744714,-0.00579463144439718,0.003667130191922885,-0.003922188001790006,0.000575886079262844,0.002953648194180314,0.0026623338488342974,-0.00892532703488369,0.0002890878375325645,0.0002368078304455512
2020-01-23,0.009660267077972184,0.0011965062018906014,-0.0026386024505641315,-0.004952281000951242,0.011256821233678993,0.004834617498158611,-0.0013742071881606144,-0.0034010046044370412,0.009184744576627102,-0.0023428805716629864,-0.0036206145878686646,0.0011409648528637462,0.0012232174564970055
2020-01-24,-0.002331658291457317,-0.013315141616539905,-0.006492321727231354,-0.01676829268292679,-0.004760559401045361,-0.004503010733920898,-0.006880491161215252,-0.010447839554785565,0.0032937505417351964,-0.013620618798802386,-0.011729261056553475,-0.009042140524546438,-0.009274585533748492
2020-01-27,-0.004150380787363517,-0.015251072419883993,-0.003183202485346426,-0.007575948041064318,-0.018664925553205647,-0.023627937420738543,-0.020997655084203815,-0.016924872665534774,-0.0030237580993520696,-0.015376068884788596,-0.027553466291219575,-0.015730684849202037,-0.015540468866023005
2020-01-28,0.0029942542688354834,0.00981919560493627,0.0011821601289629946,0.004771113231605728,0.006277300471520864,0.018728900806856963,0.009798584648884168,0.011819310270386962,0.003697284806470247,0.011304102522769366,0.00411611266661871,0.010053551114029613,0.010007542697052951
2020-01-29,-0.006253025657576128,-0.000578550983536763,-0.0051984297368582455,-0.00279024423041363,0.005533835451043467,0.00213869809691114,0.003638814016172498,-0.0043204608491572705,0.0030217566478645264,-0.0015939747753491718,-0.010653256750637441,-0.0008668473616095795,-0.0012802219051302188
2020-01-30,0.0026387366540818746,-0.0007413801858529023,0.01049743344688836,-0.007753636624134086,0.0008433752162040342,0.008835548572065255,-0.005881563045521676,-0.007928429849466956,0.00892319169081568,0.012492765770620196,0.008840817113124011,0.003134355715769477,0.0028574862132966228
2020-01-31,-0.013604340432423645,0.008222213188064043,-0.011120602861762752,-0.019858324698048047,-0.02290904936014615,-0.027181114443127097,-0.022071536632807476,-0.01268967006857824,-0.004436355363439892,-0.0202030156696561,-0.031853673678932215,-0.017705852615678808,-0.017974835230677
2020-02-03,0.0013135210573844702,0.005997923408030292,-9.255688391818229e-05,0.009255086831432724,-0.00040928492077407785,0.013190673333691727,0.021354181054725307,0.012688689564646749,0.0032563985374771676,0.005954536310601499,-0.01339252682204961,0.0072546442124061805,0.00751135516236201
2020-02-04,0.011888169221939915,0.017615936510481323,0.005461361637791429,0.016975202637725006,0.018396116050537925,0.025984823023720516,0.017445634534242194,0.007020954849859651,-0.010278457946586217,0.010378754549454028,0.001974901254937267,0.014980362705145023,0.0148165094403101
2020-02-05,-0.0006887052341598698,0.004953029915119034,0.007579826001564927,0.019672241875701824,0.01661353780764485,0.006028527751916535,0.01863519153574189,0.0004826772498123244,0.004200109317913592,0.019693221177634834,0.03782340759961089,0.011250640619361318,0.011497148919241473
2020-02-06,0.004013459277577347,-0.0015677513546351607,0.0033045517535446045,0.0011095378857506333,0.0030791395358691354,0.008825797606466512,-0.0008090192598778634,0.01141785044224064,-0.0002578279428193664,-0.0016886645962732594,-0.010409404524364785,0.0033256464618900416,0.002635132477680102
2020-02-07,0.00048453524993941066,-0.0029147079894403793,0.001775848460931373,-0.008088995492328666,-0.006998324344875018,-0.009773499433748611,-0.014626374487423988,0.0010599957600168075,-0.0031233881597799718,-0.0035774697178854176,-0.007506559129336288,-0.005400833288500828,-0.005897120740605111
2020-02-10,0.01226894826055358,0.012559055118110285,0.0037423675398857714,0.005119781200230156,0.005629608621667392,0.01350686780196031,0.00015903729424548985,0.00836509953409581,0.003363132024490456,0.0020878456164996617,-0.00810182352221267,0.007326359568592178,0.007129046259881422
2020-02-11,0.012199984052308377,0.0076597068315253924,-0.003607656080183541,0.006155581918185327,0.0035393488162218656,-0.003447380893272234,0.005141388174807249,-0.006143022156883449,0.0038102331977309944,0.004030687748267203,0.01043825880959437,0.0016884988171557147,0.0021940994397209312
2020-02-12,0.006696076886718139,0.009858774502237821,-0.00039388568225540155,0.0013851900101415904,0.009175472122302297,0.010621372965321951,0.005246921718037312,0.00919224470389346,0.0001997773909072631,0.0007369625506661315,0.013578528341514406,0.0064626610081155444,0.006502730104121834
2020-02-13,0.005047343297597484,-0.002416751045985155,0.005531727869299674,-0.005417822825666274,-0.006947828629509489,-0.002985977669592854,-0.0038031789330115195,0.0014657383657017409,0.010215145808366355,-0.0004457277959729611,-0.004529793027010065,-0.0016304428235363044,-0.0012299963747476328
2020-02-14,0.011056176275937135,-0.0017140175998008322,0.002818472297582364,0.0013245800667256447,-0.0005888786068816154,0.004939090173514238,0.000579236986914422,0.000993152475040393,0.006468195684103284,0.0007755244484082269,-0.008060026624712502,0.0018435419717006685,0.001542629729974987
2020-02-18,-0.0015401794309035655,0.0008153164386979217,-0.004118133313293804,-0.003679115028151436,-0.0056116722783389195,-0.0034890157508932207,-0.0022629792384810665,0.003968668407310583,0.007857884545225069,-0.008872873803711712,-0.008296325215948364,-0.0029199801192842934,-0.003028734144447376
2020-02-19,-0.0136130500173538,0.0046866464121755325,-0.0008300508594800693,0.004539117734922105,-0.0005361173814898423,0.010874017382717094,0.001978004588970572,0.003692915843129141,-0.010943112521928033,0.007369038311180631,0.013212932434427449,0.004705826501577137,0.004673746527146694
2020-02-20,0.011533348971772606,-0.00011447323234237139,0.001011992870736833,-0.006212052372888355,-0.0016515626323366783,-0.010096524775062177,0.0013423878711307236,-0.006063118619474506,0.003153153153153232,-0.0013000368667170914,-0.0016513271327618373,-0.0038155427255142094,-0.003165947328974239
2020-02-21,0.003787732385111653,-0.01635246527247758,0.002776394610173094,0.0003158690971962752,-0.004425592082007768,-0.02250731740139733,-0.003995478800304819,-0.013972888425443197,-0.0018242029636281742,-0.00971439673596286,-0.012600034054146114,-0.010518108756295885,-0.010513216058905095
2020-02-24,-0.013399561048862085,-0.03528544548117396,-0.0248431316490364,-0.032632269966179406,-0.02978185536556277,-0.041852140792070114,-0.028581985167981938,-0.03315355329949243,-0.011611887423735423,-0.03274475181479297,-0.04737269972655389,-0.0335135944873044,-0.033171754225075234
2020-02-25,-0.025719080513601167,-0.026049625995335002,-0.017482949109650203,-0.02950676035528388,-0.04028397862841249,-0.03181426313520752,-0.04300695500978047,-0.024063439978124213,-0.02164760766911311,-0.03405610433865436,-0.043392810964571926,-0.030280015747592093,-0.03065123716089868
2020-02-26,-0.008772632590930973,-0.006936917407327159,-0.004868625634099288,-0.001026739482558603,-0.007946555221695184,0.003988424294141701,-0.003406671398154648,-0.0020734099187446065,-0.009653127089814806,-0.006740582083910929,-0.02968209342560557,-0.003778518705585654,-0.004710914784164633
2020-02-27,-0.055890078803798704,-0.04067525285599938,-0.040670422801950656,-0.03331472670405722,-0.03786783924233572,-0.05328184376982459,-0.046574562028201205,-0.040487421383647804,-0.04691582748598111,-0.04372000591953662,-0.054716665738006265,-0.044163278665378725,-0.04353993735867079
2020-02-28,-0.025340296207516544,-0.0077041435506240985,-0.020810712993123426,-0.01408760529041353,-0.011825053132840102,0.007884875611533282,-0.012040633403047396,0.0022239129162520133,-0.033207035702183973,-0.025711316958857422,0.012466843501326208,-0.008238327357692588,-0.00919249915564102
2020-03-02,0.050548967940272416,0.03495419155464807,0.05482098755061249,0.04825874346912573,0.027506913113084064,0.0570408716531976,0.041461275591979874,0.035854014598539985,0.05862673251553274,0.048695257544815185,0.029546182283934463,0.04603922524388837,0.04480310642775631
2020-03-03,-0.0010451068099159855,-0.023212137837894886,-0.013092507645259932,-0.02544409659710689,-0.024283915643688925,-0.03793943612948136,-0.007549799639932742,-0.03326004848074848,-0.011647855530474094,-0.03730309849402802,-0.03121465731734907,-0.028107940185681968,-0.02754766227871097
2020-03-04,0.03988115165718109,0.03413337942059669,0.04923985668635611,0.05812281595806623,0.041905253480007065,0.042844085612004035,0.040113523319094346,0.03580383695842304,0.05691576831719347,0.032882315921963556,0.02220989960308195,0.042202592421180185,0.04151471832424081
2020-03-05,-0.023582437925067423,-0.03765484969395638,-0.019919093104456054,-0.02395183831434089,-0.04960136233454615,-0.032106294659703716,-0.03218093335958816,-0.036986995439959425,-0.016307949405019118,-0.04880861712544882,-0.03614561027837271,-0.03392202215889484,-0.03410364145658262
2020-03-06,-0.016939372707414524,-0.014142598200427736,-0.007674440503468438,-0.005181073222310428,-0.008975256959489197,-0.020311527263351836,-0.02624618514750776,-0.012451771308312876,-0.0077033478808472555,-0.03289714494875551,-0.05613317930033468,-0.017053909799797706,-0.017153628652214814
2020-03-09,-0.07148247526412888,-0.061840801497302644,-0.04409369118600637,-0.05188570618766708,-0.09202827087442478,-0.07556822193551704,-0.0926213360396394,-0.06209672645474462,-0.05640828856485025,-0.10914510100771158,-0.20082224453929198,-0.07596968075979771,-0.07738042548169133
2020-03-10,0.04989389082042717,0.053806344102425685,0.0292516669148426,0.03468667090168509,0.05217139443529262,0.06595611720594352,0.039343399453929395,0.04531683918202489,0.010104169925235329,0.06040892193308545,0.04995091301786769,0.04939633578003022,0.04825943041719305
2020-03-11,-0.05440392224324786,-0.05360921178645406,-0.0489479014290537,-0.03909459447258412,-0.059442905562342,-0.04702349546310236,-0.04763411932267769,-0.043291872962202715,-0.050975534221121,-0.05521472392638038,-0.05460597673635781,-0.048868410917935035,-0.05012584852413993
2020-03-12,-0.08696047664529039,-0.09794784900687192,-0.09235345818403085,-0.0741071344677573,-0.10327796883002838,-0.09835953520164054,-0.09614489863742093,-0.08911328494793291,-0.10194491580733589,-0.10771269546779749,-0.12295762946552202,-0.09511268047479748,-0.0958101141820169
2020-03-13,0.08632627646326285,0.06084007304983041,0.08409683426443193,0.0695352141262433,0.07829137938068631,0.11963459934804055,0.06916203993087455,0.09201136284902645,0.055523255813953565,0.13229964949800976,0.08841174613198599,0.0928711945304439,0.09212652966982215
2020-03-16,-0.16548972853998534,-0.12082534061285721,-0.06992922907791654,-0.0999221952330348,-0.1144532727960651,-0.13914862787847604,-0.11438200701561319,-0.10443499777932874,-0.11542963370972192,-0.139900314795383,-0.1362675618550292,-0.11984050283657066,-0.12114164904862579
2020-03-17,0.0693994175504149,0.04028084701669976,0.08394126881521835,0.06255468527635166,0.041978209784234055,0.06774421897121274,0.06655793724759262,0.03988664541268161,0.13111500291885592,0.05767529813645633,0.0072453337171920484,0.05995482224354909,0.05960289409892505
2020-03-18,-0.07460692631795296,-0.04927532334830187,-0.030652581359686515,-0.033969938985068726,-0.07153254741158377,-0.04589953813175396,-0.061603436976625736,-0.02813734841259019,-0.0463804018717312,-0.08847107676336563,-0.14281631097560976,-0.05183082330706679,-0.05581362858440153
2020-03-19,-0.013436979455857756,0.03402486105808,-0.029073139863950326,-0.01866058682770033,0.0032902000618293403,0.01107919890057274,0.02215410879180557,0.01661409043112516,-0.05469764756819173,0.02252451755773488,0.06746693342225196,0.004707893749218206,0.008027225983057829
2020-03-20,-0.05476136875281412,-0.02714752663466402,-0.06533664029545416,-0.04076229147916355,-0.050423682183338925,-0.044220622036240775,-0.03526285822736763,-0.04633843607778232,-0.08179389312977103,-0.032702184270775425,0.00963140358184078,-0.043359522534749395,-0.043522935779816585
2020-03-23,-0.055552247692765566,0.003514493772317051,-0.029693189742000414,-0.049749615422380766,-0.04491933988503616,-0.009802981640381514,-0.04914227258419901,-0.0039045553145338197,-0.05329010267281864,-0.06109067647529176,-0.0665188470066519,-0.02929385835517062,-0.02912062615101285
2020-03-24,0.08548732820577487,0.0863919085509357,0.04838806268090634,0.07587917197671623,0.1275057030529536,0.10304262580785695,0.11631563702569614,0.05814459930313598,0.10937431394072439,0.12754215636177824,0.16312213445285306,0.09382765710199337,0.09446749654218523
2020-03-25,0.04495295620861883,0.010960529200139346,-0.0017136655305700632,0.012656336705510807,0.05294877313818325,-0.00280886548167647,0.021980873304173754,-0.015846882074500912,0.02841763634924388,0.026556693555696453,0.04492781155015191,0.011535019797084933,0.012456897329891081
2020-03-26,0.07809026233881733,0.04302241042843846,0.056724331953689866,0.0698042025839356,0.06414554374488968,0.06349485791411769,0.04936346160821148,0.0605046702913703,0.08385929802955672,0.06427688504326334,0.06244886828470131,0.06241416083633622,0.062409728785150165
2020-03-27,-0.0007217610970767785,-0.03370264387213551,-0.007183726513004696,-0.02412380070529352,-0.04333627876599189,-0.04606089031741867,-0.03808931287156081,-0.0409491258051794,0.005219614387671934,-0.033073391958409304,-0.0693018480492813,-0.0336873163071707,-0.03388664171464051
2020-03-30,0.027343548470308843,0.021944367106228935,0.03903281519861834,0.04672500984162542,0.015099795188948217,0.04234150856085139,0.032518864534674785,0.03577547803440484,0.03698339809254669,0.020133844305897153,0.010341974627688932,0.03351603599491648,0.032834161425940644
2020-03-31,-0.03259177421784765,-0.01784475926292839,-0.019579367301231665,-0.0039345021119018275,-0.012699291846342553,-0.018895671476137688,-0.014337915434139537,-0.005161119565936567,-0.04019484279728858,-0.029941126997476863,0.016332286975114796,-0.0160127919593398,-0.015373746888245998
2020-04-01,-0.061098421926910174,-0.039654020249398014,-0.01829279174772014,-0.038609739568206125,-0.04584067959608906,-0.04714499844452602,-0.04593439960456158,-0.03930828067841696,-0.0611846541505483,-0.05967863129298878,-0.04637421665174579,-0.04414239782712159,-0.045474734360586244
2020-04-02,0.013379775529385629,0.0034923719244808193,0.028941244909831187,0.027854423878673096,0.014614480094070181,0.02276504808263069,0.014987787728517388,0.018208252561617178,0.031452009223906785,0.024679595537388188,0.09073413443484801,0.022829386763812964,0.021977235306750664
2020-04-03,-0.007583610671613172,-0.014692798827716125,0.005424028268551373,-0.009611239565779583,-0.01552152317880795,-0.016512377027772085,-0.023371130637692694,-0.021962330862854373,-0.03621037199926702,-0.022345530893821186,-0.013383827516460833,-0.015137124539950086,-0.016233538806388337
2020-04-06,0.07212754260582743,0.07730815705958105,0.03920431581352024,0.05397331011900652,0.07021231868824906,0.08777663027441718,0.07604718882998585,0.06701890989988857,0.07848804046088897,0.07458199110292996,0.05151356538427976,0.07033130412070787,0.07113231393630848
2020-04-07,0.001179366218849287,0.012338070527911693,-0.012022726504109071,-0.009329566466121708,-0.0018660381064624643,-0.010619901125058395,0.024182076813655584,0.006710972113630476,-0.012129332534113746,0.009421572546108647,0.020035674285477256,-0.0016030454108602044,-0.0006647499709171445
2020-04-08,0.0740588988476314,0.02844202016266495,0.01405172266246768,0.04205629612786477,0.03646561054806652,0.027437916829457176,0.049966124661246614,0.01650378616270798,0.05411000464003979,0.04400950333748166,0.06734444896299308,0.03405642604938697,0.03505562669416107
2020-04-09,0.05145200514996895,0.014324951460908286,0.007865244396435322,0.005573335272938795,0.014259132680185527,0.0001601110103004455,0.042716567188256116,0.006876352986119771,0.04747231910066718,0.05190723883831816,-0.010782595443115106,0.01448737809002254,0.016323645185649438
2020-04-13,-0.04585034013605449,0.011017997618992137,-0.0075861606993334885,-0.009819079393495467,-0.028585334805968143,0.0020277481323371926,-0.02128778736965875,0.0009485266219806388,-0.03284305802489096,-0.03579890800453278,-0.00408273312020957,-0.010104594561656355,-0.011793161231168137
2020-04-14,0.03255858168163894,0.041860035556786857,0.042321256813081076,0.033054832671323364,0.018904648115316558,0.0416844179358824,0.011507698144225476,0.03234569461115666,0.029746983522176418,0.0033121427426678896,-0.004640909618285116,0.030572524197665762,0.0297867575306745
2020-04-15,-0.038114527711287094,-0.01569009839553226,-0.01562272337256565,-0.005241525610995557,-0.028199648213643957,-0.021861380570785793,-0.04506954211595571,-0.010464475858270705,-0.033594079652049635,-0.04366114690378564,-0.046742044527334214,-0.022030456139364496,-0.0235502462212418
2020-04-16,-0.005934150076569722,0.019396163544668443,0.00799289520426294,0.021974018588615918,-0.008427075629597991,0.012426093489693812,-0.005334991653847432,0.004267161410018483,0.0007388997111572593,-0.01734313234229723,-0.03974076791391534,0.005816710738100639,0.005122738915315672
2020-04-17,0.03220681686886184,0.020473745237700847,0.015043237069668924,0.020675564056862106,0.04698816463522326,0.013764220769583169,0.04083580125041131,0.014163433708972217,0.03312525171163916,0.05566729935692227,0.10433380024619043,0.026793591827257934,0.02773073331328435
2020-04-20,-0.037358332167342856,-0.012682747351448476,-0.02084806789686877,-0.00778581346417595,-0.026957613932474755,-0.01784850413749206,-0.025386487939047186,-0.009168741271479708,-0.038852613455478635,-0.019563117217689885,-0.03294000076872827,-0.017880997439608137,-0.01795752414101115
2020-04-21,-0.01608527131782944,-0.02661201047820505,-0.022670934909299723,-0.031387632105358,-0.024159522204026507,-0.04101208067610307,-0.024782665109640556,-0.0318053683049393,-0.016054348193463297,-0.032024086492404624,-0.01677265500794911,-0.030674846625766805,-0.030314435819022822
2020-04-22,0.019056529446523474,0.020324516659347536,0.010750159572681106,0.016025101264812935,0.011450909162701528,0.038690798010380556,0.021254656732304422,0.02386226976390904,0.029472382522671037,0.010886469673405896,0.03581534481364712,0.02293024819481393,0.02220533057316576
2020-04-23,-0.011886929209954045,0.00320038846094417,-0.010187124007046244,0.004815451317706332,0.007671136616501872,-0.006890359352735742,0.005406637787838342,0.007109297725024666,-0.017617617617617487,-0.004307692307692346,0.03012800499531676,-0.000539418642451106,0.00033225219523780325
2020-04-24,0.002885226661450524,0.014289800228812766,0.011165024092946618,0.014411848970768304,0.007670850767085069,0.02107001061362479,0.015614370403965072,0.010557976797004542,0.006283540520344966,0.014130801213619648,0.0020836490377329486,0.01391807849024218,0.013855059627368549
2020-04-27,0.029988297249853524,0.011951888767176788,0.003271012519509897,0.013145845279563195,0.025221068819684778,0.009104908565928715,0.02637874389971606,0.005588288890238768,0.010902217571809647,0.03609518269204126,0.021019999243884868,0.014714073196697708,0.016723347165455094
2020-04-28,0.00023670880083326296,-0.002625797116981854,0.0043857471492643185,-0.021296006893114505,0.018394209855246313,-0.014058714686301932,0.019578594070482902,-0.018906674720628347,0.0035392320534224364,0.009090422972033663,0.02192024289998895,-0.005242350129234907,-0.0038205419339000235
2020-04-29,0.0035024611889435953,0.023071136900924216,-0.004069997363564504,0.007396985965578695,0.019369211790915664,0.0421777657392719,0.02566447207998057,0.05048639330131777,-0.009182858663827509,0.030072598166498876,0.0735171564187107,0.026583874358714787,0.0280785521755873
2020-04-30,-0.006650316007923762,0.003928282584263698,-0.011333366423454283,-0.004386754059032771,-0.020410006321683327,-0.004566888204062036,-0.02956909361069837,0.00023443910444265192,-0.02380792478173277,-0.026828201764539483,-0.02237748076144186,-0.009212419757034462,-0.011131419668005127
2020-05-01,-0.0323821281040787,-0.04612841464307749,-0.01179797844567898,-0.02077399034448324,-0.029759380473863728,-0.029155787641427233,-0.021681212677997164,-0.015645142388374444,-0.02445736300780832,-0.033171221652481764,-0.05996892801657172,-0.028059043479156554,-0.028664495114006483
2020-05-04,-0.00014721036360965112,0.00689904795331886,5.080354270026177e-05,0.0007294202427299279,-0.013302673837441326,0.01422808477940718,0.004006635990859708,0.0032144770522053445,0.007545839210155059,-0.00915826020394217,0.03709416776847374,0.004249817183674676,0.0038369753404146056
2020-05-05,0.006281900274833108,0.0034749076807443213,0.0013208250076202077,0.02150660390614023,0.004275726584618722,0.01424314359311074,0.002992985190958697,0.006171008129116418,0.009274165325120709,-0.0006897693411322958,0.0026205821942064667,0.009040573531170715,0.008965335073571667
2020-05-06,-0.0184354272337105,0.003148067737733351,-0.010992356084691846,-0.00982625665185144,-0.013654757110254545,0.00712738409441771,-0.018215162724192435,-0.00401014330365046,-0.035126044592392214,-0.023081807890885986,-0.026313930488838566,-0.006979403438802989,-0.007176296661328019
2020-05-07,0.008496472224982732,0.013429282545179166,-0.004138025375329257,-0.0004514751080935131,0.011393906398864617,0.015155167405264791,0.02133924331169834,0.015631476108709963,0.004384388701214714,0.02218579543848742,0.024739725033554594,0.011504623615899323,0.011865984178687672
2020-05-08,0.018672710252746638,0.016636234530330807,0.022716346153846212,0.00539408995361601,0.024972605109867985,0.013973028098267948,0.023962305093152336,0.015740686760333356,0.020108773436381844,0.021897810218978186,0.04339976636341114,0.016871501011734846,0.0183950333409979
2020-05-11,-0.012139678854710678,0.0009557919944542803,-0.0019475177543104571,0.017019879564913243,-0.012472803661189857,0.006959289059685236,-0.01516711068055221,0.0013774895253402253,-0.0047702560505086256,-0.01942640692640696,-0.016861747243426706,0.0001774865178509888,-0.0006773538044706484
2020-05-12,-0.04249694002447979,-0.022486883525708268,-0.008680000672868449,-0.014908636815413434,-0.028413515412812673,-0.021353734965622873,-0.015615874089330073,-0.019372958101679383,-0.009022344399802651,-0.02670934275150383,-0.02363862240320236,-0.02054383139042848,-0.021735201084500555
2020-05-13,-0.0161067648412333,-0.01207638717434012,-0.00909538273574162,-0.010994981114503033,-0.0256475417847718,-0.016878099903727795,-0.021828061081098027,-0.01619030919399156,-0.008997795006757348,-0.03005046209672857,-0.04386243947266122,-0.017462684487059787,-0.018815341740188174
2020-05-14,0.00093545369504211,0.01310413769123775,-0.003133829951194489,0.01074228116525866,0.009710490941556404,0.012569105287949078,0.012290895160260495,0.010040399239543696,0.009510138166158422,0.026421932542234128,0.009426290107940272,0.01152482269503552,0.011298548450372703
2020-05-15,-0.004413291796469321,0.010639438855402306,0.007575757575757569,0.007280946177934622,-0.0030798577304428365,0.00422338654392318,0.009618720237156708,0.012587494853244063,-0.014077497333807476,-0.0073466598325644394,-0.0027831691507671508,0.003926380368098004,0.00429823880828617
2020-05-18,0.04933507170795304,0.03203862888676645,0.016640240055922018,0.009377970761285548,0.06613250418560135,0.02562992941864861,0.04563628412569498,0.021492884112692456,0.04139323573952547,0.05321285140562226,0.07550218500973149,0.03150120473513285,0.03394518092765986
2020-05-19,-0.01853784603150943,-0.0009460251519295415,-0.017508259403981152,-0.012073851584109674,-0.01284352215367357,-0.004041100367858985,-0.010007468259895513,-0.004094398635200447,-0.01696558410082394,-0.025221299196513614,-0.02892068153105487,-0.010484408800538914,-0.010833993335226166
2020-05-20,0.008507190601579895,0.014131766110522026,0.010873090381497086,0.0012281530467643798,0.01804821695736969,0.021152687196806408,0.016264333132166797,0.02695140752583791,0.004966187658495214,0.022185587750426006,0.038185654008438874,0.01665104312780974,0.017252318941293643
2020-05-21,-0.00537256477204251,-0.0015832741297066022,-0.010435311201918318,-0.008114738629930174,0.0016556291390730227,-0.013983031039640936,-0.009946851153537883,-0.004503753127606314,-0.010058528721129889,-0.0035262280294124926,-0.014834383255435846,-0.007773563825670182,-0.006979921587263904
2020-05-22,0.02206067948912116,-0.0013723138227580423,0.0033103542420314103,0.0018939393939394478,-0.0011328814188875658,0.00419572960063519,-0.0017394433781189322,0.004524128686327122,0.01136444098279421,-0.002578592198386964,-0.006669416941694206,0.002353731206609311,0.0023180689737685167
2020-05-26,0.031660574928380925,0.01110556907134641,0.005323310316677432,-0.0019335180533616159,0.042447568049977624,-0.0011684793834205731,0.026647839932704365,0.0028356964136782015,0.007316134000770136,0.050385038503850454,0.02907177960822316,0.012289160703107926,0.014129899583712469
2020-05-27,0.02144874802508734,0.012856136111950134,0.01556393902996045,0.010499277850329225,0.0334242959316533,0.0054179246453534,0.010242003921224319,0.005489021956087692,0.010668612732832816,0.04341223292836194,0.011602878859218624,0.014827343010993532,0.01605167137476471
2020-05-28,0.012420904616826878,-0.010456528869760673,0.007479468941047118,0.012581200092433242,-0.009785816606547981,-0.00192748428042544,0.008255365987892116,-0.009539564378273968,0.03036137950005169,-0.015608531994981245,-0.029090062834535746,-0.0021079466294262605,-0.0035187303609958143
2020-05-29,-0.008009259259259216,0.006770127065441223,0.0016203703703703276,0.012703806070441637,-0.006257189667793872,0.011816865086374362,0.0008618708342909009,0.007070482128938682,0.007975705799906585,-0.012134189864382527,-0.001540884810300125,0.004812310007822562,0.0038944431527552226
2020-06-01,0.021048210202081474,0.009129094373883984,0.006206873782561351,-0.01005725541255631,0.001981934578619615,0.00022112435917565065,0.005482519088351845,0.008015921278125004,0.010693593775864763,0.011586498761354314,0.01683871188998265,0.0037512605483673855,0.004328064385386021
2020-06-02,0.006581954474814911,0.006337499011310532,0.0020015093349083912,0.006078796718630208,0.012865845119731212,0.009372436542612439,0.017613976990493496,0.004880991554239156,0.005994496855346032,0.008214076171526363,0.026543001686340606,0.00821080396500995,0.008344983641525916
2020-06-03,0.02402143311234206,0.015591688362725398,0.0020466304276638425,-0.001994469119249054,0.03912690320239176,0.008242169938558419,0.022807608146776515,0.0021284724117229814,0.01295952590277083,0.0382815069706246,0.03048920721490278,0.013648963587616247,0.014908092964752262
2020-06-04,-0.018047980133918617,-0.0054850443060017184,-0.005898596428162928,-0.008060994861115889,0.010477821943552845,-0.008403457422482385,0.003538221015387144,-0.008060124169480543,-0.019479893278472438,0.01973876596159463,-0.0015303682448587486,-0.0033686961032639573,-0.0026758678966269933
2020-06-05,0.03599169075144504,0.021273284373328316,0.014529914529914478,0.016566214065621754,0.03714798294846666,0.026876823207923506,0.024980868044167437,0.01680026353354558,0.013572435498147906,0.03866558332935055,0.07456014305329361,0.02621170498176606,0.026957565487538027
2020-06-08,0.02153349897563306,0.015182109113075049,0.009591082885101354,0.006386929693810384,0.019741644713873185,0.004496968335953255,0.000959948802730537,0.011231101511879116,0.02639324643400065,0.01755475796061101,0.043206941637941254,0.012041591393674889,0.01262306803806168
2020-06-09,-0.011179859184979768,-0.0004034300940084501,-0.009082739585339228,-0.01081452306877606,-0.025117495097886633,0.004806590618205764,-0.011748095263466318,0.0017620674925247215,-0.021208205968549998,-0.021118321387387784,-0.03589130063237056,-0.007799182648133396,-0.009003014584068825
2020-06-10,-0.019117075907305825,-0.003960842101311202,-0.001489878542510037,-0.0013801872035734686,-0.023849051784688213,0.01692614903688372,-0.011132975712321858,-0.002558499013911919,-0.005376690276883478,-0.03748873951909093,-0.04919340542457007,-0.0053130787794885,-0.007180147713725882
2020-06-11,-0.06260448746150471,-0.04911374751462949,-0.03806480910830712,-0.056263820947530574,-0.0704660670482421,-0.05813241149958426,-0.07741794787918432,-0.04643830492171219,-0.039782474994335404,-0.08178545716342689,-0.09452782697865203,-0.058944121574601716,-0.060202884549030444
2020-06-12,0.03163279673346797,0.00734324985878354,-0.0018040498389844117,0.006958559294203193,0.019528157491951248,0.013443982438616331,0.01944214631840202,0.00885451692445649,-0.0021574973031283085,0.030108201348596486,0.02707711314732819,0.013060857399820103,0.013775277928715024
2020-06-15,0.010145125335516925,0.008745696015740378,0.010607391392473575,0.0018333906267904432,0.009266449241600583,0.008687131470222598,0.009332792301895543,0.009998889012331924,0.006250000000000089,0.013751458872481859,0.0008687516706764598,0.008312207568449193,0.008981472092248532
2020-06-16,0.017519365880021676,0.019982640751323943,0.015961358470383713,0.024353548773084377,0.019388592531801363,0.02157623546387777,0.02104870204456688,0.012154878451215545,0.004599630686587197,0.014340774852337645,0.028209921880216315,0.018962430582503575,0.019195704297138683
2020-06-17,-0.0113309432124995,0.0007457834550808062,-0.0019741063056246677,-0.0007816056413032513,-0.0066418436147731574,0.0003225357986931243,-0.007565317658970061,0.0007607455306199995,-0.003074660784706973,-0.013718571886797148,-0.03279327250884778,-0.0036002995449221364,-0.0045923254634585575
2020-06-18,-0.013385862022653017,-0.0020637074121492294,0.005373596848369022,-0.0030171228166689934,-0.0033262418532401528,0.00484203621242707,0.0004534119247336932,-0.00010859531954166002,-0.00043580288300371084,-0.0009006079103395237,0.011950720064453302,0.000594188515139038,0.00029718943703826994
2020-06-19,-0.010300390235048473,-0.004471038774533365,-0.00642696702900325,0.008708022589128062,-0.012671737620491674,-0.00764575057813377,-0.0031441196464989662,-0.0032039098560956436,-0.03102257101653416,-0.0067356085835190704,-0.016752363576049145,-0.005649463621948292,-0.005743955406533496
2020-06-22,-0.002521663380862904,0.011021032284123322,-0.0026897245920034507,-0.00359844437796486,0.001956040562104411,0.0192950962246059,0.003978063819509492,0.0051754194813684595,0.013429322995984982,-0.004789754966219695,0.006309041835357743,0.006495057687217143,0.006332085888697714
2020-06-23,-0.0035392535392535507,0.010406262781915698,-0.001389854065323215,0.004357747010482527,0.0,0.007000924340792025,0.002094359380748978,0.006178526909110804,-0.010587431693989124,0.004179543036628042,0.0007711134207262216,0.004307441642665166,0.004114702638500001
2020-06-24,-0.026569491212694252,-0.019788558033570824,-0.016436358816316998,-0.026562580072086117,-0.035122870108742155,-0.022926137752358633,-0.02945745191628779,-0.02450848370589831,-0.009389023127372997,-0.03511338697878574,-0.05537688442211042,-0.025855158736495243,-0.026544435525889698
2020-06-25,0.010851537696062064,0.0030637431449949126,0.0074458407735586984,0.01027445337451316,0.011145818543234265,0.0130189224645898,0.012978698638109742,0.005742683600220788,-0.012195971844727871,0.027058116127683052,0.019221903039330357,0.01095946995898811,0.011211086679782323
2020-06-26,-0.018141758859928747,-0.02333397165836859,-0.02065079258912428,-0.012210902964140402,-0.018114161342413948,-0.02011699243829357,-0.01387532318299356,-0.04485560557812662,-0.010300550303372402,-0.04332332128493621,-0.03510908521521272,-0.024226917788673585,-0.02407621990472497
2020-06-29,0.016949152542372836,0.013264315755418865,0.01849101060287861,0.008502070566306585,0.031909188416160195,0.011077012678643472,0.019139452908788934,0.020463298269816743,0.018641288850869797,0.009897828863346225,0.014280562567616117,0.01468569814393228,0.01575784227499266
2020-06-30,0.015915492957746524,0.017280080498471406,0.008063434587272988,0.018098758543729998,0.006496318752706731,0.019186246164412335,0.014263663388977887,0.013237199346589179,0.004093915112495017,0.015623353356517988,0.02204366066984287,0.015409859690034278,0.015253625802727377
2020-07-01,0.02574056102407707,0.017557208346807185,0.0004988941180381623,0.007098818290803166,-0.004836488812392292,0.0010488560404326996,0.0019445931854691345,0.022348232154769887,0.022895177028157132,-0.010350463047031022,-0.024907813260975353,0.005022110834792981,0.0038947009324539206
2020-07-02,-0.0033789872049018177,0.00391632706471734,0.004654023236873028,0.007091294033620077,0.007973157612549242,0.005048777707203467,0.018536228622862305,-0.0006525285481240317,0.0022825605559908535,0.000655307994757548,0.011273635390652847,0.004541282342595654,0.004559227479964845
2020-07-06,0.0017178246914695272,0.0321487426331617,0.005294244163923212,0.010055469719611798,0.014824982841455281,0.018024879411018047,0.014636436441965106,0.021493089563608514,-0.012780421481984994,0.019489194499017648,0.0037042263458688662,0.0158817383970018,0.015433838867903171
2020-07-07,-0.016020578545963282,-0.01723795778459314,0.010055461382749487,-0.008584516107461027,-0.019393345056134215,-0.010569321377407626,-0.00016330529925701054,-0.0037287593884833825,-0.00347748244043522,-0.02073537346797194,-0.03180907525218801,-0.010818562640735552,-0.011493136043751573
2020-07-08,-0.0016052100532012448,0.0153282728616142,-0.0020855736957017257,0.00016862411156171042,-0.00032760315188729017,0.016017975310760546,-0.01459098951953186,0.009303320322942898,0.008914072487302471,0.010547858942065336,-0.001052784433311471,0.007827502448081614,0.007695008074141807
2020-07-09,-0.0033533924387890712,0.007720192733617237,-0.007527022172876596,-0.00818532037394526,-0.021387422815550727,0.0037843401155885914,-0.009337274510345606,-0.00037082163479373875,-0.013081743775898103,-0.021472711221893315,-0.04855180433913586,-0.005643639942711776,-0.006535401251341111
2020-07-10,0.0016592920353981633,0.010038305239833845,0.018886238381179643,-0.0022013326987148085,0.01288378159258352,-0.00027868042191159237,0.01748417500906263,0.019554848966613747,0.018980533675700073,0.03475999681587827,0.03250448798747185,0.01046620453355751,0.010912559261648802
2020-07-13,-0.016335357997423028,-0.017283643598124176,-0.0023412397268016694,0.005289743349489395,0.004176164540882876,-0.021201394842449095,-0.00013703135277354228,-0.019647590831124107,0.00040863583736272524,0.0032053747724183346,-0.005364013021603942,-0.009362519779971379,-0.009435009435009523
2020-07-14,0.009730083734855066,0.005974007194114561,0.015278047517317317,0.01957328543103576,0.02179902614843421,0.011977560210211902,0.02540909464682195,0.009013307883993349,0.009735175982027444,0.006978170850160836,0.03603972179863879,0.013406355182839835,0.01362897803675489
2020-07-15,0.005096131572851492,0.004644811197858312,0.00011158579353431897,0.013180639585134157,0.025505791374836884,0.005299293250569548,0.016653301256348563,0.002890021543797028,-0.00438241639697956,0.019088716842238895,0.019600804135554206,0.00908203857989931,0.010847785531679754
2020-07-16,-0.011892141046323967,-0.002718557733581317,0.0021995887725339003,-0.0017061207080402152,4.961055712660034e-05,-0.012217087019675166,0.0035758420319196293,0.0029864822382899003,0.013238978804090307,-0.0005230776894912248,-0.005105274276459348,-0.0034061043340275488,-0.003526999316473045
2020-07-17,0.013994495498437232,-0.00671628407460545,0.004150961400830155,0.013647642679900818,0.005456890564540018,0.004823219900327302,0.007938379313055188,-0.004283550122760271,0.022823725981620635,-0.008448387579125693,-0.015217468237958776,0.00284863958800452,0.002853536739285678
2020-07-20,-0.01002898284031839,0.03138005434635427,-0.00962970002217367,-9.727074501297839e-05,-0.011561739359252643,0.025820322062219958,-0.0084217092950718,0.012486228424531731,-0.013591217982226733,-0.003694674139794518,-0.017285370323786298,0.008406905384326757,0.0072777017783858255
2020-07-21,9.294112179936143e-05,-0.003614974572636598,0.009803294418678998,-0.0005512545093430132,0.013061346732999413,-0.010619092578566747,0.00851945056097314,-0.004093476345924718,0.004636989931107394,0.019071644803229093,0.06150808162071231,0.0016790493997245193,0.0027026292916121353
2020-07-22,0.012452952929696393,0.0032767011613401564,0.00768097809733459,0.008500490724894005,0.008228492592714298,0.008279196094778118,0.011228653861149462,0.00041623309053084867,0.015330344190953582,-0.0008664224180611191,-0.01340085434752647,0.005747091149111094,0.005756389592447508
2020-07-23,-0.004910734774427383,-0.020313991261481368,0.0018230967498586992,-0.004077693328507603,-0.003437209832700794,-0.026292525143267187,-0.002647474617658463,-0.0194508009153318,0.001136474331915327,0.001783900299794361,-0.002095045218059144,-0.012319827107282633,-0.011150614091790523
2020-07-24,-0.003966423761645577,0.0032890326847623275,-0.0014432730923695791,-0.011112187873501989,-0.007993330717928626,-0.011861654970572899,-0.0032472552961186896,-0.0005834305717619115,-0.006324597820446254,-0.0036603764251971205,-0.005878442212813639,-0.0061903908321639944,-0.0065233970692378795
2020-07-27,0.011159473976662282,0.008694490223152718,0.0054358072016591485,0.007243654656518661,0.00393824047983915,0.01612249420336065,0.014143137863274369,0.007801305524598012,-0.012599144824885,-0.008117165197964571,0.0021118580831367417,0.007395129414764723,0.007608054942493947
2020-07-28,0.020515638595045127,-0.012275790198796988,0.0029532172880402108,-0.00142696146393273,-0.006598168269704163,-0.012207187081126003,-0.021849425082222096,-0.009215376513954765,0.015569733231959315,-0.002827969367836247,-0.017491482561202476,-0.006473401020556158,-0.006693513278188901
2020-07-29,0.018936504375140162,0.010550692500961079,0.0015423683923536657,0.010814936303922495,0.014936223646817792,0.014996580671911452,0.008549236302976437,0.007812915227212391,0.004361695202135252,0.020153093236290776,0.021342008365209164,0.012428381451883519,0.013258094559798428
2020-07-30,-0.008323424494649179,0.00102635793348127,4.6666459260213955e-05,-0.007679023253945871,-0.009686136615224217,0.005305208653856308,-0.019641288054995654,0.0031642231832085255,-0.0001944516463572299,-0.018352686479039648,-0.04098704935246755,-0.0037502608610255894,-0.003987564206542227
2020-07-31,-0.001598721023181482,0.012763286988341616,-0.0013688189270326667,-0.005512429273347053,-0.004027419328325177,0.025040370671366885,0.001133547740812979,0.0077278940174534405,0.002009724473257757,0.00010024560172428032,-0.006934559655461969,0.007670459796317086,0.006527787202279978
2020-08-03,-0.014678409394181968,-0.005480838882537253,-0.002507749100481349,0.010426671441827295,0.00401069518716568,0.024881717883638244,-0.006398609684809209,-0.0002608378110491305,-0.011387163561076497,0.001929534405853639,0.0026461832481901038,0.007181026681992719,0.007523663134050729
2020-08-04,0.013587937883712486,0.008231463849130982,0.013569643972517254,-0.004511072265766747,0.002728871792342824,0.002175092428869929,0.013303651878942224,0.0033917762471300517,0.010732984293193581,-0.004401870795087914,0.024559217037498637,0.0036119601409574376,0.003733740163802679
2020-08-05,-0.006368859395181059,0.014039393860267424,-0.0022338966861298326,0.004911837771789607,0.01967309867698419,0.0034936467757700207,0.015325870906998773,0.0024442248686880053,-0.01249676249676257,0.014620544125405033,0.010554184107903097,0.0064297401187354275,0.007213044811541058
2020-08-06,0.0009412819363514568,0.004986953237656966,0.00016984744611203695,-0.005741387918122731,0.003167355338681954,0.014560294102956117,-0.004250167430838281,0.02453828595144225,0.005179988197495433,-0.0014855529971030679,-0.007116051830347581,0.006427727877827971,0.005639097744360999
2020-08-07,0.013523800994133861,-0.0029380364692316308,0.005295252798147354,0.0035392352984051634,0.017309356668910425,-0.015616615054377503,0.003725069198334152,-0.0005063547521394485,0.018003913894324874,0.021795730119764878,0.0004991977179531482,0.0006329945419150107,0.0016717125180991665
2020-08-10,-0.0016347810718861933,0.006844210688618402,0.004530237415154126,-0.003405697683802611,0.024277656993414665,-0.003290904998874744,0.009922424679776443,-0.0045595014945031265,-0.0009611687812379754,0.006430790137837317,0.03082789835703359,0.0027422358024395965,0.002996175933348111
2020-08-11,-0.018675871835723168,-0.0063552833078101,-0.007032241297601383,-0.00647836227001819,0.005291086672306378,-0.01783357670093888,-0.0017863522686673017,-0.013028652857651757,-0.02132640626002169,0.012996407301135715,-0.002385562162909638,-0.007969123366671882,-0.007402554864068045
2020-08-12,0.013213673671867765,0.01670476826522127,0.013363508998814666,0.017181794470526812,0.0035955262473417182,0.023133554382755994,0.00634011657633704,0.012478729438457181,0.014549267621325912,-0.0029039322098448617,0.005267717899843927,0.013996502374245878,0.013371172122492059
2020-08-13,-0.012284684203498375,-0.0005726605133733464,-0.001899089956093003,-0.0016506939324978376,-0.006494496447845943,0.0004244460978424236,-0.0007367137486027353,0.003768780239368441,-0.003811246406769775,-0.006135115779422273,-0.0198572758299721,-0.0020471252976762555,-0.0022143201385904643
2020-08-14,0.0013969627326393397,-0.0009605986046041792,-0.00022832440331232995,-0.0021590817882655156,0.004158482690891363,-0.0009683247980992737,0.0014745137917884232,-0.0010147648282511357,-0.009110657199364547,0.0025460572142290694,0.009426330413984774,-0.00017193183199293305,-0.0002480320614074438
2020-08-17,0.008910089100890861,0.012061200047232878,0.005618063062377221,0.0058397213664627134,-0.004951175904277294,0.006724889084295915,0.003757012667225279,0.0009650058408250395,-0.0014396963549505593,-0.015357339658353064,-0.006306839959580479,0.0027098744385312123,0.0026506842160241018
2020-08-18,-0.0015165031222121872,0.014600973398226635,0.003557910673732012,-0.0003438707046151679,-0.005390463026952341,0.003940485761645407,-0.003616499329809564,0.010909275421148612,-0.00488236450619306,-0.006715655263029863,-0.017147065011571594,0.0023033775972136628,0.0012892807376247983
2020-08-19,-0.020146520146520186,-0.007170784597187563,-0.0073470619295467054,-0.0035278871076124263,-0.002841084553146911,-0.0027237854190971245,-0.0031981318848672835,-0.004467198715052856,-0.0031611182455792974,-0.0007593944441722789,-0.011559456277426938,-0.004404415625792857,-0.004253049970085576
2020-08-20,0.010804650102575808,0.001439551257125471,-0.002538071065989911,-0.002882075736775902,-0.004800247754722653,0.014374866784639728,-0.0042269301283357485,0.013713824745386738,-0.008852773098140254,-0.008948052266431361,-0.021295794982855165,0.0031586589033587575,0.002351127888295279
2020-08-21,0.0024355042395813875,0.0031558511297451464,0.002651186177263787,0.0008775884834628656,0.0029407188423837827,0.012118783625959528,-0.005344448422236914,-0.003779966179249916,0.0012997833694383676,-0.0026715480136545455,-0.00626959247648895,0.0034411358997610275,0.00286686039692996
2020-08-24,0.002429586970215114,0.012987226893524495,0.008403616746448073,-0.005373532937021919,0.017933880451139306,0.00872436884719563,0.017224978790137957,0.010584123814278534,0.009319664492078328,0.023190634456074166,0.02753757654481359,0.01004368354743379,0.010447121194402165
2020-08-25,0.00305206463195673,0.005300640629573028,-0.0012809307091835587,0.0070039225201179445,-0.0009296654728340181,0.0052171082861078855,-0.0032350190815579882,0.009682837664262367,-0.009200633161852045,0.0027149540639468395,-0.014194387257557728,0.003596325569466652,0.0032534753031647767
2020-08-26,-0.007427957759083559,0.014645468072717938,0.0010260588776724866,-0.0012207756744383458,0.00047289257711202737,0.02049824300774228,0.009736555186490525,0.037136706135629804,-0.012048593776002647,-0.004786655384987237,-0.02231259617498338,0.010195666188487662,0.008998154224774346
2020-08-27,0.013704805698314004,-0.0071732009213577586,0.006119895690448018,0.007824122098119224,0.003278188610200461,0.0002799512884756883,-0.0023855560856792524,-0.012926357503420305,0.0029646599063437584,0.017416863021352036,0.0025107738429828164,0.0016730243508407128,0.0018420183439620263
2020-08-28,0.00724895490527433,0.004937102121749692,0.009288806987579834,0.002018638496154246,0.00922492401215802,0.009604306311601363,0.011024969794603434,0.003202217655212003,0.002653589063182471,0.004512462993028432,0.018540669856459413,0.006732576659826961,0.006657114236080286
2020-08-31,-0.008477195461168319,0.0016695691073798091,-0.003176629507028683,0.0032089819644067763,-0.011821042962338324,0.0035944964470850937,-0.01486331723348111,-0.0040971891376846425,0.0032160804020100464,-0.012359470444228027,-0.02194656488549629,-0.0021949766391772263,-0.0029097596614097165
2020-09-01,-0.0015140045420136694,0.010933799076488615,0.001057287090673542,-0.009778709083404946,0.009569961293468543,0.018571033974772222,0.027521544643533957,0.010380788365863092,-0.011353770119548412,0.0021659085986571736,-0.00919324577861158,0.00752504778148233,0.007617772275351431
2020-09-02,0.022387726887570736,0.012353859989586935,0.018966440556943853,0.02088075924204036,0.016286792452830046,0.009211132906071784,0.022824536376604865,0.02187396430093269,0.03124366682429236,0.015008524842110349,-0.004165877674682905,0.015365857116526938,0.015170511534603914
2020-09-03,-0.01640130861504907,-0.03561966211582823,-0.018861589220280583,-0.02742597812517167,-0.028026556164505667,-0.058282428389731744,-0.027749723464627563,-0.03345225408886621,-0.012577380367495228,-0.015827576417147715,-0.006731317741015319,-0.03512583639592948,-0.03469186118315426
2020-09-04,-0.00465652578828335,-0.01408405181121053,-0.00236582498846849,-0.007290018406690968,0.002108737508022429,-0.01343935171534838,0.0013108428967154584,-0.019222472556445158,-0.00557269380037817,0.007740570686795234,-0.0032927482961941923,-0.008132999137496877,-0.007842786044190864
2020-09-08,-0.012831937266084448,-0.020858262166636665,-0.020686672234816905,-0.016760866913349437,-0.01935041171088736,-0.0459094151900199,-0.020723724836359203,-0.02404692082111426,-0.005937489576036681,-0.025929724958851152,-0.037069760295021514,-0.027756378831384043,-0.02738948780110384
2020-09-09,0.012276584220978437,0.023127338472741732,0.014864226862216556,0.017733077482961823,0.01567383495824992,0.03346671516915234,0.025828582959188884,0.009164663461538325,0.01258347035334384,0.009134544742126716,0.006143535325328298,0.020145024971186976,0.019569367840475138
2020-09-10,-0.01466916354556802,-0.017704038222396634,-0.012515569428395712,-0.015506143943826767,-0.012676250401874034,-0.022757049552192044,-0.009392672731743268,-0.015731229219393517,-0.017729321314952196,-0.014123813915111527,-0.0366757860513065,-0.017584790641843373,-0.017217165149544855
2020-09-11,-0.0027603058961944704,-0.0031565446247125983,0.006124340835524267,0.0038550437510316282,0.013862399404568126,-0.007493859337558861,0.013105639396346458,-0.002924271453060512,0.003339968287169537,0.007581538461538528,0.0025518603885412716,0.0005330634075928486,0.00027786598920287453
2020-09-14,0.021553680007260212,0.006976413872619824,0.004667250702353298,0.01349428898007532,0.013122275751318968,0.020715830220918496,0.013720109760877897,0.0013147249190939014,0.013046402151983827,0.013118999340385518,0.006199195336234364,0.01274180851668838,0.013228038149662114
2020-09-15,0.013903078221471965,0.010288407288175039,-0.001022325791174894,0.0016227443853045198,0.0007849886025694808,0.009969927262492018,0.004737045630317072,0.01716998283001714,0.0073353690918747105,-0.013648420544972173,-0.0076298502590884665,0.005219385613883576,0.0048435317310076
2020-09-16,0.005388591956540845,-0.010167208698794505,-0.005101810465483747,-0.002243859762815048,0.009864997360283567,-0.015587107877649942,0.0006975849129220446,-0.012064343163538771,-0.0021417509637879917,0.01105026403285736,0.04045719924348323,-0.004618958014818264,-0.003923708554204319
2020-09-17,-0.021874591485467776,-0.01587209398801903,-0.006534761299691438,-0.00308514179474062,0.0023450686343335914,-0.00843349557961659,0.0076200091343958665,-0.018342630282928818,-0.00822216351868954,-0.01001063932682078,0.0020548486524936127,-0.00841237162124231,-0.00824354994391252
2020-09-18,-0.01955717913306898,-0.014441924578250331,-0.009211888665570322,-0.0012785953367918657,-0.010848508330104534,-0.016599713487142065,-0.01724796030344966,-0.01100645029179892,-0.017945729981688197,-0.002418054809242398,-0.01155453900149861,-0.01118257020384228,-0.011100297235447365
2020-09-21,-0.027353689567430117,-0.01100940975192466,-0.006669637780270854,-0.01844512940946219,-0.03382144686492505,0.007568966219795525,-0.03405753125379285,-0.011905378125161792,-0.005797396257119503,-0.024949195700609605,-0.03271494115300222,-0.011571124305988612,-0.01279425455512706
2020-09-22,0.012613285994580892,0.029572798906697173,0.006435942262171812,-0.001885820622736123,0.010291113779177463,0.016464962035042996,0.0021109770808203088,0.018754256378018752,0.006410912190963236,-0.008437123342707964,-0.01027015879562787,0.010517942372282096,0.010252195936843345
2020-09-23,-0.029110536999446435,-0.02239733853081516,-0.015648778688146514,-0.01076199592159477,-0.017625360764280007,-0.032113034699185805,-0.029315879225599306,-0.02684218645549441,-0.016060719005184132,-0.021930713128038848,-0.04546591098516417,-0.02372141140135786,-0.02376348531117889
2020-09-24,0.0037063435495368058,0.0012632555901208598,0.007636448817053054,-0.005241813347692914,0.000848376302021947,0.0061814669037170145,0.007027152711395868,0.003963011889035695,0.011673955714728512,0.0019418983998757966,0.0008295132067233091,0.002987407782707008,0.0028822380373461076
2020-09-25,0.019552146948823568,0.015680653660964827,0.0041224970553592755,0.016510331644520315,0.014896789890903372,0.023996895060183654,0.008029964852869442,0.012736842105263158,0.01610048335489145,0.010672661963459618,-0.0006543360670040466,0.015976763311659203,0.015731836879239625
2020-09-28,0.0169947994056463,0.021810038871049375,0.011421515665997806,0.008195971076959019,0.018080861199616605,0.018532186957649133,0.01608469917540467,0.011901049786924522,0.0026129777896888307,0.02267962158015857,0.023265965341132233,0.016110548559024496,0.016775508562079988
2020-09-29,-0.005752899278604784,-0.0078646388964696,-0.006180375400579807,-0.0007757951900698723,-0.00887227868678131,-0.00304555603431389,-0.00723875363190063,0.002824713676749857,-0.0007684854154833554,-0.011500862564692405,-0.027258766316867078,-0.004812626805108078,-0.004906098332981723
2020-09-30,0.005464731814841972,0.006659998332916528,0.012115163147792707,0.01676688251618863,-0.002621131531752585,0.009066352340258321,0.009234262646650615,0.0011779166239886951,0.009362669698388393,0.012418746996484264,-0.0023681094592816754,0.008253709372292528,0.008044849705773238
2020-10-01,0.015482986983329505,0.015169455737813475,0.00500652365203158,-0.004695293333983219,-0.002981496280813789,0.009598162136905453,-0.013874653133671644,0.013709141132538738,0.010236533492347322,0.0022484261017288176,-0.03134203701261595,0.005292893250074426,0.005890164214622962
2020-10-02,0.01578663308446515,-0.010530093555517595,-0.006053378419177746,-0.009083934576083141,0.010928877516416469,-0.02549318317681326,0.008137707245348125,-0.019932381288792378,0.011346122315133655,0.007029263672167163,0.009938282809947241,-0.009571699006152401,-0.008077692237311696
2020-10-05,0.005977418640690679,0.015975599703239807,0.0077456981000258995,0.02091243791748698,0.016299955781223785,0.022652616998120045,0.01923705585032809,0.016270209041293393,0.012645504361077808,0.015866336633663325,0.02920691979330492,0.01797553487594228,0.01834257929344174
2020-10-06,-0.007790492957746364,-0.02129040633519408,-0.0066462707036606394,-0.013093989511899995,-0.012047650483106298,-0.015944349575994443,-0.012607322609296423,-0.01980950450906882,0.008549197912330664,-0.010355498160376175,-0.015236847849814494,-0.013988024514247743,-0.013172707392502647
2020-10-07,0.002794659095950003,0.024663416898792923,0.011864303920378738,0.01890833585389995,0.022187125089219384,0.018935911868372735,0.026161265335698847,0.008786892024603254,0.00631786145152069,0.01740693322828446,0.014452917183897851,0.01740579300495404,0.017360974522376615
2020-10-08,0.015836503583119388,0.004433692829230118,0.0058925840405432695,0.004717586649550576,0.009300252562769229,0.004462670365456445,0.010543488847764682,0.009632627965363572,0.01801432312206197,0.013575974638820876,0.03775893715584311,0.008007135650470065,0.008300359596324025
2020-10-09,-0.0030047030134122688,0.014990293764649998,0.007736223113270713,0.008823905196920778,0.003959609043805878,0.015408261287223723,0.007252837281029434,0.007713778228875867,-0.0004028759142183924,0.0006685130360042368,-0.015918470479238667,0.008790685934612519,0.008334292032570412
2020-10-12,0.004891897794278233,0.021474826995111496,0.011803686063367236,0.006736165530779825,0.005806025951176741,0.027151290395822425,-0.0015071049232093792,0.024172835775797097,0.0067896450162765465,0.011380988738308728,0.003123930160903843,0.016418713134107588,0.015630744266825536
2020-10-13,-0.016951362628765176,0.0003340739935049353,-8.771416876196536e-05,-0.007186438545728868,-0.010641244296730301,-0.006290640484830523,-0.009367737607513305,0.003442002261887067,-0.007051795282379758,-0.018636910519238437,-0.015571008062795988,-0.006306907889152336,-0.006503070547705714
2020-10-14,-0.01162842109917317,-0.014274952041442357,-0.0051755899295300445,-0.006937514849132853,0.0053631153217132965,-0.005477750692828964,0.0034826351939634126,-0.011809673151369604,-0.0015196154442549403,-0.010673333493593562,0.0030767897382562026,-0.006623138843883547,-0.006482819272567442
2020-10-15,0.004652411201574669,0.0008745735469077864,0.00014696372935141255,-0.007225226087372527,0.0034586355975672056,-0.00444082013047542,-0.0026993155307046823,-0.006545670931270453,-0.000559075661572872,0.008067063540274644,0.011707780705923154,-0.0015278028589691406,-0.0005690512019624894
2020-10-16,-0.004096535755632846,-0.009840195229473325,0.0007934875246129458,0.01021785232311534,0.0070686860130564355,-0.0027802871091097137,0.0063557274045431544,9.983028850957254e-05,0.010845919572378682,0.0008195338298744304,-0.02305918524212147,0.00013492797142955482,-0.00017713895285575987
2020-10-19,-0.0155146204059734,-0.015741771346795996,-0.013390497445234018,-0.016420165394401942,-0.012384888695526008,-0.018751202752366858,-0.011934778954446168,-0.018716310640846445,-0.008546745780428466,-0.015751065725777225,-0.02102456508436057,-0.016329822808936134,-0.01597064034421669
2020-10-20,0.0072664517008038665,0.006615508885298826,-0.001056610512530587,0.0013015885848255415,0.005418422636965792,0.003826689244133208,0.0028192290866670966,0.00803621382432218,0.005674594561071666,0.008172853402500735,0.011340804572040897,0.0047272769717412455,0.004809794490599151
2020-10-21,-0.003697191036566072,-0.00629919996148276,0.0012067039106145039,-0.004682857511949301,-0.009902146925661048,-0.0013104098962155586,-0.0033444816053511683,0.012866441293708064,-0.0020966946225949856,-0.004198927210504633,-0.01986667255308816,-0.002195682985199454,-0.0025341729381047617
2020-10-22,-0.007648097026745737,0.00048451959881790074,-0.0022170639526231106,0.01486096239332868,0.007508260561718272,-0.004714122805762,0.0046201731349089226,0.008468665936036679,0.014553207267334223,0.01879204445744387,0.041574703842169436,0.005218945382994278,0.006094900813508941
2020-10-23,0.0067949653411163435,0.008886628892440296,0.0015509193671054966,0.0039086229497715674,0.003997013220889967,-0.0011937007119057208,0.003630730502977242,0.010768622801817784,0.0023146033196284055,0.003540754563506443,-0.005535374502681156,0.0034457896215134287,0.003647540460916421
2020-10-26,-0.012048738506137635,-0.014360574422977002,-0.012715712988192518,-0.01109899121794311,-0.02499489602473237,-0.02166588271433101,-0.024623770017364377,-0.02267618023653606,-0.0005165446203397872,-0.02233771187450828,-0.03465820142633502,-0.01858953826264864,-0.0187686638287059
2020-10-27,-0.012379074778781418,0.0057305194805195026,-0.002428099597327593,-0.006883891693437283,-0.02177684714328454,0.0052052670826954195,-0.00976683233192388,0.005500550055005604,-0.0007296163434060698,-0.019092904169714764,-0.013829451777107149,-0.0030256074002417144,-0.0038721541609467724
2020-10-28,-0.02409358896987135,-0.03360612076896996,-0.02919299730898328,-0.03225021889288837,-0.03308666136627725,-0.04330064960735591,-0.02871554135037957,-0.04028247463696055,-0.02938850015211425,-0.024684913118055096,-0.04216152019002373,-0.03528790685054317,-0.03465983697135955
2020-10-29,0.01341451812387029,0.009086202000968546,0.0004360351942691576,-0.007145849040797514,0.014516129032258185,0.018936746573071206,0.021774898452362468,0.028655819255881454,0.002758274824473439,0.006805321914665985,0.03204730793075483,0.011947307117329942,0.011959112763120672
2020-10-30,-0.007416447615471222,-0.030017379789787246,-0.004623071774356613,-0.0007171966890826553,-0.0008884316842795448,-0.02436753065342223,-0.0014593030569882703,-0.009873558007153171,-0.00937734433608406,0.002734107997265811,0.0018945520077631173,-0.012129506270184387,-0.011924249078399174
2020-11-02,0.025347583467322243,0.0030118682968864885,0.016294998905326263,0.01822987030532297,0.027347467278201476,0.003427996674637779,0.03394058507823705,0.0008649198677179726,0.02230846901426231,0.01941477946931247,0.03666635919195649,0.01231819349472163,0.01293016364738353
2020-11-03,0.01632690711189011,0.02026268331688752,0.016202991321474736,0.014420644990090326,0.0290794788471469,0.018012212709810127,0.01552371204367109,0.014182594550630201,0.014568350875026947,0.021967407994452515,-0.007474307069448849,0.017799313644932147,0.018256764842763173
2020-11-04,0.0028135777818114605,0.03138288115526344,0.0005602580215320341,0.044478051173056476,-0.009916038306600372,0.038325898239691236,-0.016510282930575215,0.04250413513107132,-0.015941103099996856,-0.012674179086392678,0.0016136985073287313,0.022047038430944355,0.02005798009872284
2020-11-05,0.0031224545207710896,0.020234111008714528,0.007869487575289824,0.0018470544959341417,0.022773000283172085,0.031221423905943846,0.040528999829197554,0.017693158324919356,0.009429004235323113,0.02459378528300027,-0.0004027746699484247,0.019460190971818836,0.02013723532273337
2020-11-06,-0.004195425632697147,-0.002709876787765797,0.004429562449322688,0.0015389783371222432,0.001326047358834126,0.002951139637230371,0.001664947003095385,-0.0008976236594698817,-0.002296949650863689,-0.008073016481410566,-0.021400429799426912,-0.00028771240154390476,-0.0007905931958788193
2020-11-09,0.025731629971912584,-0.015945909441217987,-0.004589418922757105,0.007285264110324263,0.033441993131148484,-0.007297665214930249,0.02247454055952236,-0.002553432948742107,0.018203026675261746,0.08167701113338333,0.1422362521731173,0.011699872344305584,0.01345071837636902
2020-11-10,0.005211553749668862,-0.011125823537010748,0.019854023368275575,0.0035388499124966444,0.017940124482496378,-0.019363168981230694,0.011356611333714905,-0.0031762586517493085,0.014229725655713121,0.0072562459532474755,0.025233307966515905,-0.001399802844669673,3.717702459882233e-05
2020-11-11,0.007732864674868223,0.015023106190499513,0.008614596218412984,-0.0016512982753964511,-0.008756640106241775,0.024147276763832437,-0.013674130085350011,0.005659390307699574,0.003448070863801167,-0.004987365341135752,-0.008399421807243068,0.007651888434169196,0.006803142580980914
2020-11-12,-0.010158702476456227,-0.011800382889042726,-0.0020732045610499794,-0.004026866386872885,-0.011639104040192527,-0.009421789295383398,-0.021667776069043132,-0.0047290267662915,-0.01726998044907868,-0.016796988126266954,-0.03392167677881963,-0.009978559392721298,-0.010658855096188247
2020-11-13,0.022772320838655657,0.013243685440085917,0.013664759842577423,0.013037404935589247,0.02146256053995277,0.008559316012599627,0.016423057973394606,0.012829041147961462,0.009223813112283263,0.015860428231562196,0.0380898005790955,0.013610365817456005,0.014331745064132262
2020-11-16,0.005081826012058643,0.010242773823486928,0.008428952875802809,-0.0019381032633677409,0.02479921482976466,0.009773532091564174,0.019989382083419827,0.0062394445486959604,0.009796601057316057,0.022772387643581915,0.06497741111765842,0.011648048198820149,0.012559331804300022
2020-11-17,0.001156911474847977,-0.003045652986409797,-0.006197312112668052,-0.00734532225010931,-0.002819181223443712,-0.005497597707939006,-0.003915001470954249,-0.004195999813511153,-0.02014256558904437,-0.0020498953244940665,0.004979895975506299,-0.004791957892531062,-0.004166818077207313
2020-11-18,-0.016734431842499453,-0.00775305096913137,-0.013033584883922034,-0.017621588185262493,-0.004518031545058587,-0.011130805673904898,-0.008178844056706658,-0.009691464956224527,-0.019349191016662548,-0.009112363970106285,-0.02877697841726612,-0.01156383241031389,-0.011689148918054393
2020-11-19,0.0012187690432663434,0.004582067235807674,0.0028162437437073695,-0.0013931413369434598,0.002405152733992999,0.008352211728094527,0.004260582737767971,0.004113086232980123,-0.010281035491119583,0.002933068695556207,0.015306122448979442,0.003946420613320845,0.004270664106729605
2020-11-20,-0.006564646552473796,-0.00509730491005711,-0.006416972236773177,-0.001962577044942182,-0.0090824058886525,-0.010501531375611606,-0.0013229323479768684,-0.005508733932859333,0.000466519453861336,-0.008817450195699017,-0.005248464544946874,-0.0067925413261787915,-0.0063113518548021386
2020-11-23,-0.003369655594941068,0.008083261616169679,0.0005125726754828808,-0.003024679170779754,0.016375053010301066,-0.000331803875469161,0.008633290699799012,0.00047344001515003953,-0.00015543397164885508,0.018834438849080426,0.07087262385870385,0.00563591695385024,0.00665976024863113
2020-11-24,-0.00026345832967422655,0.013220463394395976,0.006762493047220319,0.0028437445541102946,0.017955206202218132,0.013850297300116665,0.024976223902902994,0.022950974824910153,0.011130802474893509,0.035274136654618315,0.05161087427493172,0.016161717804443754,0.016416740174458377
2020-11-25,0.0021521433591003003,0.005779846133251443,-0.00084326839197435,-0.004225874993088463,-0.007801137114901491,0.002244889369045655,-0.010803048713133756,-0.0024055141786556433,0.0011992251160790612,-0.004122323644470627,-0.024223292905798166,-0.0015844155129681736,-0.0021093486331420497
2020-11-27,-0.0022351755270192397,0.002254809085001641,-0.0005675038561159251,0.009534688179207773,-0.00219882729211085,0.005105016822290365,0.003953010541361435,0.006213772316253197,-0.009643734643734803,-0.004181626187962029,-0.012497446026016545,0.0023969253233782073,0.002294990880431058
2020-11-30,-0.008082227883686177,-0.0068195133382806805,-0.0006697436046766425,0.002852248797812429,-0.01001669449081799,0.006578672473107394,-0.009165128022601277,-0.007742292271533335,-0.014668486013769022,-0.01923566338649474,-0.05369150660367594,-0.0045954897137437944,-0.005808698586389216
2020-12-01,0.012664954388450944,0.009870853061930696,0.008799918411352525,0.008070139699602796,-0.0016593591905564864,0.01409529080761951,0.010215307245010186,0.01959964702057504,0.007459163440657113,0.015698994485890294,0.004372859121055228,0.011271167954760575,0.011333745469532364
2020-12-02,-0.011194682525800248,-0.0069705678481585265,-0.007495558989615847,0.008028851011573135,0.001162130753222801,-0.002169503242884341,-0.013779002578006905,0.010112513096159903,0.006685410809122105,0.010538417321326099,0.031492634787025686,0.0017911507324332998,0.0016780132323328534
2020-12-03,0.0073412347426145,0.0011372370629481043,0.0005675038561159251,-0.0016731691520039949,0.0027129899578879346,-0.001048366144154822,-0.006760411032990854,-0.003968432919954856,-0.011016633565044676,6.320313487551132e-05,0.010692930003517231,-0.0006241465681479097,-8.376011104205272e-05
2020-12-04,0.01325840723505145,-0.001323963743762091,0.007736943907156624,0.010897688392533134,0.012182153481673064,0.01017982378090787,0.020283147291042747,0.0005433060171140536,-0.010417647243402661,0.011291579767848559,0.05429108373355618,0.008836235109307422,0.009824687369113905
2020-12-07,-0.009445407279029538,-0.0020395676116662376,-0.0033192385955290726,-0.006196137155430659,-0.004840811766896436,0.002642395772166628,-0.007004669779853145,0.0061541246210234934,0.005517328851824876,-0.007040933236121205,-0.024394269492308718,-0.0019355954929820562,-0.002097504325362043
2020-12-08,-0.005030181086519092,-0.0004559103271550846,0.005487743075163198,0.007295678713377551,0.0042897233729788375,0.0034553440702782545,0.006180718844474242,-0.00116932763660893,-0.0030588754690802356,-0.0005874084796609891,0.015699543224496626,0.002787137455443789,0.0031231816076666696
2020-12-09,-0.00975952872906316,-0.005135262661214224,-0.003297716079605939,-0.0028849236029490077,0.0023951777088793147,-0.018775085076007336,0.0009125102935612084,-0.012022153181142858,-0.0025621560068324056,-0.0020571380591530852,0.0031646623804924,-0.007949220068876994,-0.007529122075954131
2020-12-10,-0.004839067702552713,-0.001280561549953707,-0.004941268258852993,-0.001967117751515479,-0.009318872708446668,0.0007320644216690653,-0.007115538557324608,-0.003235803481906774,-0.0051057622173594774,0.0016196546139122248,0.029255495782692487,-0.0012851160688518437,-0.0008946037501789128
2020-12-11,-4.461099214847497e-05,-0.002881000435316028,0.0029184998039812893,-0.0041567286085696376,0.0023047340846051867,-0.0022677395757132457,-0.005218131326704234,0.011476384253120475,0.001498151217646182,-0.009660212524675638,-0.011517986772059952,-0.001264960061067022,-0.0015281574957318744
2020-12-14,-0.008744144546062982,0.004548304903120304,-0.004039263377345503,-0.007855278053739423,-0.012820684215451683,0.004124202654153475,-0.013327630068214136,-0.005514872073049459,-0.005315255100416971,-0.01223546376012552,-0.03534826033030869,-0.004359266922526861,-0.004232778926978709
2020-12-15,0.01728250596336478,0.010501446023041483,0.0022676725829664512,0.010673062742084571,0.013745564854689807,0.01610960004381079,0.018846829579939328,0.007045454545454577,0.01935876103929357,0.01676649277602449,0.0192184063610219,0.012921214314501217,0.013917073932203872
2020-12-16,0.0001327257443701768,0.010712917275947476,0.0012037883072997246,-0.0033409111855241536,-0.006145049895133425,0.0074195837487760485,-0.0030681029270148708,-0.0017603249830738799,-0.011457450481840659,0.0012034964739664478,-0.003950469740729656,0.0017728480872187813,0.0012672019706767568
2020-12-17,0.01212067592674515,0.004719426241557301,0.006084134893962201,0.011243054966902699,0.005873892764493238,0.007480852050324227,0.011771048611735058,-0.003119913185024359,0.00720817985520128,0.003500706467871595,-0.005699240101319947,0.005757638800703457,0.0060204624756046154
2020-12-18,-0.018269230769230815,-0.007384705420327653,0.0021741634510166197,0.0002819520224344174,0.0002538952882378265,-0.003442721608609589,0.005128774422735294,-0.0012246564158389095,-0.008732936095084853,-0.007817589576547324,-0.016759963798478217,-0.0035111001267972286,-0.0036917722858419433
2020-12-21,-0.00792449470216361,-0.007711164897908573,-0.010459319282214774,-0.009644612044337864,-0.005784671289059795,0.0007282221610436235,-0.005831547789975855,-0.007220708446866397,-0.012626423255518215,0.012390655116175653,-0.01796611325128683,-0.003906281591951277,-0.003788057587915894
2020-12-22,0.006103033566684513,-0.003619732624501548,-0.008479128856624385,-0.0032615635504888996,-0.0053883364686911905,0.008590318143497422,-0.005643566556313484,-0.00992635286583421,-0.002190368819455668,-0.00964475501066997,-0.01742692494619169,-0.0020731166033364223,-0.001516246342648131
2020-12-23,-0.009545049063336197,0.0007297150972560562,0.003031146124672368,0.0007949064248504722,0.004566395114767863,-0.00848195824131337,0.0007820704757224295,0.00425060062834981,-0.001969202957032512,0.016012844075459,0.021763708309779473,0.0007458112528002658,0.00148295784840613
2020-12-24,0.00837611456363141,0.0014740473576915214,0.004043913690910728,0.0023905365597867156,0.0007127775461623909,0.007463017685843232,0.005738144145753354,0.00156422524843558,0.006921982145167593,0.000748518557022626,-0.006293222683264155,0.0035365757816374632,0.003305060652009084
2020-12-28,0.008529832082886823,0.014695289991231375,0.008055252635405186,0.0026848632181430965,0.0013573444429511028,0.011618074517748767,-0.0035964035964035634,0.018603582912264605,0.004722132990684136,0.005111051089734309,-0.005428352703737205,0.008722515973276224,0.00789893145994447
2020-12-29,-0.007040694327591579,0.0021681262296979753,-0.002379956439585107,0.004373278501116351,-0.006750681107487444,-0.0052286045154943395,-0.00211661430831267,-0.0014881623449831682,-0.0005115580138759235,-0.003431382681852835,-0.006612553355258455,-0.0022273622890431888,-0.003092638583009233
2020-12-30,0.0035676061362823752,0.003002633078238004,-0.001214504655601245,7.639010900950538e-06,0.006634417900767353,-0.00021882125367067573,0.013396445476467012,-0.007361575286785271,0.00473433351460284,0.003961751467507435,0.016025076603388255,0.0013415471795312772,0.001962397179788411
2020-12-31,0.012708851759687168,-0.00015352021861281262,0.00799073537927053,0.011404956152412327,0.006107464529725215,0.0029809977806669608,0.004031902705560864,0.009691068747440745,0.015855328090674803,0.013243254410974847,-0.00811148086522473,0.00643883774021714,0.006004667690900245
2021-01-04,-0.03290917068889865,-0.011293145805183702,-0.010957605698529438,-0.005377602888195665,-0.025482295808095468,-0.017941936384902823,-0.010247745276601217,-0.015050468637346714,-0.026044441658570228,-0.013518748853047269,0.0012581253931642777,-0.01475478359029514,-0.014735541332960289
2021-01-05,-0.0008166969147005432,0.008386069806266327,0.00010164224832642788,0.006667223534235989,0.010199331909533926,0.007003915259735871,0.02301347995743175,0.002699240552658022,0.0003217917363882439,0.003720545680033105,0.045340314136125714,0.007082539553862066,0.007915754599775227
2021-01-06,-0.005449096358187244,0.005051399530281442,-0.0006678668912248886,0.014090987953261136,0.023648511295721653,-0.01805439709081913,0.040852152052359925,-0.006615868960167859,0.024609148812970494,0.043616144975288096,0.029917526461651356,0.005709900559720538,0.008780991735537258
2021-01-07,0.003059081362432492,0.017974119107270203,-0.003239866337352737,0.013195968311823458,0.005480975454762005,0.026494143872864084,0.007849751181627118,0.01400881866617687,-0.013311983925151538,0.014700659063104471,0.014945696223050753,0.01484736429268918,0.014604571056183957
2021-01-08,0.010878965815467323,0.017957807431491668,0.004955762531519969,0.004735369909477427,-0.002225206720387729,0.007530746901229124,-0.005082224609536445,0.0024912805181862563,0.008686797976262595,-0.0019252085642611494,-0.0008943972401457279,0.005491890982414871,0.0046795967288701945
2021-01-11,-0.016570605187319898,-0.018875736582552705,-0.008789359943144781,0.005056483551814317,-0.0005806357961967157,-0.009399566307573992,4.152996386896923e-05,-0.0176667269112597,-0.009305993690851722,0.004267009586158332,0.01624144766289426,-0.006554796741165214,-0.005742336891375155
2021-01-12,0.0005952380952380931,0.013097211755840332,-0.0030728259756223064,-0.010716414872115498,0.010325476992143479,-0.004255244479149267,0.013455149501661046,-0.014994710454900861,-0.005190256328610032,0.010631899578992243,0.03498395520040276,0.0004158321511944507,0.0015041565241353805
2021-01-13,0.013865373175307782,0.0020529909698150384,0.0016145367013546963,0.002520724322417678,-0.008625534195015327,0.006498255383639462,-0.010592525815440013,0.0035489143123978995,0.01939696562319959,-0.0014781824115489561,-0.008055200924068417,0.0022756031663768717,0.0012726001169416357
2021-01-14,0.006228561112114006,-0.007356325252015461,-0.005715039345847717,-0.0038412198072059756,0.002939741882753033,-0.009459027659229902,-0.003810233790975559,-0.008329067981945881,-0.003736498367244434,0.005056330987810886,0.03006159409187026,-0.003753438464607517,-0.0022557079716949424
2021-01-15,0.014622768457881019,-0.0075454484269721345,-0.004067736658265875,0.0032010949952534506,-0.012749737118822213,-0.009734951258959512,-0.014613257945829017,0.0015015015015014122,0.009644174099404434,-0.017962010061786216,-0.0403403343844827,-0.00719001775768402,-0.007620184307469802
2021-01-19,-0.005437665782493273,0.005779345057793428,-0.004424713281539039,0.007687455070932936,0.0031953135401410204,0.013074812021687254,0.00396591004978486,0.01874062968515733,-0.0037459029186828197,0.0043242822081110965,0.020832041664083478,0.008136402839514334,0.008199091045759888
2021-01-20,0.019735964795305927,0.022609959469887198,0.0024971758130687416,0.005758003697934111,0.006370272063702664,0.020165180046250564,0.003551016977643373,0.03614790286975733,0.006172646091179734,-0.004674166020170567,0.0035529911934406577,0.013935576257400273,0.013454612190589632
2021-01-21,-0.003400026154047331,0.005523849991575069,-0.004077456853092909,-0.005015742047551841,-0.008136621389951193,0.013182039956304514,-0.015033186072318405,0.002574345317354565,-0.006134778276033925,-0.010541904557766268,-0.034345023754047355,0.0003167309215053038,-0.0003961292513156023
2021-01-22,0.003061715435419776,-0.0032057587083705874,-0.0029477884142983246,-0.002778747672253168,-0.004945953492082489,-0.003170598663575608,-0.0042514295431839155,0.001151053656808898,0.0016606611311296149,-0.007227539485603951,-0.0049511155678114704,-0.0030105863636010755,-0.0021852355072464746
2021-01-25,0.008241398857541382,0.0030845022037377934,0.009063624553911298,0.0065358523597636164,-0.006881254927112113,0.00876397961626596,-0.005443716243622387,0.0037145131334572756,0.019488238238238198,-0.007637222034873381,-0.010612836178119256,0.003615803325289546,0.003109149295902558
2021-01-26,0.011374448577112783,0.0005610813567966666,0.009278167450945451,-0.003956923166118176,-0.009121976159082945,8.052143989289995e-05,-0.01395209066712455,0.007886157370693647,-0.009941394863612674,-0.008015831767480885,-0.021230543973008276,-0.0014888363213811928,-0.001979615615207986
2021-01-27,-0.0138977977335899,-0.03125728268468875,-0.017960560076240695,-0.03054423748544821,-0.020380729958722532,-0.01923883702501472,-0.029953415473028877,-0.038204310005682585,-0.026931539963430118,-0.029380352644836294,-0.013918699186991734,-0.025677859113367063,-0.025049305193480365
2021-01-28,0.0032090199479619663,0.003886633588933819,0.004702896386981292,0.014777622671529933,0.015066461529931852,0.004532472638815177,0.018154481396705613,0.01249829568695171,0.01207083253710417,0.019162497145348345,0.012202361321812516,0.009760662477304782,0.008940197172619069
2021-01-29,-0.010201435117143665,-0.02076578027063647,-0.020358124674938805,-0.00827595387949187,-0.02093290001911685,-0.023992429781926172,-0.019527892265984836,-0.01889756710656254,-0.005507127796834155,-0.020207781625585564,-0.033885051479212946,-0.019311502938707092,-0.01924295673215426
2021-02-01,0.022665734998689846,0.0276911076443056,0.00018202502844144597,0.003169465739939703,0.009651190359966977,0.025097835284163095,0.011599415533325663,0.018529532872763932,0.00477817859629126,0.011164705393155616,0.00698097936058284,0.01605173602136656,0.01638959055395639
2021-02-02,0.004099585771021097,0.020024556312088437,0.006915692251694638,0.0027877517339816027,0.021535231306894387,0.012824205634396124,0.013088598031154808,0.015991375437966138,0.008030737253172937,0.024570782358383836,0.010917981178204306,0.013898236818535858,0.013455091896890536
2021-02-03,-0.003742610470803376,-0.0076453937961422636,0.0016417393399907887,-0.0070130178216647465,0.000540891389009035,-0.0030094655970118733,0.0019521824961614698,0.0206472720841806,-0.002999250187453062,0.0051173991571342725,0.04273645850588026,0.001008804827627774,0.0010721536601501214
2021-02-04,0.0049519743863393195,0.009630370217896367,0.007413310877868451,0.0035835336628193826,0.01100118931776417,0.01545463447447859,-0.005385406860920816,0.005934589560320669,0.00720732013035863,0.022761305780173657,0.010833995234313054,0.01085330416143404,0.011199981770121381
2021-02-05,0.003440805403338798,0.00915988291659997,0.008911112769609542,0.0025218335738623754,0.005307060930941354,-0.0022011563407976498,0.0170580855325424,0.009516837481698515,0.005382365751975593,0.0008589555880917921,0.009240633643449847,0.003897472454245321,0.0044731890344897884
2021-02-08,0.0022436711540090304,0.003896216341019887,0.00449757367735848,0.001446963232293097,0.009055489807587636,0.0103787617759028,0.008115477839335083,0.003839099091413223,-0.007798236113260026,0.012210107472351739,0.04173154780442223,0.007399345996609075,0.008469062682281203
2021-02-09,0.004730728616684221,-0.005742582796688156,-0.0013402851419819228,0.0012522228808535818,0.0021216593748352164,-0.0019088731410320525,-0.006933859991842484,0.002082182467173732,0.0010292237158093798,0.0010405626746314844,-0.015216741405082113,-0.0011134975827398197,-0.0006896321591047805
2021-02-10,0.005969647286332869,-0.00942625617152315,-0.0014158247916818967,0.0016724759304072023,-0.0016306134525609917,-0.0015083521877355954,-0.0019671422395158844,0.006275973199898255,0.003894566301096747,-0.0006159887582052326,0.018426884429737944,-0.0003451599624669788,-0.0005008848966506774
2021-02-11,-0.0011283379999162957,-0.0030357651076746706,-0.0043125729223589815,0.0016179675667689075,-0.0020415958693906777,0.010924948358962627,0.001429530637440779,0.00037926675094812623,-0.007200273113807776,-0.002215074060519684,-0.015261714558244877,0.0016624551137118804,0.0020045436322329024
2021-02-12,-0.0005857250439293971,0.0017274570514649312,0.0015723037216133218,0.007523566465546416,0.006678457355542067,0.004945243196162741,0.010187087704120135,0.0006739963772695035,-0.007877707962111957,0.00945909424346536,0.0140150139242039,0.004710983101741784,0.004567884769271835
2021-02-16,-0.010674815807099725,-0.004420801882311642,-0.0017475526857516632,-0.01021274726561927,-0.0004719949653870792,-0.0029533663858435366,-0.0018627157110435721,0.004209640075773624,-0.011406245076724386,0.017727377036640624,0.02262754112063048,-0.0005692749114954987,-0.0007301935012777871
2021-02-17,0.0008462742774932863,0.00651752686277951,0.003916623395890717,0.0035503221177670685,-0.0030825331864211547,-0.010336502809683124,-0.0013299298569252604,0.004820792286732267,0.0011474103585658035,0.003551363234934879,0.014537174883965331,-0.0003203995331321208,-0.0007750135627373478
2021-02-18,-0.00025366761087386447,0.0013781939096955131,-0.0013004477678111304,-0.006500637534179843,-0.004934145603347373,-0.004529125021334401,-0.00622892368494532,-0.007551105548602388,0.005475788736429843,-0.004961803475134974,-0.022701769529564042,-0.004415808390544673,-0.005141217271830811
2021-02-19,0.0023681650949380906,-0.008818496267977372,-0.012251964309495267,-0.011461679414230375,0.016039457329489748,-0.0015012440671585692,0.018458080273196842,-0.010677203749632103,-0.01510306177373899,0.011591366689874594,0.016398751692869418,-0.0018548941356217874,-0.0002895742145299085
2021-02-22,0.005400160317259317,-0.021496686600937398,0.0007640106062649643,-0.002994326539188963,0.0030193000950038407,-0.022552517840989217,0.0037775089662783756,-0.0032292330571488392,-0.019417475728155442,0.00976580665562965,0.034730469542044506,-0.007732849379657014,-0.007085482559240686
2021-02-23,0.00314716126054293,-0.004857794996546261,-0.00026944494341651914,-0.0015430588695776182,0.0028155856288356595,-0.0024851001109724713,0.003234740692192206,0.01052900805660939,0.007966690708806068,0.004973841279198199,0.016096523150999298,0.0012562878885591378,0.0010659186535764142
2021-02-24,0.0055216263699489065,0.007439207490512301,-0.00026951756356130563,0.006573789276883124,0.019330297070696778,0.015076607204985937,0.009146084464300763,0.004429258415590942,-0.011481541714099763,0.020108516332441262,0.03644929333002711,0.01135166191319037,0.012228199955166996
2021-02-25,-0.015891505116898186,-0.03610505740412051,-0.011232925952552097,-0.009923606950269614,-0.01953491914396699,-0.035316370529914876,-0.023931838115524462,-0.025618411658477225,-0.009772308502237537,-0.01813085119764246,-0.020042530568846306,-0.024478846903396523,-0.025024637087397994
2021-02-26,-0.01817720662833955,0.005757307351638596,-0.01634402738647034,-0.008078974242596182,-0.010201571663451703,0.005987498629235644,-0.013457424047924604,0.000301711133140925,-0.01860774214985872,-0.019728414040481645,-0.022975099007215394,-0.004750165824920272,-0.004497393556007312
2021-03-01,0.0015499870834410068,0.021738626619388635,0.009732210228060367,0.012232415902140747,0.02512589104702112,0.031778145984128425,0.025395241916245537,0.023526370217166415,0.021635347892331014,0.03123366440146369,0.02576418001610259,0.023790719336683086,0.02418572813872566
2021-03-02,-0.007136101796922034,-0.012732400329651172,-0.001753824099068324,-0.0024711634810254957,-0.002653873634786197,-0.016320976384874286,0.00577386743369579,-0.006946198534983572,-0.0027507125339696348,-0.0029871281930589078,-0.005846212141716545,-0.008080844323930969,-0.008677248677248617
2021-03-03,-0.01169033598891589,-0.023809706150393906,-0.005484600342214541,-0.013277644766357177,0.0007291986490636226,-0.024857582292946434,-0.010451056671222814,-0.015897240239094446,-0.01176431491143537,0.00753558977338753,0.014265878957828493,-0.01306620434127681,-0.012360106072182964
2021-03-04,-0.007710505563830683,-0.020208993629773686,-0.005330506782186606,-0.013310880630716948,-0.016056248002556672,-0.022565864833906213,-0.02061286072506263,0.00034461962608767216,-0.001681407001378754,-0.012074900427127111,0.024721513890752833,-0.013417213827191521,-0.014096204605442808
2021-03-05,0.011523178807947065,0.007198219261441929,0.02152895752895767,0.020224039222379142,0.023918720523847137,0.01968826907301069,0.023541919805589284,0.0237274997846868,0.01589921514467596,0.019081671744167084,0.038715423302598584,0.019495975820425837,0.01989452669720837
2021-03-08,0.005281305922919088,-0.0018761278628838252,0.003190009675858585,-0.0028438253252530687,0.010506280928816114,-0.02463023701961764,0.012909927288915268,-0.014638455390569072,0.013859875990583248,0.012906575013873267,0.0014878700761586927,-0.005359271617984662,-0.003869609984046285
2021-03-09,0.010637374088225071,0.03804707100473892,-1.507045437421084e-05,0.006161401261257193,-0.0038675004394886914,0.034103166042763755,0.00652965551881457,0.009220917822838848,0.012721980573633829,-0.008553654743390426,-0.019112129529373245,0.014154683554241432,0.013528095503129167
2021-03-10,0.009880998410447983,0.0038517018076911214,0.012870361997769697,0.0021675369655997923,0.014458590697088214,-0.00402753978236392,0.016384580197114085,0.004187640116746438,0.006749337983594783,0.01916221033868082,0.026338758535708662,0.006030283013025661,0.006914714782024101
2021-03-11,0.01501680350533885,0.015599920509959286,-0.0018003809070349375,0.006246549650994915,0.0008201100935669725,0.021226788700167365,0.005503048156785706,0.0176495366470093,-0.002630312750601438,-0.0027984258854394373,0.0007753876938469961,0.010395479646353678,0.010773871136487534
2021-03-12,0.015046102263202021,0.0010385700846660129,0.007139982410899304,0.0013753297409420107,0.013371739319369969,-0.007143965116078621,0.0018514374071738615,-0.009023552299350146,0.012768147171388966,0.01087433131632043,0.0017745120091974265,0.0010153985185334946,0.0017728348841050678
2021-03-15,0.011767620463272621,0.011750731131543457,0.004410502323654031,0.006529472688791671,0.008208772359715732,0.011088158454340968,0.0015840136468867616,0.0057641702518691496,0.01355986027310263,-0.005656285243341719,-0.012499376278628738,0.006491958593476621,0.0067380408019697136
2021-03-16,-0.00020404831864173634,-0.008686541433836736,0.0006630908876577024,-0.0003802791696492225,-0.014351683072062138,0.007884763135191264,-0.008738848337388472,0.00934424187050964,0.0010026004950338674,-0.01127222600289668,-0.028271140193527167,-0.0015696886322292825,-0.00275142211400925
2021-03-17,-0.001591901710273902,0.014054734759045617,-0.0005301211915946791,-0.004072772842213523,0.01123179918381445,-0.001111499118466086,0.00904088854343521,0.002180710994075019,-0.016275939779022752,0.006494537881862827,0.009385887369351531,0.0028793426720601367,0.003186003481612021
2021-03-18,-0.007358953393295065,-0.025990153900740554,-0.004729421124747724,-0.0019024079691422058,-0.0005120702267740196,-0.028457901490895554,-0.005371875696823403,-0.019583692572976874,-0.0035317700213178815,0.005628517823639934,-0.04680215336269744,-0.014760500437832724,-0.015246431221897283
2021-03-19,-0.012644151565074258,0.007968671736259703,0.002486972998579029,0.0036019540600777944,-0.007294640025372723,-0.0024925180575913197,-0.004769086536501876,0.007998324958123915,0.002203205824126586,-0.011978658111312601,0.00013511322488257704,-0.0006027388863633076,-0.00043222395850650575
2021-03-22,0.011137529720936179,0.006512769545837793,0.011591848789131554,0.009047337764784169,-0.000995330548046125,0.01930809365019326,0.00040956749672349524,0.00764405300984583,-0.0011151113518336198,-0.012988617312273965,-0.01005106589932725,0.0070251207482558975,0.00561025368103607
2021-03-23,0.0034653465346534684,-0.007166313836670879,0.003985110575870365,-0.01031485502145224,-0.017626293066335452,-0.006352960470947799,-0.021002210759027196,-0.0030921459492888603,0.015246236284766512,-0.014089291780650437,-0.013619367340811706,-0.0076308370066411335,-0.009526119649826859
2021-03-24,-0.005303404045387317,-0.015166926606541509,-0.004478176160981562,-0.0005840115604339724,0.0072997270427968,-0.012070485729549829,0.0069418308033286635,-0.01658395368072796,6.283380458671495e-05,0.004352478192270581,0.025207526286663118,-0.005467303581109473,-0.005832980831311119
2021-03-25,0.007852862161603635,0.005875602478769837,0.0097122827515701,0.0031165484226221007,0.01563723601287781,-0.0007122381865184435,0.014099422733502287,-0.0033222591362126463,0.009927117366172578,0.015745472273884564,0.0025100537097515474,0.00524023305923671,0.006729369611465641
2021-03-26,0.024687307771170897,0.008031761967781659,0.017718955666449654,0.01977639528891606,0.017660665548851373,0.025364072330502863,0.02494010688617232,-0.0034177215189873378,0.0038882667662063497,0.01701242600394659,0.026222270083997357,0.016631197691788335,0.01722814783508131
2021-03-29,-0.0017609156761515532,-0.0040216095492476844,0.0103467879476975,0.003969387381449252,8.41852074564553e-05,-0.005114672502199102,-0.003336330036959323,0.010245988399170125,0.010690050506615423,-0.009264114665268441,-0.012618710320583482,-0.0008680249789911887,-0.002613164224797737
2021-03-30,-0.00489115182616362,0.007515094582616788,-0.01135212694125598,-0.009059940038077863,0.003788015440672421,-0.009466797203521171,-0.003427677998717127,-0.001215372364947065,-0.009228033601079155,0.007145377558221755,-0.008024018917554443,-0.003157823166939022,-0.0017759068635511133
2021-03-31,-0.004874904314894679,0.008256073627935345,-0.004766579872227061,0.0013912915455114305,-0.0032825378570059405,0.014969434139714854,-0.004948005712331893,0.004028197381671816,0.006467184454002517,-0.008986598931418066,-0.00926744341770469,0.003622538555784205,0.003371440494624345
2021-04-01,0.015789473684210575,0.00985897636679578,-0.0024161496011209094,-0.00216122439978228,0.0039784610206976545,0.021007610271722044,0.009278162964160952,0.020561685055165535,-0.00018446781036707272,0.012815527115887626,0.026548433318013487,0.011825144919693331,0.012116104458989252
2021-04-05,0.00605819051414902,0.022796924962891207,0.012840907462344342,0.006593487549727328,0.012666259622406528,0.020247643937261195,0.012217103945523666,0.022727272727272707,0.010947109471094674,0.007417491317171843,-0.02407100155381736,0.014438277854756487,0.013668854692721055
2021-04-06,0.0017827430473020822,0.0032924187725631437,0.003325173687263927,-0.0035788780327148384,-0.0026481610649390364,-0.003809374768348861,0.002334784329244277,0.0006806806806807231,0.005262197347609243,-0.0010914382731020966,-0.002617589119464525,-0.0009735379152555623,-0.0008854561165815289
2021-04-07,0.001463202436034372,-0.0006620800829038043,-0.0019179782253060385,-0.0024165234380738587,-0.0044332230954328145,0.005386590160274984,-0.017489833787358244,0.007242317541613419,-0.0012405821658749705,0.004093029709152152,0.004410173160173114,0.0014752303666720756,0.0005338800264804711
2021-04-08,-0.0056468172484599455,0.0047744555824402735,0.000748883739331907,0.0011412415235205753,0.0020716998654586316,0.014206414473684204,0.0015671461866109127,-0.0007945020458427487,-0.0010603490063013643,-6.909059504289772e-05,-0.013630363925329347,0.004220639958823158,0.004215401690429443
2021-04-09,0.0014296493387870868,0.011596321858851733,-0.00046593716907872285,0.011649457241196703,0.00990934258522147,0.009908576757008625,0.008304914744232672,0.001669780940643184,-0.0006975404118522155,0.008585099583700462,-0.0049703689543108,0.007719962803593772,0.007385838319217131
2021-04-12,0.005472498711186935,0.005561656452584218,0.004506158888009981,0.0004943441216669342,0.0034001200042355073,-0.004845463048827825,0.0031434028330417085,-0.006032943044254724,0.0006980273141123927,0.004350208947043743,-0.009441471112940802,-0.000196182910288778,3.1647572631188226e-05
2021-04-13,0.006349832380201148,0.010357218347072594,-0.004907820168469024,0.00443236644771261,-0.0045259479867739705,0.009548513062139996,-0.0018840982110984728,0.0008784889989219558,0.012222121129408903,-0.0092254697998021,0.0009697708570002295,0.00329458162447116,0.0025633722586158036
2021-04-14,-0.006936823953597737,-0.011736401673640096,-0.0008055170854414095,-0.0012008623059448498,0.0010718492343932962,-0.011456131447820095,0.0064577662089930765,-0.008617594254937133,0.004014860977948231,0.006643603380320551,0.0291203011681338,-0.0040878020277237415,-0.0031776094276093625
2021-04-15,0.019535103989896996,0.008347622374168084,0.008047521391697954,0.017433438595474637,0.0038592321539929753,0.017858297762255892,0.012595751401721644,0.012716809529558448,0.011071321993434635,-0.0010600646297468375,-0.008822421862391683,0.011094247768300924,0.010650425383689877
2021-04-16,0.0017031818533714826,0.007830650804758532,0.006467996744956128,0.00746752091119407,0.0020745672124613534,-0.00031372860490053167,0.011776174692922803,0.0011126564673156203,0.008116643546530522,0.006572528883183715,-0.008982360922659471,0.0036087492386858155,0.0038434624583536525
2021-04-19,0.002936857562408468,-0.01140127344308739,-0.004739666829302269,-0.00010598909018966207,-0.004046972957799211,-0.008795102708843872,-0.00439357151115749,-0.002738856031437309,-0.004889331303431388,-0.0028397014062474524,-0.0005750431282345314,-0.005306453038726788,-0.0055038235447120165
2021-04-20,0.011212144563458315,-0.01222107503318659,0.005742699068562063,0.0042682797560580354,-0.010921902524955951,-0.00838419827105974,-0.009367862811132999,-0.0051345327177202416,0.013151313660301867,-0.0181439923604243,-0.02663159625184952,-0.006802361610853236,-0.007647563450714601
2021-04-21,0.0040388645456277406,0.01293400740914552,0.0046236334517095745,0.011378269405332375,0.013571598195202927,0.010225320804284177,0.018658903520768932,-0.0028005601120223433,-0.008973167615286437,0.013876827955121795,0.014749760738614004,0.009306060063749566,0.010089083337726068
2021-04-22,-0.0037569731698987585,-0.011610602572022177,-0.008483857105230364,-0.0042718986989492835,-0.004732729636962141,-0.011762117181092657,-0.017473195619233994,-0.006619859578736231,-0.006915345620769342,-0.011066002021344112,-0.014091539528432673,-0.009210671343885979,-0.008788043251367172
2021-04-23,0.005828127380771209,0.010283944830329128,-0.001593848304788481,0.006414377148606709,0.010663967325415635,0.014403983563751055,0.016807871003006403,0.011106623586429665,-0.0017408751585967774,0.018464949507197348,0.009341061279612761,0.010928710658818286,0.011487838264715222
2021-04-26,0.0020071956068925534,0.006221441124780291,-0.011566845443979235,-0.0035269450268685665,-0.002876608629825972,0.005635084386585998,0.0050108472363545875,0.002636309167165951,-0.005468195790967023,0.003333503410037686,0.006383453197301492,0.001782224167916624,0.002040370181447315
2021-04-27,-0.00022677451054498032,-0.0009990568344568906,-0.0003683502160515273,-0.005072251717458842,0.008701441285710931,-0.002746195210032387,-0.0022159394819285527,-0.0045018126767857325,-0.007519243914762219,0.00905192141440514,0.012575132260477018,-0.0002149192142553158,-3.116656450963262e-05
2021-04-28,-0.0034023892333282513,0.0,0.00039683102084775435,-0.003487443801733936,-0.002674756550837709,-0.009626213225199298,0.002125134017460395,0.012125820393789066,-0.0014972749595735246,0.0028054496278999697,0.033454605137183124,-0.0008455306301830001,-0.0007376316828390239
2021-04-29,0.006828010014414687,0.0011469173100591146,0.010639352855341677,-0.0038721011946591943,0.006954442019226237,-0.00025314014320487743,0.00618993943793833,0.027519671029219817,0.008967130518234168,0.018176031091901912,0.011064055055584943,0.006762797680233579,0.006186124367091761
2021-04-30,0.006178886293421781,0.003024672385369964,0.000434551010681572,-0.0032240086349815122,-0.006687343625693232,-0.014259819702505117,-0.010670818539123217,-0.008927540693423608,0.007639033379900795,-0.009559222757860364,-0.027174197601968708,-0.007194637501869883,-0.007739362251751425
2021-05-03,-0.004792930427619413,-0.006609141368767779,0.008911432134399933,0.011685021091073722,0.010319090898538663,-0.0021568683413315526,0.015257652816428546,-0.003882741215297969,-0.00038348082595873745,0.005332403069869596,0.029144241119483327,0.0027480346410215795,0.003155296837413779
2021-05-04,-0.006095266761983353,-0.012380818844643926,-0.005360738837580592,0.0003847687539788591,0.004124540441176494,-0.01892258533755009,0.010415879017013241,-0.009315922822062062,-0.003482161300793818,0.0069564930021974725,0.00020918860968022202,-0.006678337857112138,-0.006425694473280008
2021-05-05,-0.015180193821926258,-0.0037693257804846114,-0.0010332453678493225,0.0022657659547686837,0.0013158045286558728,-0.0016326326618160136,0.013189650333950587,-0.0026754800125905476,-0.01711629008854265,0.009386281588447787,0.03328017568168162,0.0007035388242977447,0.0005328429784876576
2021-05-06,0.005343071305016434,0.0031921791610554084,0.013250401844992599,0.0007465706590752408,0.006913179605548825,0.010133035196549178,0.009140261466873634,0.011006785545210729,0.007411647735831917,0.014306151645207432,0.004832506831292216,0.008165390549454088,0.007883964746668859
2021-05-07,0.012082281868930123,0.007955053945209345,5.5177741299372585e-05,0.00718822553319054,0.010497168601550255,0.007826051044850013,0.009258750983513586,0.006087329769383754,0.0024822801088613122,0.005401333504295502,0.018884552436107205,0.007373346471123199,0.007656523586029751
2021-05-10,0.0034756327918399332,-0.01953336950623974,0.007696870215319063,0.0009829710646547252,0.0007861282062799901,-0.02534472514188535,-0.004079264644560099,-0.0190823410774541,0.010143198090692307,-0.0011796776610499826,-0.0004942542938340955,-0.010435666020885526,-0.01082687285364714
2021-05-11,-0.011143739176266765,-0.009213807774958949,-0.008705769625624415,-0.009757818010815877,-0.0144309536099827,-0.0024301030060963624,0.003495230466758814,-0.00533786722549523,-0.011931482575310182,-0.016694597398451694,-0.025615032760539003,-0.008673894514173552,-0.008596226807338514
2021-05-12,-0.023680804081322004,-0.03280936042420768,-0.013200955550339066,-0.010042530605973932,-0.02443412123696309,-0.028646447958461052,-0.025397286118569062,-0.02027349340117668,-0.023523433763749435,-0.012952653021474192,0.0006089979446319838,-0.021449387057151936,-0.022311224810752983
2021-05-13,0.01177663391046635,0.006907465462672624,0.013951275485216241,0.009495389868292126,0.018977148059102333,0.013745525545069803,0.01528181073635615,0.008642376044794231,0.017876274143683535,0.01873016395060101,-0.013491238302944186,0.012173151138064053,0.01283646112600545
2021-05-14,0.010097895629384235,0.017988156865666127,0.004333425338117536,0.003829516628348184,0.013400833829660508,0.021216128880386043,0.011861765514712408,0.016935516311999743,0.0038793492316482325,0.015399515738498737,0.031567311894295846,0.014917933130699224,0.015236058318421897
2021-05-17,-3.815628815628802e-05,-0.00031462647252511466,-0.001497787671421169,-0.0016638008451274056,-0.0028142589118198558,-0.007003352891869263,0.009023046818379399,-0.008781645569620244,-0.008627403990174365,0.0013194709398449689,0.023025741982107606,-0.0025300382141189015,-0.0023361074609432597
2021-05-18,0.0016789407410233714,-0.008043798077978725,-0.002642262437211773,0.00048114470601356985,-0.014745718527921614,-0.008154341596005588,-0.010881666367390852,-0.012291483757682187,-3.0216957756623586e-05,-0.013463095559401173,-0.02633181497089121,-0.008517302421882755,-0.008697288369467593
2021-05-19,-0.004190316559369078,-0.007474470220175777,-0.003283981620741505,-0.0014357701931320133,-0.0058209092582366395,0.0033021698149338086,-0.015412824050541007,0.0009696969696970648,-0.001722418638382739,-0.0063406234409950635,-0.02524266986890833,-0.0029434351705374118,-0.003258462511863236
2021-05-20,0.013427183351822691,0.009530535627996883,0.008500034609261409,0.010406851351634216,0.002059660734535118,0.018670500863118278,0.0004978335023508862,0.016751432953903134,0.008203172296888273,0.0009231516722001398,-0.0011806072427686942,0.010554756443649449,0.009966039292855555
2021-05-21,-0.0017363732447532865,-0.0058764184775804695,-0.0003019945366443677,-0.0003315787292244021,0.0043071593533487995,-0.005229520141563415,0.0026537908665362764,-0.002818690698320636,0.005374245654066856,0.008996472606064732,0.00190148264254697,-0.0007838196541576359,-0.00046091155735727973
2021-05-24,0.010549799591620834,0.010163038244727751,0.0031032446757384147,0.0005735450612933679,0.00594437354121391,0.01758755059246009,0.008363048193214206,0.018432996257663703,-0.002030699396762814,0.004650566086147778,0.009874073504141823,0.009911305963146155,0.00945304394303026
2021-05-25,0.0030682881197381384,0.0032704900602034126,0.0006570572050428325,-0.003024924549541841,-0.002903188935878376,0.0006005240189042027,-0.008767612693899252,0.0011727453969743173,-0.011760129271650044,-0.009609245307112713,-0.020393132872815856,-0.002125302295660103,-0.0026785436197713786
2021-05-26,0.002275525049427518,0.008975492811565733,-0.0017646817416997473,-0.005617938611378492,0.003416020908799222,-0.00013154270821780223,0.000551673409341813,0.005856858381164454,0.0,0.003336234406730476,0.00930702823218299,0.001876732575158746,0.0028522948481726207
2021-05-27,-0.001600416852761688,0.002006592053315881,-0.005865263388696973,-0.0016161841335301519,0.013663262275230181,-0.005254178058256342,0.007443484653556265,0.002212647024572023,-0.006601059803179377,0.011870913851541376,0.0005650878454741548,0.0011653983922745859,0.0017127375774623754
2021-05-28,0.006449207828518322,-0.0022700654993421665,2.756947507709384e-05,0.002986407658600587,-0.0009692325030992155,0.0030418628103339174,-0.001514184073702296,-0.0031373460376481477,0.004602676258115723,0.00033337566675140096,0.0007187965292394516,0.0007688865190149663,0.0006528362106483776
2021-06-01,0.016890140010371146,-0.0017969972755202956,-0.002963636864885877,-0.01643894701691906,0.004241685844501575,-0.004235804081699768,0.013904114594752492,0.0020204375024284182,-0.006220037623642205,0.006570072842111863,0.0393001898312042,-0.0004923753184382651,0.00036245016310254563
2021-06-02,0.014059881984410216,-0.0039997096399535526,0.0044655818390455515,-0.002185583635707755,-0.0029543922713997084,0.006227629156063008,-0.009406591822391897,-0.002636783124588038,0.005007174915275137,0.0012139940403927962,0.01740139211136893,0.0014469162597214869,0.0009316770186336143
2021-06-03,-0.0020474137931034697,-0.012207654016864744,0.005106394692652838,0.00397669275263679,-0.0024561443041113407,-0.009149977382078345,-0.00018191410016199505,-0.007309202597099551,0.005255642980830366,0.0024250440917108484,0.0031053640311506925,-0.003628698801364849,-0.0038266625297341816
2021-06-04,0.0012597631645252516,0.008152935794708549,0.0033139335843888063,0.0031913466494390974,0.003365748427246684,0.019170350079893872,0.001819471989228827,0.013629420749618149,-0.0015110305228165366,0.0018379465267521766,0.00575616126925782,0.00883408659980689,0.008419850498338821
2021-06-07,0.009130778632540082,-0.0005122988312268317,-0.0017606835273724641,0.0033430692895097813,-0.006877764895257599,-0.00016696258409210074,-0.012259130782223404,0.004752521154514966,0.0018765133171911863,-0.006287730301842376,-0.0038475411807142867,-0.0007967110255822085,-0.0005147687144165802
2021-06-08,0.005129666571672908,0.009621510005930922,-0.00850447100002738,-0.0035914702581368863,0.0025616031555324437,0.0002199386615511223,0.0015629022174825646,-0.00226888171050621,-0.009062896501721984,-0.0019724177107330876,0.008786964393482144,0.00017508493985585183,0.0010197669986917735
2021-06-09,0.0015948398072016534,-0.004619858865849924,-0.004288708698769961,0.009982541112863341,-0.010265454709899036,0.0006311665994780391,-0.0075820161186686,-0.001503179803430288,0.008536064874093086,-0.01056143180129343,-0.005575629950465344,-0.0018238764589828538,-0.0023050010290183165
2021-06-10,0.00948303315523158,0.0068708741966978515,0.006495395055744035,0.016861137830566086,-0.004717627707210181,0.007475623850373481,-0.005605090828369685,0.007179803906431026,0.0067710537452392305,-0.011201482878189895,-0.0012994513427664334,0.004652154850635748,0.0038367919468624834
2021-06-11,-0.005888744786007205,0.004848432219641152,0.0009356853895476913,-0.007272851903896815,0.001893700290367395,0.005582282111249892,0.003590363687099085,3.832592365471399e-05,0.002792289677535642,0.00606011635423398,-0.0037347597706133273,0.0019484900381676606,0.00251726121979301
2021-06-14,0.004231162511900033,0.001145046413988382,-0.001319732754117231,0.0007940672816659777,-0.004834127565982449,0.01041168744050025,-0.012771557796396493,0.0074349442379182396,0.001137758615527451,-0.01029636173801296,-0.003918059351343484,0.0018152110447704484,0.0009121375790432928
2021-06-15,-0.010357782381236524,-0.004740393330360249,-0.002808138094320456,-0.0002552798073672813,0.0046734350899002575,-0.006396520674397443,-0.001952721605738117,-0.004907368661315581,0.0034991177438168375,0.0022884409387475824,0.020614301323297113,-0.0020116799642784233,-0.0018328520816693894
2021-06-16,-0.00883417299368483,0.001604521570696571,-0.012368515502056754,-0.003843977308801816,-0.009876260311640683,-0.005213376331351549,-0.011664001505032329,-0.007684073705940819,-0.014931155748942104,-0.00140879281029882,-0.0048294237997810185,-0.005390207201542929,-0.00532400521116505
2021-06-17,0.0034005082865016245,0.006032573007843878,0.0036619797053643044,0.007918528525407975,-0.015494457173274023,0.01167995945799194,-0.0220424478918817,0.005740262742227609,0.004870964814086554,-0.029366932606862406,-0.034902345150725544,-0.0004356370007340127,-0.0018563590610948255
2021-06-18,-0.014982876712328674,-0.004669444902701936,-0.01655804367201419,-0.012172825250192476,-0.012494270031382593,-0.00934263621364817,-0.016194016777935638,-0.01149161112387953,-0.026284097067501566,-0.024474998747013865,-0.02920413167868019,-0.013124547000611053,-0.013783269961977207
2021-06-21,0.019230769230769162,0.00532551201302911,0.011045186139707397,0.012914269014799862,0.02179346791087422,0.010670786764853446,0.020694430705312072,0.009028908005890068,0.013728703503292916,0.02347924373201815,0.04289140640947142,0.01400232812106239,0.014751178627553818
2021-06-22,-0.0044416018192801054,0.010436901903157603,0.001750724800067216,0.002088299341223898,0.0012813493773806695,0.008898365654929075,0.003430830958888187,0.0075655747148508645,-0.006771389354887969,0.0010374311865199992,0.006679225894844931,0.005124515064653945,0.004873113217287006
2021-06-23,-0.0036048254693411552,0.006249955661495221,-0.005676416307812793,-0.004613475736408135,-0.002733925102085921,-0.0011374146447055145,-0.00616210786586302,-0.002058240585455229,-0.010502717808555717,0.0027413288758879606,0.002649103193506086,-0.0010832603310065858,-0.0009144148772217697
2021-06-24,-0.004477558476913668,0.0008812622495453226,0.003290306251581887,0.005096278339439708,0.007675975828842052,0.006446122082302441,0.0027211413244183635,0.00805897181269577,-0.000993141119145835,0.01210221874010231,0.008532299115258768,0.005811157422250579,0.006242222930656904
2021-06-25,0.006440702360391404,0.0030781801404551334,0.007988563740329635,0.004577098065011054,0.0021764297291040346,-0.0014837608443734052,0.0003876795440889147,0.0008714431856933214,0.011339277392898195,0.012517499794120202,0.004710745787968262,0.003330606657931945,0.003607636333905706
2021-06-28,0.0007865289049373558,0.002731664840875281,0.0003197908845693487,0.0016778981256651004,-0.0052328805101191644,0.011091812289994563,-0.00023251758414233326,0.008252574197455953,0.006112920071265959,-0.008084587230581586,-0.03325120206683729,0.0023150419323942906,0.001252533069928008
2021-06-29,-0.001428928660736739,0.002276021933848238,-0.0041420529571200015,0.0006809298778411854,-0.0024269871683214594,0.007034224955599688,-0.0003876194352385731,-0.005218893144101511,-0.016548102463896264,-0.003296270786185218,-0.005023136119565397,0.00027734984069871516,3.0511370570751595e-05
2021-06-30,-0.007584159124244039,0.0004471834430328503,0.007188019037782434,-0.00043549857782487766,0.008357972667799807,-0.0009549627256484339,0.0024235608895437633,-0.0022645782223059685,-0.0016454006395332232,0.0046563667176728885,0.013106192489430457,0.001328114078009257,0.001352629491391033
2021-07-01,0.00313615226559949,0.004323169113435998,-0.0028269726448822974,0.00925837678870467,0.0061645733284079185,0.0010291079522679603,0.005531700901319159,0.00881407225269526,0.011319111885067512,0.007730101539469514,0.017158848221518586,0.005221640488656032,0.005413365833841111
2021-07-02,0.00517464424320857,0.010778784570343758,0.003085132994246509,0.008620340766522405,0.001812799742995308,0.01390370213503278,0.0008271139493727375,0.009224538773061175,0.0007994588278703585,-0.0020314633036468965,-0.002027222704894416,0.0075001041681135305,0.006424696695725984
2021-07-06,0.008508508508508594,0.007457809027801687,-0.0041008589637017145,-0.0008760666613165657,-0.00928810298227134,0.0036532662934916083,-0.014356825738501833,-0.0008917292115627751,0.0044242349760352795,-0.01553568811373307,-0.032017798413619625,-0.002021900862524517,-0.0028806873500687447
2021-07-07,0.005246366536689084,-8.877659029593588e-05,0.005550609315007504,0.006151230580786038,0.009999421998728497,0.004934011381523273,0.01015911395366964,-0.001041279285979857,0.005842407928545068,0.0008767141415644275,-0.017262915958828784,0.003359011313352811,0.0029796058062048214
2021-07-08,-0.0007757951900697613,-0.0009015038723688695,-0.0030159235228200965,-0.004736562001064426,-0.01426118805081844,-0.009228440615681288,-0.013570118714409718,-0.010460874097237727,-0.0024328680473193476,-0.019650943708061974,-0.004626687342705327,-0.00856101125941644,-0.008912262389851211
2021-07-09,0.013198757763975166,0.007943126666210887,0.005828071879553143,0.0035960643815839965,0.016185964423389487,0.00949300945120668,0.020057923368948405,0.008126105112674642,0.0015852208639455245,0.02869329197363335,0.020099604137402638,0.01127795187024705,0.012283544303797411
2021-07-12,0.008568443051201635,0.005886661422022099,-0.002083189625439741,0.0017915895195343978,0.0010512123220367542,0.0004253893441852341,0.0026090126038329498,0.008993544053438773,0.0028001826206056624,0.009619954440420075,-0.0011015973161083714,0.0034511562975592103,0.003421265868371215
2021-07-13,-0.013157894736842146,-0.011751618122977425,-0.00037326844913865287,-0.0010637236977696363,-0.009656431914165098,0.004391312200848985,-0.009452193712569001,-0.0010725645387973382,-0.007618296051233986,-0.01064831347596007,-0.007093087372800788,-0.003516830382495284,-0.004615921439609205
2021-07-14,0.008888888888888946,-0.0017055881891429037,0.009155406807086486,-0.0020431932381617113,-0.00036881655986342743,0.007309333543134677,-0.001912341362591552,0.0007034692139658016,0.008349645216540358,-0.004938474159146833,-0.029382809541840138,0.0011649703264435818,0.0004406963001541975
2021-07-15,0.0013528044677233453,-0.006410300218004816,0.004193561649467492,-0.0025542187958491613,0.0022598348936955226,-0.00842414549782411,0.000406425391910048,-0.005364806866952732,0.011950620279656654,0.0037593365100825338,-0.014121869392213493,-0.0032622362435132946,-0.0033037662935747614
2021-07-16,0.0010392129693779228,-0.012531897186169538,0.0015421357898328658,0.002213084612041616,-0.008570311062028213,-0.009695992198195946,-0.015263778994409005,-0.005691329092735065,0.009921170158558867,-0.013387650508402182,-0.02764587949773123,-0.007538938952254881,-0.007955321628028367
2021-07-19,-0.01584884767111927,-0.011283930151079313,-0.0030522701259061424,-0.010734108982227819,-0.02137312463014751,-0.013919400045451114,-0.021767317590664415,-0.016498316498316568,-0.01587819789873579,-0.027987745995804447,-0.0359196961475855,-0.015869531055010655,-0.01603823255437209
2021-07-20,0.018776371308016904,0.017210649045066084,-0.0007927395987098462,0.012017236844767298,0.027376957825968384,0.01472277170677394,0.012049644535486292,0.011031229791928387,0.0038903465122592795,0.024185950908686138,0.013788833858622285,0.01516265155019747,0.01622761885161572
2021-07-21,-0.003520397597846281,0.008123831290255623,-0.0013815555494760545,0.002052389234285412,0.010005770340450137,0.009834278403197949,0.010913997698138722,0.007336619135407618,-0.010964912280701733,0.017075577408726783,0.035307833231555064,0.008241847210077813,0.008698117601790178
2021-07-22,-0.00685785536159611,0.005818786367414619,-0.0025751660845148017,0.006649953117830565,-0.0034507581384187747,0.007118331484091467,0.0003140703517587884,0.004071113767087464,0.0017009385535946553,-0.010359456704048364,-0.011287468496970487,0.0020166609692362503,0.0008532765820752353
2021-07-23,0.008788449466415438,0.008551328461170682,0.01224988670228111,0.011765327625729016,0.004150662156739093,0.009919047175956042,0.0068092621664050945,0.026522337536733165,0.012796021710785643,0.0012794098099162543,-0.004338747728936609,0.010145438559535647,0.009999899700103398
2021-07-26,0.0,0.007679700938630241,0.001858660407819901,-0.006235390903511329,-0.00014844080066678256,-0.00022481020122355755,0.008770733038376832,0.007066241484273261,-8.98176701296105e-05,0.0054429896616385864,0.024974807309965374,0.002382253008416102,0.0024628095890684154
2021-07-27,0.008158749913572683,-0.011586332965939916,0.0021666711805647942,0.004382305210804072,-0.005321821753231926,-0.010052381496540419,0.001391116177521745,-0.010578964412939484,0.017216599796394894,0.0004786347356779963,-0.010097252484455477,-0.004712479931257563,-0.004863986685951005
2021-07-28,-0.006275289760647396,-0.002277795909486624,-0.00866145988163114,0.003839863936678123,-0.0029277365725964843,-0.0009532604486282015,0.002546836713037237,0.007528093973887984,-0.006858387543049016,-0.00209508726780816,0.009690234605679748,-0.00018630181803303003,0.0004380070678413617
2021-07-29,-0.002346526795265591,0.008450493059010356,0.0057248006542629515,0.001857197781789166,0.007692041960779772,0.004785759012434054,0.010815804160812847,-0.00913225526999717,0.001956135151155891,0.010662743217999537,0.009357968895387536,0.004206206369982368,0.004726415188210931
2021-07-30,0.0032167687039534876,-0.02774755536333351,0.0011791014433828462,0.0007545108038140569,-0.0017369245009198897,-0.0008346316492321426,0.004036326942482349,-0.004407853994389921,-0.008696681062533296,-0.007295210677833119,-0.017594226565175064,-0.005406016994218166,-0.005080515776338501
2021-08-02,6.895600606804386e-05,0.002794169777091904,-0.0029104396794454868,0.0017028688790963198,-0.007245962064584166,-0.0036791594735573474,-0.01173793495780806,-0.0019026710574461259,0.007460014323227515,-0.0008403361344537785,-0.007131558486822787,-0.0018428943907755624,-0.002060501089975242
2021-08-03,0.004447355719506385,0.0077145411823418275,0.004941824945354778,0.01412535686478078,0.013767497636233639,0.0068563592732260314,0.010112057717399647,-0.0018696385365495338,0.006101534269296938,0.011296360428107333,0.0183079955715173,0.008203484714484954,0.00807947812556109
2021-08-04,-0.0034666209026945616,-0.0084327239211478,-0.012604531146566567,-0.004184341350121912,-0.01367151956323942,0.0019466773252803105,-0.009858860627243726,0.00235060785249952,-0.0013542157324539783,-0.007582675624551505,-0.029301795232160366,-0.00463244520307915,-0.005273885854508054
2021-08-05,0.008266170696425101,0.009135682574916704,0.005691768826619814,-0.0037650263744596346,0.004958601443760369,0.005411295386547277,-0.0013621364438647365,0.009087244879264045,0.011290607865102276,0.012389293284477132,0.012812107304813303,0.006005460335342772,0.006396037043300051
2021-08-06,-0.0023228803716608404,-0.007341366676519301,-0.0005033739660427194,-0.0010447770819762559,0.004153853215220105,-0.00121236613457254,0.014696559276122345,-0.0001815606957406013,-0.0008453578195598555,0.020125622839335833,0.009278489548212976,0.0016752839177258672,0.0020657481171051373
2021-08-09,-0.0041772238581114784,-0.0013434065743823664,0.0031714919623777593,0.003770296006972318,-0.003999542909381759,-0.003479668217681531,-0.001211708129804201,0.00036318733202600484,-0.001166997315906082,0.0030229265110655046,-0.014778588417648675,-0.000939925887858073,-0.0012428119112671832
2021-08-10,-0.010899463622610184,0.002503207017300557,0.0070420624151967814,-0.0023990378121804268,0.010119320789352848,-0.007267854967720977,0.014804564582780566,0.0008713331397038893,0.0009638976515946585,0.010088352394397537,0.01719741767482219,0.000992701388653705,0.001352992879504633
2021-08-11,0.004970973685125335,0.0012242695883133425,0.0030989369298966007,-0.00969659458692762,0.01301651484518751,0.00025283509946083527,0.01421499953301586,0.0002539175856064446,0.009191981090781676,0.011652193030669666,0.007519999999999971,0.0024680227644109376,0.002929167406355404
2021-08-12,0.00349360083016248,0.0009740730762057837,-0.0008327848594339438,0.007682191638129776,-0.002298515495358089,0.005850909604561805,-0.0018785914247826385,0.0035176790571169736,0.0,0.0012728768569254534,-0.004896511566354289,0.002952087595835984,0.0024682616947420133
2021-08-13,0.00679052773086064,-0.0029262771405302868,0.008119698334386305,0.006014911294595082,-0.003169144668082713,0.005428837511825879,0.0007565413145365074,0.002457357617808409,0.005638445523941771,-0.0072709796443575225,-0.012846769689071058,0.0016073241975147479,0.001167330442800818
2021-08-16,0.0011983018351138242,-0.0037793313490690483,0.006347428358069562,0.01127715733432666,0.0034272443377187933,0.0043923972932540245,-0.004904581912049344,0.0024513338139871,0.006498174185571637,-0.0017178373988818718,-0.018294983025273437,0.0026208594449417255,0.0021359775036497997
2021-08-17,0.0014020449338301155,-0.023074678302437368,0.00043727722050701523,0.011195854422140217,-0.01060614572215035,-0.008713440875955158,-0.01206248031277235,-0.009925201380897586,0.00011426939008707393,-0.008431887866841903,-0.00919445588033485,-0.0070607249129965854,-0.0075186499672463825
2021-08-18,-0.010825023903838105,0.0014580058746969105,-0.012741721854304666,-0.01463273713826363,-0.011003736046604096,-0.013884633133364188,-0.011328256873851195,-0.007155310184512431,-0.004684509697506334,-0.011595803423522955,-0.023988919667590092,-0.010748457761550978,-0.010609792138705498
2021-08-19,0.009251907342838317,-0.006228339298903429,0.008532560573130565,0.0048692814623141345,-0.007693014283745803,0.009875933122187597,-0.00933338392077998,0.001280409731113874,0.003845601951499633,-0.007613727055067798,-0.026536867798149455,0.0012567410636163956,0.0004381030139495312
2021-08-20,0.004549341542671392,0.009311732210875334,0.0018357410806928431,0.005118414877018473,0.0023605100553099057,0.012989709066105082,0.006357473861590801,0.00957252466203884,0.012207324394636787,0.006192398629630169,0.0027989154202745503,0.008141540696354754,0.008529315166655005
2021-08-23,-0.00405202941977667,0.013551977569140616,-0.0035452517527087,-0.00019561691897040934,0.008092258675224562,0.012749948765992336,0.008467481067093052,0.012702663578459727,-0.013161611026379805,0.007832731225422718,0.037708969326937236,0.008523820995256282,0.008634811613081439
2021-08-24,-0.0072139218434819075,0.007621482661301693,-0.007555466719968096,-0.0034460559700080218,0.00531336241941216,-0.0012574980125750201,0.006679371308892623,0.004145373977057609,-0.006296508299942771,0.0066933130313413525,0.016138070155777173,0.0014956926284677152,0.0021231007054172135
2021-08-25,-0.001756319305737275,0.0031336878375474164,-0.0009801552136201597,-0.002552312914830046,0.006025674613570953,-0.0005463255086978203,0.004198451820891069,0.002277661126730335,0.002016129032258007,0.012100204821175353,0.007168854086246679,0.0022201269217136943,0.0024505496651241465
2021-08-26,0.0009659502535619424,-0.007305222854220528,-0.004999664001075099,-0.004000177785679293,-0.0043025362318841465,-0.006240927306228938,-0.006831289545887187,-0.0072790540780457436,-0.0034780109226788536,-0.005355085774774948,-0.015084318878668346,-0.005824931775569864,-0.006155224636481327
2021-08-27,0.00868516284680343,0.009009009009009139,0.003457917415206735,-0.0016383723376450776,0.00694791903570624,0.00967517494362835,0.013267933322057335,0.016024036054081092,-0.00031728633649663607,0.013099821579490856,0.026238986018845445,0.008807606263982137,0.009868195403988311
2021-08-30,0.011548843407250375,0.00919767056745413,0.005343994400247798,0.0060917206237309784,-0.001558423959074462,0.010895722166300414,-0.0017805144945006735,0.007428008167288613,0.0017600553984651324,-0.014660672629806304,-0.011619403591451971,0.00430658828173347,0.0036680510810076505
2021-08-31,0.0061813882790069385,0.0037467267419202255,0.0017138419516375958,-0.0012630109164762926,-0.002816327915578065,-0.005649677186796209,-0.0031400382750228495,0.0027256525841281576,-0.0009504882053054109,-0.0008779906556709571,-0.007289268880850686,-0.001349146239944865,-0.0013922459634535533
2021-09-01,0.01688599436014515,-0.0002860860029015866,0.005039163792873058,0.00021606370066296066,-0.003606914386824478,0.0002512472631994722,-0.002758517855811604,0.005262240808503238,0.013031194141728708,-0.0061513354047013635,-0.015072047700546487,0.0003117620525883158,0.000513138276242886
2021-09-02,0.004357730018817341,-0.0007290467203119322,0.003630753680626597,0.01078179103529342,0.010154133369760565,-0.0004951916176260118,0.005962171052631637,-0.006968037162864871,0.008110877113097104,0.0028420753465752124,0.025280269058295834,0.0028425606033477546,0.0030191892702657874
2021-09-03,0.0004273082864938438,7.500340924604387e-05,-0.00047704865896325277,0.0010622784300906574,-0.006220559399580772,0.0038414314537842387,-0.0069301228099512,0.0011171234072264724,-0.008017389831465493,-0.005841231854394335,-0.005303154556885903,-0.000335026835208585,-0.0007332297807064458
2021-09-07,-0.011335260875279252,0.0036339835413952137,-0.010831521450920034,-0.005669938026258814,-0.0177012224162566,0.000268228831380668,-0.006492048643592208,0.004498378491474053,-0.01371695267366746,-0.00566967043060973,-0.005716170165988799,-0.003395488410139813,-0.0040357229061067645
2021-09-08,0.00554983217573346,0.0015624575419146414,0.007746846979667765,-0.0007767211002918106,0.001766233766233638,-0.004061683238763214,-0.010244242321525987,-0.004304658751648982,0.017889603831837686,-0.003360675320538409,-0.012962962962962954,-0.0013185753191903293,-0.001628585554058204
2021-09-09,-0.021184480137484196,-0.0027605572663021993,-0.006064716913378176,-0.011704110974184001,-0.004747747124847268,-0.004229028077443742,0.0006659183013375536,-0.0032773167840457473,-0.005839498823596134,0.002477067152491408,0.0012321133544286322,-0.004605599824548556,-0.004437367097457123
2021-09-10,-0.0123240031063242,-0.005720037816183465,-0.0033720043354342755,-0.00936802593632291,-0.004654609452793945,-0.00985315802186948,-0.0004943529680193626,-0.00895480621239686,-0.01382908956117579,-0.006504168725788628,-0.0004474898615578482,-0.0077226435922087555,-0.007880466586041357
2021-09-13,0.0048201832353345075,0.0014160042685347207,0.0016917066097394962,-0.00610000129100563,0.0026755385975525403,0.00034954849985435743,-0.00015218383807624747,0.004059014541860861,-0.0018504597235875497,0.011376582532372614,0.029407649906264766,0.0022765095613401787,0.0026345798434981305
2021-09-14,-0.003402170584833164,-0.0032788452999801265,-0.006031605613414315,-0.0011820254200410885,-0.012309441492447282,-0.0013722264282802765,-0.011681887366818855,-0.008823426020318603,-0.004055384971902054,-0.014104394732667003,-0.015493340581679726,-0.00574659914561837,-0.006245587889246229
2021-09-15,0.004096541835933554,0.006586116384420748,0.004018501287808229,0.006840452302150357,0.011182502672289152,0.008878877674871166,0.010953682670465259,0.007235068804085865,-0.0014833343028328727,0.009317519833926147,0.038155715074544405,0.008473908688851006,0.008652755167480652
2021-09-16,0.0015639343147586526,0.0044459877173632645,-0.0033443019273387,-0.00247347313084878,-0.006609746181100107,0.0006358496360123755,-0.010930210416071562,-0.002077464788732275,-0.008155894089889593,-0.0023915816326530726,-0.010584543375352307,-0.0015510969268194286,-0.0015846310352922721
2021-09-17,-0.009470789911402155,-0.0037823584835318114,-0.005255639705684101,0.000731580991842673,-0.010477571448617717,-0.01517126341746966,-0.02056179126316393,-0.012667160650647546,-0.015858565093536114,-0.004890522614671711,-0.007552951295559662,-0.009110924839340617,-0.008739100617223494
2021-09-20,-0.006271418779986271,-0.02367165864910281,-0.010499078790506156,-0.009755908211653952,-0.011498463720160723,-0.01860548669386919,-0.01940125410335547,-0.01854763776713597,-0.0020590253946465298,-0.02221187202878072,-0.030414646697180636,-0.016977254629493954,-0.016979975884085396
2021-09-21,-0.00048280856640359193,0.0008293260854412843,-0.001095275256362771,0.0014503642243490766,-0.007017585807022386,0.00031752672827933814,-0.001784067674297396,-0.003349961766740739,-0.00239220142335983,-0.0014454427489692945,0.0037430167597765074,-0.0008123495489623656,-0.0008747235069375137
2021-09-22,0.009143290894662481,0.013146808347666239,0.0025904250215869062,0.0008807009074482952,0.00963159162051519,0.013963006807852674,0.010060847038978249,-0.00010960505644652674,-0.0010790719980816599,0.015824190285065765,0.03164134246117878,0.009519566210937302,0.009881959888500935
2021-09-23,-0.005367888402625809,0.010172031038440554,0.0038687628161313548,0.007736830441527287,0.015454328642976245,0.013472403302911884,0.013936935862260968,0.00814820228003521,-0.005011102442537441,0.024953445065176938,0.03409673329556817,0.012134751708511082,0.012395994220517181
2021-09-24,-0.012065587295039815,0.0030753111030976665,0.002083531927062676,-0.004223557490184882,0.0015970689088262713,0.0006650289269412024,-0.0015098335261475304,0.006886303504765934,-0.0015380439699629322,0.005466380182001851,0.008399634798486932,0.0014610090402744635,0.00119095660390367
2021-09-27,-0.017084203201113368,0.003845919052561042,-0.005395047971081479,-0.014276806360258743,0.001066923040847989,-0.01007412141967401,0.007815875260201999,-0.0010798747345308612,-0.012051467923160586,0.01310455359668139,0.034301678867992846,-0.0027763563072890074,-0.001572945340149401
2021-09-28,-0.00619490955432056,-0.020061353009540817,-0.013868204238341786,-0.0170073406344311,-0.011477694623051482,-0.029847570482601782,-0.012802026500389863,-0.02796295628986345,-0.012229050108532813,-0.01583534958744348,0.004601955831228244,-0.020364114325326033,-0.019909413154785338
2021-09-29,0.0066609674431858945,0.0004550876733298015,0.008728905145897414,0.007695556285486349,0.0007819627264433748,-0.0010209908148640645,-0.0038884392949488644,-0.0021130676552363337,0.012999473830821229,0.0005515719801434393,-2.4896058953838285e-05,0.001569166228234442,0.0015270549940726852
2021-09-30,-0.015993772336435508,-0.014638886782959881,-0.01848799516510069,-0.012812240146349518,-0.021143851590524343,-0.006798420767737068,-0.015891887607498156,-0.004235084330187933,-0.008280118549298887,-0.016223027248385535,-0.014390280336603167,-0.011909731939276913,-0.012237937606580318
2021-10-01,0.010428278614837083,0.00616916954024993,0.002560944890704908,0.0006805975781507545,0.014114146801639915,0.014372120144978906,0.015967300257732076,0.017795851365467685,-0.0003697085464292593,0.015914185078450105,0.03298979488733966,0.011491477734391298,0.011973189804001194
2021-10-04,0.000925299832734261,-0.01066381186088372,-0.003559414301866237,-0.01488888888888884,-0.005319022063208112,-0.023640448762746402,-0.0045186990903144375,-0.021113595542685326,0.013838377612032327,-0.007375421565228302,0.01628600772729505,-0.012985880322420762,-0.012363395518269149
2021-10-05,-0.008604444444444526,0.005143447374523102,0.004818872047740452,0.005796744799677178,0.010994676514315849,0.014580815971554362,0.009377053096816468,0.01591462272982591,-0.001884784921720617,0.017749976185184035,0.005774783445620768,0.010524455523362564,0.009845859963217851
2021-10-06,0.009826776171861118,0.004180385741948678,0.01002369998605901,-0.0015631690193492753,0.004554025687551144,0.006861343215083471,-0.0026429980276133636,0.004607445632141438,0.01531995248682727,0.0015599650567827972,-0.010526315789473606,0.004102887438675262,0.003441128529169113
2021-10-07,0.0015271513300423312,0.015009015155206917,0.004209857969053932,0.012313912883661127,0.007673691045392728,0.009146387402998668,0.013467547363841259,0.003155384333149991,-0.005339572834173301,0.005856332938757758,0.0068907156673112535,0.00829828923697451,0.008824001283491256
2021-10-08,-0.011205673758865387,-0.0045678072467645325,-0.001525689309178846,-0.004747303585357465,-0.00023431550582853067,-0.003863554918473344,-0.005619841161433992,-0.0035112102702902215,-0.007328548163339166,0.00478476308454634,0.031240244927362104,-0.0019137407494954628,-0.0022264631043257266
2021-10-11,0.0017214173002439992,-0.004816139233964956,-0.0003579147336976174,-0.007506249577731161,-0.00758188316634445,-0.005295050083753972,0.00027473066582950345,-0.014498073040924875,-0.013458909311863776,-0.01010957173018534,-0.004074884738974549,-0.0068657858421348195,-0.006764026139623902
2021-10-12,0.013353859372762455,0.0068264584112214255,0.0003718137626176343,-0.0047447566014745535,-0.003282637445682912,-0.005093429776974023,0.0014321307358797775,-0.010465549348230963,0.006651884700665134,-0.0030825276726916817,-0.00025718360571402865,-0.0024167715692277048,-0.0017952961235644382
2021-10-13,0.005476064299593686,0.005666189899878882,0.002023566984196812,0.0008618213157138843,0.0018244283852624221,0.0056609917906151885,0.007522626650471986,0.004930558169295107,0.011380323054331898,-0.0064027484969158,-0.000958840037418196,0.003022536862308023,0.0029439543435887394
2021-10-14,0.013949402670414557,0.009853126196597506,0.011333818741327883,0.014289814662949096,0.018885104772716543,0.022821490833374147,0.024285436515652403,0.01719101123595501,0.012008469449485748,0.017068762278978467,0.012266204733256902,0.01706311013337003,0.016940662599304712
2021-10-15,0.0002772290951935652,0.017591018965528837,-0.0016980004346881516,0.004965671511059755,0.009644734856837811,0.007911089514217151,0.0025816739118054155,-0.0011046062078867713,-0.0022715724661505066,0.015082443479470298,0.0046481511458502656,0.0074601307719690535,0.006757954881292605
2021-10-18,0.0022172180841850686,0.011997045652651472,-0.004735273706984566,-0.007193810507120091,0.0009196247930844947,0.008495469204837347,-0.00043548234403112396,0.007114158280806526,-0.009646205925526563,7.611856227263125e-05,0.0010358162231838275,0.0033748045900920953,0.003317155270264882
2021-10-19,0.003975249749386345,-0.002873298704714422,0.0005605457801840519,0.013100761059676058,0.005696435134141753,0.009716824992122897,0.004924988634641636,0.008015518629675755,0.012613811670044495,0.00989465992814953,0.011451171560624473,0.00739335690054066,0.006953723118935162
2021-10-20,0.015493733645503438,-0.0015166201789611478,0.006094228246611211,0.014504442652126581,0.00625799378768499,-0.0028730066498804385,0.008161803513534016,-0.0017428561054428915,0.015593260843589585,0.007973832564589722,0.008320640189146689,0.0036640167447334893,0.003980706648070598
2021-10-21,0.0035939513121312494,0.013848622732345772,-0.0016026076327583239,0.004395561074645782,0.002201643288392674,0.004068330689458,-0.002318407030008407,0.003600916596951942,0.0002058944643801297,-0.003544137219422483,-0.01810475052420346,0.002995906256131331,0.002980927849969728
2021-10-22,0.00655405405405407,-0.006624544033350777,0.0076314071172054465,0.003748331894183332,0.003000792662212648,-0.003324591949328659,-0.0016866250632483482,-0.02283270513192237,0.004675782973092124,0.013251493231683398,0.00932261768082654,-0.0010725793335062406,-0.0009041243459526616
2021-10-25,0.0031214338457408175,0.021147124974590703,0.00018900274053978983,0.0009254371387046323,0.0022241038667796253,0.0033105203375940473,0.008954215239060703,0.004042726800682406,-0.004332045427935749,-0.0015551638846511562,0.0144462644462644,0.004748179277871856,0.004832778173556429
2021-10-26,0.0046173921772008075,0.0023630946265282837,0.0029289888914383333,0.005319599174387735,-0.005576082548551353,0.003238692342140581,0.003646647317109508,-0.004802186842007838,0.005644402634054524,0.0016169228030618044,0.0067950931802380765,0.0018197824144636776,0.001092205104621824
2021-10-27,-0.007260616153205723,0.0024151804018039957,-0.00520833333333337,-0.008121761658031024,-0.012132265482515336,-0.0018855189998178146,-0.014348212961589835,0.009539363794959232,-0.006665107577174867,-0.016928066823654997,-0.028600703880251155,-0.005051597996847845,-0.006029285099052761
2021-10-28,0.01466098567450591,0.013663699168546595,0.003828618585711041,0.008619226097971833,0.01287755429672277,0.010597457611958516,0.010174910663908188,0.003235532024413512,0.0064743967039435635,0.012383621079273377,0.006925017197890293,0.009829337739032606,0.010408241864047874
2021-10-29,-0.01193625181854252,-0.00024588458555829806,-0.001226415094339628,0.009490761721025809,1.132131010206372e-05,0.004336851198210034,-0.005026903241421743,0.008319284614820788,-0.006315789473684275,-0.004330357142857122,-0.006672435780652242,0.0019493431844783693,0.0017628953411916726
2021-11-01,0.002007830539102473,0.014554902504855693,0.0007826309894882755,-0.0013595669907394692,0.0030567191214763145,-0.0007754998449001071,0.0022641791882638262,-0.0066150547014138805,0.0039430320150659615,0.0008519033313902913,0.015864646140443472,0.0018000686154020507,0.003452999258033218
2021-11-02,0.009351100424139336,-0.006209597215315776,0.006916822845739912,0.006286925250449604,0.003024830699774217,0.008156123442505159,0.010996602068630734,0.003183198565731127,0.0004982707075444903,0.0016724905175760085,-0.010065220825528742,0.0036803672564356127,0.003441117083297751
2021-11-03,0.006021903848062671,0.018394931230102385,0.008918050348152295,0.006324226702148827,-0.0019129495431425836,0.005990622156903935,0.011043194031504555,0.006346195929681331,-0.0032224989014209005,0.003950624645934653,-0.008343782058588767,0.00646129593037692,0.007113705929032932
2021-11-04,-0.01141259661239935,0.014881281399319546,0.0020837204363868267,-0.007559135011731888,0.004182732417867374,0.015356949062930392,-0.0010776452537946124,0.0038416932444187424,-0.00573108008817047,-0.013408966039528902,0.0019310788753763575,0.004181891914508462,0.0035833216078045016
2021-11-05,0.002262292900392593,0.0075282156797482624,0.005469981325245454,-0.010294061265958776,0.009913662441477955,0.004313017502149519,0.008356189431340422,0.007473463787999179,0.008867868755542352,0.0006923540036123388,0.014156896037445854,0.0037328581257503046,0.004477179470403048
2021-11-08,-0.00016596959437031877,-0.013820732901272725,-0.00936561462669272,0.005313551169562336,0.003924315190323657,0.005764652108361856,0.012312546466716201,-0.0016126142268410026,-0.014503369469674787,0.0051890623589927465,0.008846153846153948,0.0008877005575269603,0.0008653899838086954
2021-11-09,0.003585538328740867,-0.013502813847540707,0.004015690446114162,-0.0037441397469654136,0.0025358507280881515,-0.004290229807092261,0.0042453337154730875,-0.002620244077530587,0.004340716515534249,-0.005461537310529563,0.00394698481756417,-0.0034987345002870374,-0.003356297473944392
2021-11-10,-0.004895960832313362,-0.006803687079785847,0.002834174314964244,0.002636549407904365,-0.006295977201935199,-0.016761412986092905,-0.0071348304585912015,-0.012523842084428027,0.007045380539356438,-0.002001023079469144,-0.029687046261755334,-0.008225815057894437,-0.008302393701375088
2021-11-11,0.00046541005950584413,-0.002530008889220503,7.923825623001868e-05,-0.0023081473099474392,-0.004179449557600856,0.005282848927841588,0.008497565707920929,-0.004701337512299841,-0.0059966489314795535,0.003105543243935749,0.0031078778949307218,0.0005509274303756584,0.0009876961282313523
2021-11-12,0.000631334108655901,0.004487043661427714,0.00015846395605256802,0.004253207627418876,0.008126088315399294,0.011854098106445665,0.0070721105885707125,0.016843647015744923,-0.0018630785154517548,0.0018335111738980725,-0.002593349092327779,0.007222639253044116,0.006766090609229947
2021-11-15,0.004781829049611552,-0.0002667791688897303,0.004832384900777642,-0.00640412738951579,0.0015501129367996302,-0.001147683348374673,-0.004563706153927871,0.001872524306806067,0.013065892391562084,0.00021001785151741892,0.008306488725264405,-1.0677258507119092e-05,0.00011201030494811803
2021-11-16,-0.0064776257518671665,0.01375210222230483,-0.005978582221930151,0.0038427011282686774,-5.527549305739399e-05,0.010736520535427951,-0.003216348289648896,-0.005067931852490881,-0.0055859386424123025,-0.0016647919010124301,0.0009356244722851237,0.003865208849406221,0.0036585934947965804
2021-11-17,0.006453329785110817,0.005870649811759776,-0.0019299405155320803,0.0016277005031073433,-0.005627356248134374,-0.003929876166734569,-0.00634648982065833,-0.0018062931252483816,0.0013528615963767088,-0.011102097229733765,-0.01744106515890742,-0.0026016294752068125,-0.0030966086091298584
2021-11-18,0.0002974616604969338,0.014898304465839729,-0.0035759694850603374,0.0005845060923519441,-0.002679504569611524,0.01021396495553395,-0.004395564964656096,-0.002135282834497376,-0.005345394736842035,-0.004770224078997298,-0.0053600018562777185,0.00338475516511072,0.0029010111563001484
2021-11-19,-0.005550966462910756,0.0033880620285198226,-0.0029375016614828775,-0.00645148865693479,-0.005261925731039785,0.007656772757443919,-0.0016218261762744879,-0.002865225591179521,0.005787515502273521,-0.011112637572316064,-0.039075257780058825,-0.0013986489646171663,-0.0018230014416593665
2021-11-22,-0.005017111340000824,-0.005289044804484555,0.007745324143815235,-0.004671357407299737,0.002812986809221263,-0.01144779128490736,0.0015342129487572187,-0.012366784272360376,0.005959720509658872,0.014278437244338749,0.018135029496734623,-0.0031971323723489764,-0.002664952151995581
2021-11-23,0.010953048821211508,-0.0062844714675382995,0.006958224197687546,0.0008828302499188645,0.0017210549843540424,-0.0020629936629410484,0.0008830738177623143,-0.003977461054027076,0.0011673719538889404,0.015477567419492244,0.030425866755686926,0.0016570786727996278,0.0014855231564099292
2021-11-24,0.012783246350003274,0.001608261384797638,-0.0028507619548082674,-0.0003956260620289198,-0.0012718388111654377,0.007085334268601917,-0.007418477771575671,0.002107598447032677,-0.0006413059320800052,-0.002278006744098837,0.0097884944693849,0.002293900697124096,0.001977759534293577
2021-11-26,-0.026907145885652795,-0.02640919462520075,-0.013952017706809872,-0.004476885644768891,-0.02730116175156394,-0.026005511855847874,-0.017650793650793695,-0.01859641354881547,-0.01607210570836859,-0.0327460081414388,-0.04040149414487704,-0.02272485568312821,-0.023611783546236498
2021-11-29,0.013339589757340065,0.0162567348887388,0.00519747741969967,0.0037801023234596,0.0023542652395607266,0.02639730732337897,0.004930565814743826,0.011203849913527186,0.015652792600498122,0.003121457301259678,0.005922529493241679,0.013200221128189193,0.012091391082122094
2021-11-30,-0.02116822120791151,-0.014190800993233998,-0.027341725040873066,-0.019283835990001053,-0.025515289696497523,-0.009566525200893627,-0.0248258880170531,-0.02996728138013094,-0.029217746643316,-0.024104405981979826,-0.024975072408717658,-0.01896130621854386,-0.019437325695334184
2021-12-01,-0.013414881394877232,-0.018628197273227953,-0.0041407018694653575,-0.0018934754543349364,-0.014308556916782234,-0.012553900265485196,-0.010929373633828177,-0.019816021464162503,0.0016236206741033765,-0.01102527087266214,-0.00944728512296078,-0.011815195971097037,-0.012154929712797857
2021-12-02,0.026680823372264184,0.011672857296008754,0.00802766456712356,0.00397986189879207,0.028889392511659562,0.008422011624362513,0.019756896814510094,0.016149845540218255,0.012157416023774514,0.028327612203650876,0.028489258148566954,0.014194423271231882,0.015280911991284674
2021-12-03,-0.0040699226047503645,-0.018388769760135593,0.013980778131721605,0.00253701464729561,-0.0004405337414067345,-0.016502961634604962,-0.002316674451191103,-0.004656353421073067,0.010172608102497094,-0.0154114931053847,-0.007480700748070168,-0.00844858097922263,-0.00882361394533382
2021-12-06,0.013800495745963648,0.01117644817557184,0.016003222125260175,0.005153450241526691,0.016376520801197003,0.009728116916977836,0.014775004213404275,0.014691668277595271,0.015325445524206449,0.014068441064638781,0.01531496821421685,0.011730928977641941,0.012507490962516243
2021-12-07,0.01747835855415314,0.023594207267292333,0.0022860314230215284,0.01250942468447791,0.010327159859869983,0.03505591846506384,0.01511348957372216,0.013031053534006576,0.007518144753202449,0.01801337332833386,0.022768238307560917,0.020707063007576743,0.02031464793034976
2021-12-08,0.004676083779834306,0.0027854298703609004,-0.003704680290046114,0.007427169063606964,0.0027219950755608124,0.004464049696008443,0.004017524405097284,0.007484861022304168,-0.0011480067732400068,-0.004557941099737617,9.275577404688207e-05,0.0030852936469836223,0.003274700598802305
2021-12-09,-0.013639742719544823,-0.016965951849245986,0.0005822493350446933,0.0024489008870034468,-0.0030750515324570182,-0.010944402959298105,-0.005522361035668943,-0.0076905846337639305,-0.0020113208631439283,-0.0026208682782435933,-0.009066035985902388,-0.007181129964413446,-0.007824302900307667
2021-12-10,0.005079136219156677,0.0048048197570205176,0.01998333619880177,0.003693231000057695,0.0038867421417758674,0.020704174759864857,0.00662721893491125,0.0017306245297215028,0.005671839461031336,0.0013911645593098765,0.00758125277862276,0.00954911139915815,0.008825934524536727
2021-12-13,0.01317162232655189,-0.02442952354996164,0.012032570924744634,0.009243820949679682,-0.010410804727068124,-0.016211073058988723,-0.0067463690788402975,-0.007286111319762645,0.012138562839965727,-0.01148431711533715,-0.027728106639418493,-0.009136209099282255,-0.009400913071834438
2021-12-14,-0.012742952760973036,-0.005841269841269869,-0.0006277866038025826,-0.0048042839781242686,-0.009701450099516618,-0.016415270573739482,-0.0011289970136207916,-0.005183111380145267,-0.00633591672795164,0.006246096189881367,-0.003773855303699891,-0.007470598440341258,-0.007279841235503848
2021-12-15,0.014765319426336188,0.014209988504279014,0.01183287822263246,0.021058991890602563,0.008900679897096753,0.02752914553573227,0.0028074525103001235,0.012625974519870686,0.016823228010247604,0.0031346989447547102,-0.004219712771823758,0.016348409288555077,0.015936028499151877
2021-12-16,0.004047152539106369,-0.022297786593621027,0.0055114917771077465,0.005780634873175039,0.0005122542602478131,-0.02863669285196946,0.010416666666666519,-0.005783603109625446,0.004899078973153115,0.012081928158163446,0.006573086461368005,-0.00874337823922211,-0.009148644489830104
2021-12-17,-0.0030071339454237345,-0.00488200741962086,-0.016973072415922164,-0.006744537482039403,-0.016998134073635707,-0.006430607803775357,-0.013151976394811027,-0.006837154837003756,-0.015182750167149539,-0.022683154242391868,-0.022436970769745934,-0.010287726483131143,-0.009468413523078034
2021-12-20,-0.00715546285897628,-0.016523630150285462,0.00038454636347329263,-0.0063538581449728015,-0.01653973471608139,-0.012282292377644,-0.01823154056517773,-0.006237638825498437,0.0004526038867358473,-0.019049406465537433,-0.011696192620142987,-0.011388032826621375,-0.011801372075787353
2021-12-21,0.006334432163402459,0.02495508479595676,-0.0010891292091640414,0.004210698059690321,0.01960715084324871,0.026014879397123103,0.013073351903435393,0.016878444580526786,-0.0016682217886730966,0.020136796288324543,0.02889329041842048,0.017777943178882483,0.018519230769230788
2021-12-22,0.00950606975399837,0.017303926289768512,0.005233520183686169,0.01169802595811964,0.003278120851849753,0.013289147866063278,0.007717124317190294,0.007791034664458518,0.003993429251161196,0.004891847961990381,0.005751136992564465,0.010180180373954517,0.010158034854521159
2021-12-23,-0.0036266463065469656,0.012433728856349191,0.001850268607960004,0.004064262286981313,0.011631519000448565,0.005644747937368688,0.010131878126421245,0.006909172393188001,-0.00033851448559907293,0.005490147285254432,0.0009809551153221463,0.006223704157936716,0.006261565204388697
2021-12-27,0.020434227330779153,0.00832242378904069,0.010316894232728746,0.010470173539127714,0.010496986239053818,0.021814331562056033,0.014730245624144489,0.009087200029672449,0.004966560374749518,0.009590100541376767,0.022396443339627536,0.01383895602639984,0.01381974886692916
2021-12-28,0.004286608260325453,0.0011685059816377574,0.006252994125210964,-0.002812631271345789,0.0051095629860558045,-0.0059083624567976,0.005554569653948516,-0.0028670146291260856,0.009322438435402702,0.0004749502068330802,-0.001145555711413504,-0.0010101874482121298,-0.0010168559912054898
2021-12-29,0.006418045300183639,0.0013709288969581124,0.004209576787190805,0.005976910444025263,0.0016348102612335769,0.0007316046745007299,0.004288512786121412,-0.0030595694485402447,0.005118931701210361,-0.0006584891502426915,-0.006319485078993492,0.0014019033292591576,0.0016964850663463427
2021-12-30,0.003560040863077818,-0.0037864772194675655,-0.003218803802679804,0.0016203816089721546,-0.003912669222943865,-0.006773717716474281,-0.003655150599233714,0.0011462377518949296,0.003432145921558716,-0.002589720800515005,-0.006760098928277003,-0.002989739331450192,-0.0030301920647416436
2021-12-31,0.0017582824356838778,-0.0028846987161234017,0.007059176930009015,-0.003944426603975981,0.0044106259048517504,-0.004875554484402911,0.00467388620409892,-0.012114049342591082,0.0032549030425068626,-0.0013059042234478957,0.002513754505786281,-0.0026262207741385435,-0.0023782632250717306
2022-01-03,-0.009607390300230945,0.027570836127045695,-6.214267959248065e-05,-0.009793663925251939,-0.008235004916420818,0.010243990246935786,-0.013710654284359913,0.005570509944668789,-0.009403095873085632,0.0124453879761246,0.030964659128542404,0.00637407735335227,0.006304996134162799
2022-01-04,-0.0038242701240556176,-0.006706259779962309,0.0046982785407994054,-0.013828310255433629,0.020324699467096252,-0.011426257390459216,0.013046883343419413,-0.0033089192103210596,-0.0032473840517361907,0.026028292282679777,0.034577702315122805,-0.000629617892823231,-0.00012805385579295336
2022-01-05,-0.032178526841448174,-0.026434397562147605,-0.0003216508109311622,-0.007088973469298709,-0.009584488146373138,-0.031296289013855616,-0.0008082227883684512,-0.029394210683378108,-0.00047337937179781076,-0.012484080206142778,-0.0007318695941450626,-0.01939276609770646,-0.01970452362438846
2022-01-06,0.000999709761682066,-0.0032799995001905335,-0.0020666526414792052,-0.012089614976818264,0.0045264507497631,-0.004820736270204851,-0.0123617436564738,0.003535741737125342,-0.010530714584203849,0.015461212003059277,0.02290432119315522,-0.0009637108612128298,-0.0004479241515101817
2022-01-07,-0.005476804123711321,-0.016510380102296662,0.001550099206349298,-0.004547013323511151,-0.0002885650547718166,-0.01009949927423659,-0.0008724139158922117,-0.0031403186274509,0.007545682349297644,0.011474731960894324,0.014515394128750803,-0.0040502124125595396,-0.0044345690999224585
2022-01-10,-0.005928085519922188,-0.005952760321729422,-0.007280381353308996,0.01039234449760773,-0.011501526505689696,0.0010233446198859575,-0.009925690967086509,0.00023050326546303346,-0.006399329327930747,-0.0029930939831509518,-0.002694726036186257,-0.0014410854751839564,-0.0016316885162888095
2022-01-11,-0.0015967673607717447,0.010348276569552617,-0.0014343265525025295,0.0076083319126905025,0.006334302945900205,0.012109777015437473,0.01112311015118772,0.010216623137194514,-0.009196760040499408,0.00836188969920637,0.034139646594613104,0.009160030747555226,0.009082882476705523
2022-01-12,0.0028722501468763095,0.006339556548336844,0.0004621418400738708,-0.0026067776218166028,0.0029574902626028354,0.0043554892722774685,0.009523300936309598,0.0035738727092997635,0.003548213119872745,0.0004066398478004274,0.0018870272063702398,0.002817696321081753,0.002308458452402018
2022-01-13,-0.00344984703508433,-0.020778025110196108,0.0022347345160362853,-0.01631609368717335,0.001836026171718519,-0.026508951622428945,-0.008058117186535818,-0.013979390816790449,0.004525654805679569,-0.004093779487551741,-0.006022974231605027,-0.014243549462058636,-0.013233778174017163
2022-01-14,-0.0117896799477466,-0.00448205247092448,0.0018560502254665323,-0.001686136002197136,-0.005720124843113128,0.008864313943007796,-0.008354664391353683,0.005340607830330191,-0.006504477107619588,-0.010072445811407649,0.024446110278194322,0.0008199131578892072,0.0006776215483652592
2022-01-18,-0.007105324035823979,-0.01919917200336374,-0.014945229835751639,-0.013876537838996228,-0.011885877700574143,-0.024854218138459228,-0.013211199942637974,-0.019911335320645263,-0.012017118725731968,-0.02295617858404997,0.004044879873165597,-0.0183878958147915,-0.01873483437729251
2022-01-19,-0.012115563839701693,-0.0180580654522432,0.006841274850110324,-0.00441811882858234,-0.011011373143102632,-0.013728751444760823,-0.0021072135733618547,-0.0019107038409046373,0.004589919389540897,-0.01653278676171388,-0.006579346923902274,-0.009689520243122751,-0.010092587267812925
2022-01-20,-0.009164420485175295,-0.01942451841702253,-0.007246104278711751,-0.0058257361997170465,-0.01237997256515766,-0.013301749271137031,-0.01432654324358762,-0.011368963900609486,0.0014277963391302606,-0.006252298639205511,-0.008986794913596441,-0.01103742532143781,-0.01166719919443071
2022-01-21,-0.0004080522306855183,-0.03099484903282368,0.00016416421472675857,-0.010625118803379574,-0.009653112955311016,-0.01931816124418373,-0.02493258966497991,-0.03884607785022731,-0.001824973623428039,-0.020185664939550985,-0.019534864592543832,-0.01891481307149878,-0.01868215839178644
2022-01-24,0.0017349299224385106,0.012130037393879745,-0.0035478902047927363,-0.0036636588888446786,0.005341093697041943,0.0033231178229886638,0.00024623077505880886,0.004317079187566852,-0.01028424510784176,0.0023922315428319685,0.005494851198590611,0.0027717522294530283,0.00411304894727893
2022-01-25,-0.0026488267056067327,-0.018109691793020022,-0.011340454378429121,-0.006622824807665517,-0.00933503836317151,-0.023361424943878162,-0.008578083281259086,-0.022352315061202832,-0.015673257324289258,0.004678840024493258,0.03960953632438513,-0.012171976789799865,-0.012447678985096577
2022-01-26,-0.016616159896489457,-0.0032363610498614692,-0.006715710147899401,-0.004444652694570728,-0.008249527676402524,0.007212244990240535,-0.010180304072121449,-0.007872367153804238,-0.007096357984868851,0.0026567066214506774,-0.0017254524296778095,-0.0014966314315554285,-0.002295402148415837
2022-01-27,-0.017520168969218486,-0.0227138116815927,0.005767593094371692,0.0013917931270968076,-0.009264737203303675,-0.006906201364779152,0.0036084364085444687,0.0029122525640483676,0.007826343768458255,-0.009211490204024453,0.012440710668060184,-0.005383994684971971,-0.006296606492366408
2022-01-28,0.033797356828193736,0.023037268532040356,0.011661470961782827,0.020774023741741532,0.006843343564510107,0.043349029949143025,0.005671986156508213,0.029164211766686376,0.011809523809523714,0.012726529071230841,-0.006014888337468882,0.024347568825681787,0.023843130883353547
2022-01-31,0.012545169427967462,0.0380994525612568,0.004818788201577551,0.006682891534565583,0.01103150502941741,0.026830879883880776,0.014396329222827742,0.023962379881414808,0.018506719184430143,0.008931761343336841,0.004413644352132984,0.018886018254227865,0.019132159682618388
2022-02-01,-0.007373240859201435,0.006263536044552875,-0.0006310103738105255,0.0028422827123870675,0.014184480371682628,0.002387583161033602,0.01669870707527621,0.012779042370512528,-0.01276765149145509,0.014349057765734807,0.035432366333286947,0.006862951356977565,0.007065418377873334
2022-02-02,0.016585829121867013,-0.005254311405067158,0.011832600899126078,0.01252272268228638,0.006686487049269552,0.008138437630451634,0.0023357555983982703,0.030874176885769433,0.014603375770493754,0.006587335316617038,0.0037830052808449643,0.009422549895085064,0.008552377270970357
2022-02-03,-0.011010276257840679,-0.03570373728423537,0.00013728549141966973,-0.004530157075474661,-0.016731593523402477,-0.030662486472944117,-0.017736267800998795,-0.06831395348837199,-0.004371894960965239,-0.011535329774721714,-0.010387970615243436,-0.024391094221877574,-0.023714846931442657
2022-02-04,-0.012617232305512482,0.03735335389524819,-0.012029549765398828,-0.004059496182910016,-0.010670250686612537,0.00473840078973331,-0.017171584040970855,0.0014368995812463758,-0.008012317869464769,0.01655149268530809,0.015774517195383808,0.005156964694110977,0.004848365884777772
2022-02-07,-0.0008883422167554889,-0.0021698378801506824,0.001035719698883275,-0.0012916123086109677,0.0006969711288569158,-0.006573893781596563,-0.004252955037452932,-0.022383470667814542,-0.0019545846507615927,0.003301419610432621,0.013055476258444942,-0.003701786234065696,-0.003398968588842033
2022-02-08,-0.008002188632788565,0.01500856747662005,0.003293209175562195,0.007902672351045137,0.010045920836727174,0.012752872633112089,0.015680012313138425,-0.0010064159013712937,0.0010656068198835467,0.013835292709922564,-0.021228231669515818,0.008401224834796661,0.009212434826923799
2022-02-09,0.023786541643684656,0.01111879483111644,0.00017606740866504822,0.008156659444960246,0.013674294663518882,0.02307520214771941,0.02129110471283524,0.024514125005246967,0.004372968152133394,0.005915937624478174,0.005105468225177878,0.014517177775713597,0.014644188937227964
2022-02-10,-0.028621455990302413,-0.017755367511968823,-0.010323278300996996,-0.015740024176063128,-0.01654521975741363,-0.02751831835584284,-0.005656947844795535,-0.01409431720408083,-0.026066282833490995,-0.008462395869998751,-0.006779078427253671,-0.018115705073705524,-0.017811339535239723
2022-02-11,-0.013449805879090393,-0.028247661956447567,-0.0030746556893835875,-0.013379512905154378,-0.015029836922752282,-0.030060213226922206,-0.01522075693421121,-0.025391680172879516,8.823269903834863e-05,-0.014525123138136697,0.027935860955164094,-0.0189694676826343,-0.01822203599582939
2022-02-14,-0.010224877020379552,0.0058235922220972736,-0.0028674840058113826,-0.010893547516020896,-0.003999285841813971,-0.0003275081049055606,-0.008656122738895822,0.0032406617772471336,-0.007969650629337854,-0.011121951219512094,-0.022425886093706215,-0.0038405482229827426,-0.0038410766925054407
2022-02-15,0.003940501970250976,0.020777896508614946,0.0018149052287164125,0.011413047097130757,0.0151292438963182,0.027350364426121043,0.018858190989338608,0.012580754845290754,-0.005484243915453657,0.013721085544289968,-0.013852217502774322,0.015766743077059386,0.01630034075284459
2022-02-16,0.0024752475247524774,0.002661539724677864,0.0019647117359631316,0.001316716372709692,0.005179822237918685,-0.0017377906768425433,0.006469760900140731,-0.0019728005372733337,0.001758674138547578,1.4972749595720813e-05,0.00760544798416829,0.0008812208263346832,0.0010293915805572595
2022-02-17,-0.009664902998236413,-0.025691767034016877,0.009091256350509891,-0.015950766964949126,-0.01857469110499499,-0.030645537589059857,-0.016974100987516283,-0.029608445136055983,0.0006248698187876212,-0.024105765919537725,-0.0008472291754920702,-0.021173137043269175,-0.0211248983909037
2022-02-18,-0.004594671605641754,-0.007045804734556627,0.0011103960833300786,-0.008178155505221607,-0.009128987219417906,-0.011008379402148383,-0.001876457097367279,-0.008711480951761774,-0.0031818722493159868,-0.0011813620951532933,-0.00786278666409701,-0.007166241273349194,-0.006973486743371726
2022-02-22,-0.002397395069238306,-0.03041460352391845,-0.008343941819281775,-0.002539695371287287,-0.009237179950381869,-0.008813376564056119,-0.013824534751234241,-0.009793634137810425,-0.0007458011395841124,-0.004178059045805038,-0.015286896390971694,-0.010142864698185927,-0.010458122172629536
2022-02-23,-0.013199426111908164,-0.03418399266706418,-0.008236206261042045,-0.005105831183391252,-0.018768157341339742,-0.025625141648409788,-0.013151813910498467,-0.017264217590957198,-0.01716622880343921,-0.01772327626099035,0.010139066969129251,-0.018412176288573612,-0.018204958509392632
2022-02-24,0.017846757778423816,0.02542877157039225,-0.01708339207217824,0.004582173647410315,0.012375655017776932,0.03466094992944524,-0.0030439618334016094,0.03127106078986386,0.007320555268673479,-0.011667530346571087,-0.00868987873225413,0.014956809844988816,0.01494394723469572
2022-02-25,0.024890190336749773,0.018870419203901756,0.03120110566391987,0.03028009595567127,0.024032696213993843,0.013686927916012559,0.035797467363435365,0.014812878490829018,0.031391351546951274,0.03157075216880112,0.02738160901426201,0.022372746986266234,0.022704050353537397
2022-02-28,-0.0177351916376306,0.006041468408455319,-0.013149742694938626,-0.00751642989256629,0.007014315417154693,-0.0016078358898539147,-0.011753146139601767,-4.2931352767006103e-05,0.0042978686080168416,-0.014478244127839823,0.025712313532998632,-0.002442612295166069,-0.0021480667399340625
2022-03-01,-0.0022702280869782987,-0.013407765181373876,-0.006021858063524288,-0.005828707375099107,-0.015283661433673879,-0.01994335745886011,-0.023135755258126278,-0.012150094453031057,-0.008355167394468732,-0.037071188559818724,0.010318721375829565,-0.015473463284818578,-0.015799749687108844
2022-03-02,0.018309809080243378,0.019437080079898195,0.00998981683187461,0.015408340977678403,0.021943724769536654,0.02189039315826058,0.022391857506361523,0.007084184449563269,0.012095235299298457,0.025546556733156978,0.022239902307251036,0.018642627244987553,0.01932917586498073
2022-03-03,0.010962921583688168,-0.02292822993779886,0.0071725757459735195,0.004877058838932635,0.0007900384406764882,-0.012431475327421393,0.0011678217253130452,-0.007767995857068888,0.01720087019579397,-0.002991121591466528,0.00273308114174009,-0.005254711002293466,-0.005469225625517771
2022-03-04,0.00821936731592765,-0.015116711513640024,0.001444573977393615,0.004925049348212696,-0.0022622035276237407,-0.017832010780056806,-0.004226025432641833,-0.013961377870563618,0.021928823999087577,-0.01957204990634631,0.028537906137183988,-0.00793401612012401,-0.008519904866079897
2022-03-07,-0.01798314722203187,-0.0479860802606249,-0.018689105403011497,-0.017127261647769565,-0.02691276673633991,-0.03698227107120533,-0.03429734608441837,-0.03744872303824276,0.01308703295476743,-0.03657411155184975,0.015654340920657983,-0.02951809594651711,-0.02981781376518222
2022-03-08,-0.008824863092538937,0.0005599670241640542,-0.026381958144752526,-0.021125878046367563,-0.006346933326860982,-0.004273977806974583,-0.0050111358574609355,-0.0011456328475849542,-0.01605795185368808,-0.005495244177057712,0.013857930295647414,-0.007233836932796112,-0.006342979948671834
2022-03-09,0.014745213963963888,0.029319632183193223,0.006621902605056462,0.018980944937067035,0.01814873166501796,0.03982321987822535,0.030098329202973728,0.034500160572555894,-0.0077541079976486404,0.03614457831325302,-0.031785257775884035,0.025698324022346508,0.02571236587363246
2022-03-10,0.0035720478585052895,0.011599193493577298,-0.008946544397226641,-0.0002843369988561051,-0.0011995441732142176,-0.017559014187866984,0.001804353730938013,-0.0074947891259036226,0.007250465496811964,-0.007991128216836785,0.030681218095405693,-0.0042918454935622075,-0.003981780029684301
2022-03-11,-0.009295735710830089,-0.017923394471442755,-0.011509817197020933,-0.007904171021126172,-0.007986548970155494,-0.018009010340883425,-0.0073980826958459645,-0.01881143878462921,-0.0037251771559811964,-0.007167751693299196,-0.008505115023995424,-0.012961554353542182,-0.012753581485211551
2022-03-14,-0.007290104293836475,-0.017505586889432823,0.005654042438893336,0.006827076291244127,0.003220338983050741,-0.018965250842878145,-0.0013267516047840155,-0.018124686916526245,-0.0010683159966263789,0.012468538879321978,-0.02890362587201789,-0.00742095611408311,-0.007630250351324586
2022-03-15,0.007027406886858767,0.033878766778848046,0.022141798320001183,0.01928947455550767,0.01551903072430183,0.03427805283860086,0.010999316205919651,0.022447938407309298,0.012495778453225359,0.013100008177283406,-0.03724923284318071,0.021408493905025416,0.020769521252045342
2022-03-16,0.011304954640613873,0.033509436221320854,0.0013457191758450282,0.0122459851359078,0.013178534081186521,0.03321619616571003,0.015846023034706613,0.029258335223406817,-0.0016955748276629157,0.02881541988183245,-0.004292794369622377,0.022383840279651235,0.022772114436040658
2022-03-17,0.013628208666850883,0.018637048192771122,0.0059497403512436264,0.016064128153620016,0.013417623532447465,0.00689676022326613,0.01946050829401913,0.009343323049801677,0.004566337185020197,0.012286014655348287,0.03484198060839305,0.012347803738532281,0.012207619966240646
2022-03-18,0.0021103509309370327,0.021793213255050237,0.0026719240447221626,0.00651860835291429,0.003958104276372998,0.021877181525435274,0.0059524920229143685,0.014365557593223333,-0.00898029324537819,0.002914096165173463,0.0009119030164321806,0.011662250349640857,0.011305996446403288
2022-03-21,-0.0052308005842193195,-0.00758250319995557,0.0011771706509366986,-0.0011860832894043938,0.0016945830979746557,-0.0017666222256501607,0.008532739751437646,-0.006629073221126935,0.006768284156062121,-0.0012518932954158624,0.037907749473007346,-0.00043467350194470455,-0.0007655915667145186
2022-03-22,0.0005463174787447844,0.024456407452580375,0.006550810775889815,0.00015707562877365078,0.0052938062466911795,0.0142205379153022,0.0051682913371342565,0.020063266455778495,0.0009167430619216876,0.016000990390120817,-0.006609294320137793,0.011304184094790948,0.01087383599858538
2022-03-23,-0.010340238200866714,-0.012309187073643035,-0.008857282226386931,-0.017690220122625333,-0.009146690477825903,-0.01503328435907203,-0.003897458417961186,-0.012446898895497105,0.0016652789342213037,-0.01841443911354801,0.017395522905260474,-0.012272780670315009,-0.012758597234503455
2022-03-24,0.006379310344827749,0.0073293061405452775,0.006164844842770467,0.01147293563900531,0.007451909190687944,0.027078092600299808,0.019637018259304195,0.016862390846130726,0.009947353837628237,0.007556714148279076,0.0012772479564031602,0.014343931206577842,0.01400618122403996
2022-03-25,0.012335103649134815,-0.0008596382642184208,0.008083616517351455,0.005159267080588226,0.006284403669724714,-0.0009072555340795541,0.01102563640621912,0.0038495706248149464,0.01481522126807322,0.013075015785501964,0.02277404541202488,0.005066192347173759,0.005202822725463685
2022-03-28,0.012827889659841052,0.026719895378050085,0.0041243168701159405,0.007359508862861519,0.0003076993207822287,0.012293169663687653,-0.0045973734385859055,0.0026970080067425517,0.006163994701127384,-0.0029795384755708643,-0.02564273123357841,0.007144963967017803,0.006566432013287216
2022-03-29,0.02847212939446586,0.015418959957631317,0.009193911417998635,0.005532382546144854,0.008977499287952106,0.020628645380892596,0.007679776588317422,0.013911070017651461,0.009269957277588059,0.00234806208642091,-0.004437465865647083,0.012256530405287291,0.013018409969588696
2022-03-30,-0.005653756173641833,-0.015138611050591888,0.0015498601345731444,0.00221071326552158,-0.001490464415162096,-0.013625009987736858,-0.003339847219754888,-0.005512953367875717,0.00835951227304177,-0.007058107696988114,0.01170883905917841,-0.006293721392175655,-0.007064795348220576
2022-03-31,-0.011763936997581714,-0.019473902958960676,-0.004252374661885883,-0.01182848999318431,-0.015661928509233092,-0.015929926637105463,-0.013493280096966154,-0.02013171057019003,-0.0016897243637131742,-0.02320914271707819,-0.013928662204524267,-0.015652532890091164,-0.015441400885090828
2022-04-01,0.02023675682825221,0.0021330562183374813,0.01252100521813837,0.009054370113054322,-0.006996300806470179,-0.001657074958483662,0.011347005149516587,0.008847675358373275,0.014545646884586816,-0.002101598155612394,0.00852336191638181,0.0034102873691344016,0.00371019771575809
2022-04-04,-0.0031438387243145627,0.023277232383460467,-0.003194489505602749,-0.0074755320801614955,-0.0017469370755579527,0.019122049149473908,-0.00042877816089903487,0.02281064215541595,-0.007924508628330162,-0.004746412686438162,0.0006815587248036881,0.0080908782936564,0.007219241014554401
2022-04-05,0.0006177455538576293,-0.023514430673431397,0.0006759970957161965,0.0017968720652132841,-0.013942006814546937,-0.021911572785889954,-0.007900051832919197,-0.013851100667821026,0.006647748173840062,-0.007469403868930136,-0.015086243593454673,-0.012551716914267819,-0.013098888463012548
2022-04-06,0.01549909020015594,-0.026320101593544032,0.013886108887109616,0.015486628877125597,-0.007639598979819695,-0.02545585326380151,-0.011169762372313485,-0.021110275060613692,0.01996815536007923,-0.006570992172086787,0.005428487457427966,-0.009716869386889204,-0.009845329294223992
2022-04-07,-0.00860717371132369,0.003898717490235848,0.011771092959553808,0.018549176241791754,0.003079364703374221,0.002317582628463599,0.006303860659172544,-0.0073023871546311625,-0.0025079332582660374,-0.0009769535066225243,0.013566724555943432,0.004253372460194527,0.003785093009345042
2022-04-08,0.00332429641105092,-0.00969497160658539,0.0039512195121951255,0.005782442402160637,-0.006045363843528939,-0.014344624447717225,0.005540166204986097,-0.007442140583326262,0.0029760377648930803,0.010051620763730673,0.02756760424795579,-0.0026509873983658894,-0.0026278513163678907
2022-04-11,-0.013510470614726322,-0.018944977747056946,-0.0046887906321364525,-0.01966862511864853,-0.002946032952803934,-0.02604742551474759,-0.00453735213093498,-0.016772851384735277,-0.013838440681434583,-0.004777398619157158,-0.031087484109557417,-0.01687728929567678,-0.01594577652405582
2022-04-12,-0.003456484168650298,0.002013041634014723,-0.000195269594083336,-0.009473968036081803,-0.0014058832640321262,-0.0035323762805343772,0.0003255738238645556,-0.008110729084016555,0.004072316032474932,-0.010669175810155584,0.017243729552889775,-0.003417540503973915,-0.00308555958116008
2022-04-13,0.004122901737508622,0.02511246798160327,0.006884597544005278,0.004287358170727007,0.009664141263497017,0.015915476694507547,0.014627972154416469,0.013065505288418766,-0.0016791526737277573,-0.0008059966148141751,0.013601340033500886,0.011174658040455254,0.011561732462708862
2022-04-14,-0.005833088930165986,-0.015713255828603057,-0.00042431442911528006,-0.004632510118215194,-0.000957163958640983,-0.024463429881225185,-0.003403785151655514,-0.018204948236532736,7.762970630098565e-05,-0.010438009195773201,0.004147937599153773,-0.012144137417661627,-0.01165659915511863
2022-04-18,-0.00275337616362914,0.0033634838012344126,-0.008126038495591348,-0.011177195056288225,-0.0038204958364875807,0.0032001491331634657,0.0008225595908659677,-0.0015638264599436846,-0.004890291865038421,0.006129968371971772,0.015091420765926511,-0.000204890508788802,-0.0003894742098167203
2022-04-19,0.021200368130423364,0.029113897137511335,0.014710018219390886,0.009294436481758428,0.018071502356894253,0.018396357892780824,0.009290857438939204,0.02067484113487872,0.00611040328661705,0.013189875879054958,-0.009630350194552384,0.016057599693967584,0.016484175191815886
2022-04-20,0.01850719366571174,-0.013559765579268412,0.014641376650920579,0.013431891751106928,0.005434845993258941,-0.001322872000729891,0.00688629644709593,-0.040687478077867434,0.00795989042228773,0.006860926305015447,0.004141701862947267,-0.0006185275905885579,2.9485188606903634e-05
2022-04-21,-0.006320313487549023,-0.012321977101368398,-0.001057019679568616,-0.01106324652437829,-0.01001055574243992,-0.017273405502519656,-0.01675516016737577,-0.02413162705667271,-0.0159222603969027,-0.015359689947106903,-0.0310406103783889,-0.01475294038502506,-0.014968206075735457
2022-04-22,-0.017745833863376137,-0.02374271072627665,-0.01594340744263456,-0.03630209880209889,-0.024863496824690134,-0.027938089225263196,-0.03728207420652663,-0.03297115024353703,-0.0168312446262473,-0.030004839490240354,-0.024312273912677762,-0.02773997077607282,-0.027597629357651643
2022-04-25,-0.004791815061840343,0.00776159170552293,0.004083654508330481,0.0066453075140129325,1.2015764683237506e-05,0.014388460542306802,-0.002916047548291112,0.015255714839209622,-0.007208162183649169,0.001646432729087044,-0.033402310743231634,0.005697858972138148,0.005622819618305019
2022-04-26,-0.014867590604463521,-0.049867804695807205,-0.014800197335964604,-0.019007041534850444,-0.021928507059176927,-0.03711268933442269,-0.015479760818136179,-0.031627152602203834,-0.010410271467848231,-0.025486061531820092,0.00044600645817349793,-0.02814632738377887,-0.028232389192719087
2022-04-27,-0.006571777682375157,-0.0007107911710663162,0.0026991707072805404,-0.001170320667862934,0.003538083538083603,0.013584739401455437,0.014796034208733877,-0.026157635467980334,-0.004612521241874279,-0.001022250996694729,0.014800813153108328,0.002098103084882119,0.0018479436377190073
2022-04-28,0.018482813642709983,0.023192814389382033,0.01426344125313661,0.013513513513513598,0.011445989619038421,0.04037302079224658,0.015605772457769396,0.03884870251403716,0.011056311311040234,0.012978817750793015,0.031348843747803334,0.02474689050564538,0.02430384522674167
2022-04-29,-0.048958809321757335,-0.05918590720170391,-0.02664857269812304,-0.024759152215799607,-0.02622756375343438,-0.041351856365261175,-0.019716913587046303,-0.035740371037639385,-0.030072366657732608,-0.034093778937621,-0.024722279015879534,-0.03628454810495618,-0.03552426946058773
2022-05-02,-0.025465028485139762,0.013606885980426808,-0.012905613818630535,-0.0068029898910073605,0.001690364919956222,0.015613397901533599,-0.0032960653220218683,0.024238751704287242,-0.010445451530894156,0.000209168554993866,0.013679006306668295,0.005675313957399952,0.00572859203937881
2022-05-03,0.012466544583744188,-0.0029081941277744328,-0.0023873806309684387,0.0033684322202478523,0.006998213222155991,0.0018039567845065108,0.011217376599462536,0.005373958487403074,0.0037140463557665537,0.012617197030427407,0.028660554253412407,0.004837102743912469,0.0052002025231003834
2022-05-04,0.0108869565217391,0.0285289839855023,0.021650608296893914,0.021979910124239943,0.02869781655084047,0.03512967876790296,0.032442677171206746,0.036779129070223515,0.02217399771860995,0.030186211406739494,0.04114798867425051,0.0298624349775356,0.02967564561318814
2022-05-05,-0.025324295495991467,-0.058152284878137395,-0.018947523331820704,-0.019606068052196557,-0.02662753788105654,-0.049275806575216574,-0.031117270174933376,-0.040866521615741114,-0.010724006532389807,-0.029151353157367277,-0.013935600148045624,-0.03564975338184306,-0.035699363057324796
2022-05-06,-0.010202280509760908,-0.01306313177946028,-0.00042502125106258504,-0.002961467938317086,-0.006460584282936721,-0.007947767209414702,-0.013652828085817803,-0.013068349935891121,0.008006383095801484,-0.007175428030628872,0.029130016156143412,-0.005674159064547379,-0.006235336391114066
2022-05-09,-0.046187317212354584,-0.04256357690242585,0.0005002376128659947,-0.025700393609631944,-0.02405340797899347,-0.03936655995579896,-0.032391713747646045,-0.024384150302303453,-0.00772443158555558,-0.024576241810808086,-0.08302939963845102,-0.032037134944001844,-0.03205291815552158
2022-05-10,-0.02284710017574698,-0.002973914521199772,-0.007562310942226369,0.0033202064095601003,-0.006472491909385147,0.01576178433379294,-0.005858310626702834,0.008399487836107555,-0.012433294823128271,-0.007977967306325495,0.009338359907308025,0.00245788276325154,0.0019336834472303277
2022-05-11,-0.0016454921169447578,-0.03566558718254653,-0.0034510120029723756,-0.006408651340944371,-0.00927380724276683,-0.032978745550305,0.0002936627576890505,-0.015084564985524906,0.0076875940059049075,-0.010030269921727952,0.013655210225131054,-0.016463178415666024,-0.016525209991885448
2022-05-12,0.007436084173406465,0.007953691838628485,-0.0005940118549599971,0.009249295064772234,0.0013795948890520382,-0.01138790342024587,-0.0018788898892236894,0.005105198019802026,-0.011553983083641861,-0.007074234227714471,0.0009803424437571095,-0.0012960017076728558,-0.00037909619008336115
2022-05-13,0.025529810143438914,0.04098899653675869,0.014214173706307953,0.010527736536644738,0.01236062112121128,0.0344483688196533,0.015333934664104376,0.025139808116566575,0.010934004474272951,0.013684402332361456,0.033839347528748176,0.02386974310955492,0.023981350317334504
2022-05-16,-0.008013652890109135,-0.021165670007580073,0.004538653366583434,0.006911980766662218,-0.0016788339734946645,-0.009089416450201893,-0.0018733101583621181,-0.005905610329813404,0.0032640867472546464,-0.007783430101921507,0.026231114740710382,-0.003946429947140562,-0.004019476487696405
2022-05-17,0.010471987433615215,0.026786098419336213,-0.01151879251278487,0.013815287680318367,0.02279155094656904,0.029115860135106475,0.028636108585027964,0.018224840155062205,0.01025669304364607,0.02692126526323424,0.011443395775970533,0.020169610355263545,0.02094406894590639
2022-05-18,-0.029461840254644933,-0.0659767032598676,-0.06380280275252403,-0.025971816980465467,-0.03752973854987984,-0.047410856937615375,-0.03175140605308202,-0.0340667490729295,-0.010289020496165646,-0.027979676804742115,-0.027505900865460342,-0.04039522115020122,-0.04003256596214211
2022-05-19,-0.0020212035695218455,0.001291978072261113,-0.019757226208839018,0.002169415936811525,-0.009447392260903409,-0.010735072961224557,0.006838271005342289,-0.005835380835380932,-0.0022060445621001623,-0.006951250499110717,-0.0028154428659267206,-0.005833809077192775,-0.005579609873677671
2022-05-20,0.011884290572815148,-0.015322443347281722,0.0026545524205685567,0.01259960726756093,-0.010713352495427153,0.0013712313043783286,-0.002161035753564744,-0.0022139841416950468,0.0027083793942075385,-0.0012062505711413207,0.004299993509443656,0.00014612424662696633,-0.00011221833198671316
2022-05-23,0.01216012084592144,0.006369948403417869,0.02097548992848952,0.008041511407032687,0.016336502905441197,0.02366838018155959,0.018466595765251892,0.018112389700191134,0.012127225621520354,0.0323336200113451,0.02678816667474515,0.01855506797629536,0.01790083275347354
2022-05-24,0.012051339452279652,-0.02578871698420304,0.016614759466937468,0.0025475030530643927,-0.0012214613355511217,-0.015667671004551464,-0.006056578697550941,-0.037050177394830186,0.020124176243123904,-0.0023574872376629363,0.00405973155418482,-0.008120792702107527,-0.008423652381004842
2022-05-25,0.005640552995391568,0.027826506650330707,0.0003681497843694981,-0.00017682423670872804,0.006387989019424056,0.012096266482574114,0.004660846975224953,0.008789936312437518,-0.0006139718640719716,0.00801307677273777,0.019636728361202893,0.009450764687376267,0.01028543471250809
2022-05-26,-0.000989808636996825,0.04777084443320678,0.011316439724515126,0.004152829360634547,0.019947255474830117,0.02449539906908904,0.018195645973951846,0.02066158822915587,0.0027245045141299773,0.02249092255085139,0.011435246380375519,0.01988322907058282,0.020108300865086193
2022-05-27,0.0282191479211773,0.03467296405147069,0.010929884982779914,0.017175360891318325,0.02046972635207922,0.034386449762368265,0.02294965640872415,0.02622431244249057,0.014837506659563182,0.017858989829339755,0.016670212442634558,0.024742227391912897,0.024588660516804195
2022-05-31,-0.01341898643825834,0.007646813827571819,-0.007276373640500822,-0.013736580861133496,-0.008508048489666131,-0.007035668165828124,-0.01597269126156875,0.004034869240348682,-0.01378061264666508,-0.0033702537005046995,-0.016486555161950855,-0.006274289122320975,-0.006581441388315623
2022-06-01,-0.010996961365938418,-0.008423715362740558,-0.013131313131313216,-0.014233510195588939,-0.0062009094667216935,-0.0033185344634287794,-0.010277149111416084,-0.0069458225838460175,-0.001623549451719386,-0.01672132819005223,0.017629179331307032,-0.007482787410912017,-0.007409448902362725
2022-06-02,0.014667154352597134,0.030262861716229272,0.013739075663333544,0.00778348713415955,0.018933091312459016,0.024395132426628496,0.026821862348178183,0.02577937649880102,0.006024899362853553,0.01413684046800201,-0.0029868578255675127,0.018431056049039052,0.018656557026911713
2022-06-03,-0.012436465880826364,-0.028508079851754742,-0.010420307301981735,-0.01138870162256267,-0.0035999703095233038,-0.024760520525956342,-0.009802310935874248,-0.023670368205727543,-0.004372366642817371,-0.015337161943388855,0.013975434391851227,-0.016347364741597592,-0.015882667449442778
2022-06-06,-0.0029201343261788804,0.010278536682881478,0.0005493930514859358,-3.310315605487002e-05,0.004022695951231059,0.0004217197979019538,0.00971500202779918,0.00977751172303698,0.0044980304482060696,0.003824786694588189,-0.0011374883665962177,0.0031373675320187644,0.0033662860064769262
2022-06-07,0.011531703031190332,-0.003710116250309148,0.0041966270100666225,0.013029833551821302,0.0135654840664301,0.012155143835868909,0.007229839519471426,0.005088429997035959,0.0057762115471236,0.006879073135409142,0.03138310459062943,0.009523393579413009,0.009735847454028113
2022-06-08,-0.024320509572581583,-0.006802383316782512,-0.01223783051906624,-0.00781668692731008,-0.018288516909862884,-0.011111515460290877,-0.02100817488082085,-0.00024576062914716257,-0.019837192760610023,-0.01703737949692652,0.0015056353781295329,-0.010793908688002896,-0.01137689921665519
2022-06-09,-0.022886605586260433,-0.019563732106850695,-0.015012323549182138,-0.022910216718266208,-0.019685577580314417,-0.02724451368359082,-0.023902980929457418,-0.027531956735496577,-0.02437778852873196,-0.02605999372887835,-0.02302306601950077,-0.023798705952956634,-0.023504887102092087
2022-06-10,-0.023992103864550862,-0.04162488314778623,-0.0037333404699460004,-0.01633497829193975,-0.029576197056325304,-0.038907103825136624,-0.03048236878544741,-0.0284630940343783,-0.007686162153227372,-0.03654086925415856,-0.017044038982926613,-0.02911031355312088,-0.028863015041442952
2022-06-13,-0.047802411513029996,-0.04657184407477033,-0.021839281157240098,-0.030073538986628567,-0.030268589643099864,-0.04467644023022699,-0.03922757865080606,-0.044335744392985266,-0.04627984453081624,-0.029498579835520844,-0.05128816793893132,-0.03876837415339185,-0.03928759687314243
2022-06-14,-0.010089457130019186,-0.002464657738095344,-0.012879838521427489,-0.010648596321393922,-0.0025056916921500916,0.006207966890843242,-0.008389842588632956,-0.0028314729104275127,-0.025849270806043156,-0.009430353112207746,0.0006600452602463225,-0.0037737056722930706,-0.0037823955171608636
2022-06-15,0.023314351737228733,0.030227029042935172,0.0008207097052401746,0.010220406530775383,0.010088459720440257,0.021707577860181626,0.0002875038504979166,0.023644405613498787,0.006783206334976866,0.01237810176692089,-0.02124886138769355,0.014592502168395916,0.014261273085216075
2022-06-16,-0.025525222791241586,-0.04759405232721248,-0.006574192472341145,-0.015207324401710909,-0.03377366563268802,-0.04113005219188093,-0.03652302449239353,-0.03451402965966077,-0.019648581265582332,-0.025712432762369897,-0.05583992554676609,-0.032511959134456814,-0.03374810809561768
2022-06-17,0.0064139700405529965,0.012191413747885571,-0.004099335431969164,0.00020101368328862002,-0.0023524202252787063,0.00986438788779509,-0.0010654165778819502,0.013149897784408004,-0.009476233726914862,0.003112886174086782,-0.055675464387077045,0.0022008470670371594,0.0026903577577961357
2022-06-21,0.018831462522100217,0.0282197876475061,0.026860723216543425,0.026442342200083235,0.017837328007101583,0.025358253159434074,0.014654436860068287,0.016196760647870345,0.019164348809487475,0.020219763061849916,0.05136326824439852,0.02447725615264873,0.02357584936260526
2022-06-22,0.015456636668146562,-0.0013786554913399751,-0.0006703696609845489,0.014230172160608845,-0.005341909460085725,-0.004103911947541783,-0.012950154518889145,0.002146613716861756,0.01034668905950098,-0.002563464886270239,-0.04190417501155452,-0.0013015334188627437,-0.0014446489736001933
2022-06-23,0.02006994674509177,0.016200994733762464,0.019576973098774708,0.02215925152198328,-0.005260994656802298,0.014366586652134972,-0.014014610977401976,0.010870729356324382,0.023479474012289003,-0.0045647212259536385,-0.037447964124278754,0.009532193760987795,0.009298798273247089
2022-06-24,0.0206490824794483,0.03739158599345016,0.018610271903323206,0.016302991467404215,0.034928242844944,0.03572300684180374,0.03979003305035311,0.039360067807384436,0.017575406032482643,0.037976146895050356,0.015350348027842298,0.03056329085577736,0.03085299455535373
2022-06-27,-0.0026338893766464366,-0.010849580240060996,-0.0022409406678003396,0.003902516725071692,-0.0024886215432115,-0.006348621178931646,-0.008060662719434952,-0.010499490316004056,0.008065895228866138,-0.004362191862191889,0.02782347994588874,-0.002973101484249896,-0.0023548936933703857
2022-06-28,-0.01389314145744025,-0.04028828702445364,-0.013330514856455755,-0.0173608356472299,-0.01148689213528109,-0.03006497036212563,-0.010681299348650253,-0.029205727825280636,-0.0035907150329383963,-0.009247347912821446,0.026999146272054464,-0.02014302160708281,-0.019681676145943405
2022-06-29,-0.007607219095672302,6.395146997029144e-05,0.00491416941163858,0.008732860583715807,-0.006194833589764359,0.002037103754408909,-0.007324766602451405,0.0026529421128032027,0.00045400374553072886,-0.0063980730509398676,-0.034325101312735806,-0.000711753084481459,-0.001352978272086136
2022-06-30,0.0003128788767647883,-0.01541131868633816,-0.0005862836280297046,-0.0033415148200517386,0.002797582671284049,-0.013276398549405766,-0.012262481073126996,-0.015558025083346583,0.010976232344432457,-0.008825590424423768,-0.020373027259684373,-0.008759227302603145,-0.00867997749635474
2022-07-01,0.018610470344449848,0.019651505873183872,0.014292380507966218,0.012152766159632344,0.009073549924838664,0.002492172598697273,0.006693151394766339,0.006773101112723667,0.024800112217702397,0.014330753797649809,0.014389279437609925,0.010553762105785847,0.01059751450643387
2022-07-05,-0.004913061835489119,0.022785178714420873,-0.005665312775214537,-0.00589102593770463,-0.015286333561487564,0.012407448956697431,-0.020010294685368635,0.02664317368786384,-0.034328889375564664,-0.004747103701610578,-0.040137159357516716,0.0015841770513915776,0.0014211057119282167
2022-07-06,0.00011571841851476528,-0.0024021352313167155,0.002141554080850261,0.006584373087871409,0.006092242272256465,0.008846929503800727,0.006171623662267756,0.004212606615352721,0.01009213323883773,-0.0025173660401643927,-0.017410596773587028,0.0035731157621645693,0.002655069810025168
2022-07-07,0.0006556618327677732,0.02484616070632306,0.0007650907555929454,0.004644985661993006,0.011866863544615969,0.02063608525071281,0.009222403480152241,0.019835309959086445,-0.0009542252532905859,0.014611005692599655,0.03509376195943359,0.014964578110208349,0.015386020179884108
2022-07-08,-0.005511659279244574,-0.0001653381600473791,-0.0018849023277883736,0.002663615018842602,-0.004605395274114854,0.0007188732200356096,-0.009978663333261473,-0.0021328458257159344,-0.00325870157597552,-0.0019824200486254773,-0.000129404370170505,-0.0008302114989416909,-0.0010004496402877816
2022-07-11,7.75133710566589e-05,-0.027624742160369697,-0.0014394569681602798,-0.0023154525299434736,-0.006684509959516416,-0.014220883966017839,-0.0026776384535005526,-0.027989821882951627,0.0063977903666749825,-0.008301476650925621,-0.008874590936823967,-0.011527473598367033,-0.011567327924744908
2022-07-12,-0.005851805921562758,-0.007294827385587621,-0.003107890073266839,-0.013274074463678787,-0.0032225742681506464,-0.013370045686807441,-0.0021173029489445216,-0.004816753926701556,-0.005124901982748953,-0.00650025509722052,-0.020314511164586935,-0.009243908956706903,-0.008640415286363057
2022-07-13,-0.005457451370210031,0.008601723951383144,9.286406028219396e-05,-0.00937487506829593,-0.01200825907411418,-0.002189248358063889,-0.005490419109283495,-0.010732323232323315,-0.004391273750879665,-0.009281625045171826,-0.001370958528504329,-0.004456897454697795,-0.00431767029534702
2022-07-14,-0.009994904558460305,-0.0006436502118679632,0.0016448677473270834,-0.003685892046410011,-0.0058296210746301425,0.009259341341252503,-0.01889365445947422,-0.010529674537332445,0.00014136673358033924,-0.0191595154447195,-0.018990962132479194,-0.00299859539478875,-0.0035521520505605864
2022-07-15,0.01698471771319965,0.017058770909741394,0.003959740431730863,0.024465492449047055,0.01583503899983385,0.017584618289935516,0.01620858180513829,0.021659679673223797,0.0020353932266634622,0.0350746706856393,0.01898931000971804,0.019201241036518768,0.01924768518518527
2022-07-18,-0.010783664888854294,0.002181236092421157,-0.009853711300769064,-0.021495739731533847,-0.005990225041863528,-0.010271770326668261,0.002228154161794782,-0.010942185280656602,-0.01399311628956712,-0.005275797515269742,0.019627291281210102,-0.008363619420370894,-0.007823944221750367
2022-07-19,0.02837465564738295,0.03086576857255685,0.010831046335029626,0.01804174046562368,0.035829235889499156,0.03075138560022328,0.031058771736737878,0.036327854901335055,0.0067811158798283255,0.030701087369781943,0.03161478599221801,0.027628333137554417,0.028120493510655376
2022-07-20,-0.005319352493207252,0.017648260714103303,-0.007288303130148277,-0.010590865791701987,0.007378122148911093,0.015581173982019969,0.0011528361905168705,0.01011086019297891,-0.01361298206724082,0.0032092071045204396,0.010154861640010004,0.005895816028186118,0.006345248299584716
2022-07-21,0.010118497999384468,0.022470406157192535,0.003637715408512765,0.015056797288171886,0.00682531140483289,0.014067433703521592,0.014031346625439811,-0.002083227478278493,0.002909991932695588,0.006397882080414696,-0.016928158546655525,0.009861360135356989,0.009568478224798449
2022-07-22,0.0078842125309464,-0.006570065700656991,0.006865442616011297,-0.003853272647033723,-0.003063605668322311,-0.013802452400024645,-0.007297121106975335,-0.043380855397148754,0.013674624378752664,-0.005900513326391632,-0.008819823603527954,-0.009332449768064022,-0.009302478469528586
2022-07-25,0.0006802206938252287,-0.008483091469139614,0.004572029166392877,0.00549479614372439,0.004694528716392865,-0.006127251900447828,0.00430030080921906,-0.0028209495422609754,0.012583250673090518,0.006541953030247516,0.037140751658069515,0.0013151152429682345,0.0017363991284824465
2022-07-26,0.0020392749244710906,-0.033051466923613826,-0.004734315943659029,0.005497649031664054,-0.005284325337428841,-0.015837957452515483,-0.006581028918559606,-0.020496397117694132,0.006073497718939613,-0.013875196260999756,-0.008775046184453683,-0.011543193070554847,-0.011095899485503491
2022-07-27,0.005464686816914366,0.03850217766667541,0.007805416485985761,0.006474777797398357,0.015793261367353706,0.04294261684232947,0.012527337197698385,0.05111438068770102,0.0010849607744951584,0.01540341392972211,0.022042220708935245,0.026156259165274642,0.0256785271689981
2022-07-28,0.036995389632294984,0.016676179368191102,0.01586804876458703,0.005464906979615325,0.02071310799670223,0.014327770723003175,0.01685994086438658,-0.00736170874591735,0.0352924829790191,0.006983189293658487,0.004488708093701721,0.012133382708562568,0.012343663259641424
2022-07-29,0.0030000722908984923,0.04266640630720797,-0.007213266249101569,-0.0035157562753663774,0.020040383644623905,0.01546989348597938,0.013198325462456806,0.005640570324332961,0.008321030734129486,0.01403248293469006,0.04514034352744023,0.014207733466259809,0.013988796060342201
2022-08-01,-0.008901221665645664,0.00511896122542943,0.012062055591467447,-0.007283316470801937,0.0012495669817389476,-0.00203360804880659,-0.00814149925708818,-0.004206699558556237,0.0010115799281245064,-0.00892793371902012,-0.02182917459999345,-0.0028230463236237346,-0.0025661689854088454
2022-08-02,-0.01301723511017372,-0.007033779220073422,-0.007370693509446635,-0.003697775454872154,-0.01052774654326627,-0.006939479161701345,-0.01009624263815645,-0.0017732345885053125,-0.0022072706964869626,-0.010683914672816264,-0.0020660098690387096,-0.006662409587654183,-0.006878441878760855
2022-08-03,0.004089301503094722,0.025160084753051315,0.005842534682006573,0.009239404848556232,0.009753112629094618,0.026907892368430497,0.0012852671075271882,0.02481713688610232,0.006796375266524546,0.014896833057128633,-0.029668411867364797,0.015638481713144525,0.01508323074452722
2022-08-04,0.0012474775270592264,0.005422555083550051,-0.007881269191402196,-0.004938014918002942,0.003128942096020104,0.004152254526191168,0.0004761806173785299,0.0018353301045117565,0.001191264063534092,-0.003445243948393073,-0.03595359006912113,-0.0007773448499099889,-0.0013287775246773048
2022-08-05,0.0031514529663967394,-0.01657437609041945,-0.001495924894253653,-0.00029383341604205526,0.0021082220660577633,-0.002393383864636167,0.0036213889578677882,-0.008752735229759279,-0.002961396086726631,0.007850622107784089,0.020393978746364727,-0.0016257460367924415,-0.0010665483959534372
2022-08-08,0.007050228310502282,0.0029619345134790365,-0.0006457612233300436,0.0022533849761272595,-0.0007627765064835978,-0.008791610447279496,0.005464030186189461,0.0036962883104882938,0.0011933807149675513,-0.0018044414271166653,0.004911450491145164,-0.0012375789770792123,-0.0006236984259543332
2022-08-09,0.007363609982588448,-0.01535811242107532,-0.0008012613404326796,-0.0029456232730306064,-0.003705983747845365,-0.010022909507445443,-0.005065212041669986,-0.007160759040458209,0.010621672449871555,0.005655784650629991,0.017748207341871547,-0.004248730694724312,-0.0047599906915737344
2022-08-10,0.014403514457527633,0.028735003749062793,0.007424077810543661,0.01118983502836679,0.022195034540713365,0.02773407935457528,0.028773419626110464,0.027664726186182875,0.004534255910258356,0.023172207588809002,0.007098164992901834,0.021290634013103604,0.021522404557435593
2022-08-11,-0.0055021121010967455,-0.00660537084981494,-0.003209654641160631,-0.007142487783437179,0.004642446956416579,-0.00483883405305352,0.0027648107707409775,0.00010026067776225389,-0.0014089284316538553,0.010175682727430857,0.031881939368626266,-0.0007054229687617486,-0.00015606629696296448
2022-08-12,0.017168760708166753,0.022959164176366675,0.009209170530654287,0.013118233367837906,0.014669249930805428,0.020743495864086414,0.018780843539589753,0.020150375939849585,0.015389439030125684,0.016340938441670172,0.008027793705939867,0.01732239670855429,0.01723240858290498
2022-08-15,0.004772432185844,0.006089132952295406,0.010529002616297634,0.004890179799251992,0.002348253042055104,0.006259038408253259,-0.0009021199819576609,0.004815251572326984,0.00813133652411091,0.0001863648685280772,-0.019809268863978602,0.00396948705068767,0.0038157006362911083
2022-08-16,-0.004190968462962297,0.010901529778702068,0.012073755998989633,-0.002653809015276898,0.0044606938331204216,-0.0028629841423118974,0.005849445480419879,-0.0006356968215158743,0.0027056000816785275,0.0068603370881679115,-0.0033967159389615142,0.0018756661407353103,0.0021808472693549685
2022-08-17,-0.002946024620348542,-0.011210037611659618,-0.00233353299391037,-0.006296324792900987,-0.007762713062325455,-0.007043718720328052,-0.013972640165485939,-0.018495865342271323,-0.0015018837185621914,-0.005265814266487201,0.008066864199222534,-0.0072377589891293725,-0.0077383797195472726
2022-08-18,-0.00745717401245205,-0.00038632412594163945,0.0025391186881635885,-0.004335987404988972,0.0032528432699385768,0.00492595823793196,0.002592673224216746,-0.00039882347076136693,0.003416188655194219,0.0012853687824512239,0.02528118522545797,0.0022695154935377104,0.002725968436155135
2022-08-19,-0.00963957897721246,-0.0209959123002601,-0.0034684100209601,0.0027477156373534317,-0.012685189567851585,-0.018287967245431913,-0.018082040349006956,-0.018253453693082622,-0.0005081429914377544,-0.02020167896897107,0.00023199549265906505,-0.012899942573545653,-0.01319420313553965
2022-08-22,-0.020969762032564065,-0.02843044220914792,-0.011054911485589902,-0.013823723292876733,-0.019452035092765718,-0.027811674570197287,-0.015922158337019043,-0.026670053340106636,-0.013752256030910681,-0.021911148654472745,-0.00248508946322068,-0.021400124867564707,-0.021448915126093815
2022-08-23,-0.014547315325852406,0.003211439287388762,-0.0045321618918610085,-0.013899537992725919,0.0018701184408345117,-0.0025342199130897747,0.009765066394279875,-0.007098121085594933,-0.006288983968245732,-0.0037718556119571423,0.03620661019764149,-0.0022378014446627903,-0.002085009102070212
2022-08-24,0.00712139757427388,0.003723002391133212,0.0023908537128176643,0.0011762829458910051,0.00325744821023366,0.00039822233549435815,0.0024480051792508117,0.003784693019343921,0.003501582196399733,0.005201514454548528,0.011989100817438647,0.0029161509713642175,0.0030438978862410426
2022-08-25,0.015578389128273251,0.012920097152922638,0.004554623767777599,0.011018844879887801,0.015249352449746345,0.016762467358766964,0.02262406910331194,0.020632593213238293,0.005944842203210232,0.015171782596451688,0.00761823307675269,0.014091582000449021,0.014359126186901383
2022-08-26,-0.025384392225123342,-0.03878682948503831,-0.024829502399595804,-0.027969089560176186,-0.0350833063830297,-0.04279892102244487,-0.031359778961910334,-0.03863519753719857,-0.015442328939592409,-0.030340857866084092,-0.010704349329602847,-0.033688010821315006,-0.033419505483050505
2022-08-29,-0.008706652775710588,-0.005419579026229138,-0.0014246121169736448,-0.007051624102505261,-0.004394349412845444,-0.012765087220597549,-0.006866200770155428,-0.007845439504723273,0.002453155175113464,-0.007599055929051635,0.015443770059423656,-0.0066664037893761074,-0.006751073053943846
2022-08-30,-0.014525936491254443,-0.011098556786947933,-0.009908694749948155,-0.006598325249818071,-0.014762355992219756,-0.010788237341221474,-0.017089282783522064,-0.007907477138246355,-0.014604810996563633,-0.004234005369079141,-0.0336410577374433,-0.011028107408059928,-0.011281216069489619
2022-08-31,-0.003466006474957206,-0.010534333824935627,-0.005789887346083211,-0.006306620924834028,-0.008656036446469284,-0.009624324663902506,-0.012126651499655638,5.4221113701569124e-05,-0.00681620036458741,-0.008793515234855387,-0.009391191709844704,-0.007817046982559583,-0.007829916210013055
2022-09-01,0.003516281914080377,0.008656413280264896,0.007114811984505476,0.016510929187684154,0.0013659109477124343,-0.00477012077539829,-0.01383900274667238,0.010518325742788992,0.014178171468092415,0.0036325800445400347,-0.023014056881333622,0.002996207332490508,0.001992296453712239
2022-09-02,-0.0167580743449115,-0.00838725916062466,-0.013919778120829895,-0.01435815391290185,-0.00989253343191876,-0.012904514242980447,-0.0008998393144081795,-0.018564223629144783,-0.010727587473115419,-0.008293774212909777,0.018102121394632853,-0.010736478566116592,-0.010460851891127665
2022-09-06,0.01014874496436291,-0.0033079505445017254,-0.0063417093427441396,0.00020633588731300279,0.001570808708975635,-0.006788430826449421,-0.0032809383912679735,-0.012628471462934443,0.0022536256860301584,-0.002879413113250906,-0.010829197751996422,-0.004095039574340209,-0.004442906419888093
2022-09-07,0.019211595981287077,0.030757603141481793,0.017704550309762812,0.016682253273187397,0.016287649924796588,0.015923373640185368,0.027302065404475107,0.020486130336083264,0.031400455002380756,0.020232489699823386,-0.01154580945261241,0.018340971140093032,0.018579774172207575
2022-09-08,0.002069302833063613,0.008886586435004284,-0.001705544331033093,0.017734190057490773,0.002782837482291134,0.0033830480708518795,0.009801252382248826,-0.004394769681514865,-0.001179819949216343,0.017415446744068808,0.004957983193277338,0.006610768693449787,0.006693086745926946
2022-09-09,0.00934895246677181,0.019054390330607962,0.00961993376439052,0.008293901855494612,0.012916897926232407,0.019736646300760663,0.014932492689300414,0.02528610354223426,0.004185604601597115,0.008487791047949722,0.023814700225771368,0.015271405678227268,0.0155060799580089
2022-09-12,0.008555592753785035,0.01345767731032499,0.004126314693325028,0.006446084893224402,0.006052303860523134,0.016348467096677366,0.008827676400269713,0.004464760284894176,0.009589321331765044,0.008679914957918422,0.018147960600467083,0.01058426104401855,0.010595912389895101
2022-09-13,-0.0383948659314719,-0.052159745435352844,-0.03306931463164853,-0.03273127349408633,-0.03786547174015309,-0.053466524450278885,-0.03540683424821245,-0.05635516985924427,-0.026899014715939362,-0.03766091243228176,-0.024514679929407923,-0.043236562775976095,-0.04277037826318597
2022-09-14,-0.013884627186253495,0.0129606017076358,-0.0010591232068641876,6.77048070412134e-05,-0.0018397725372135687,0.00438180186974213,-0.012263497196614903,0.0037010037570794907,0.00806892423019856,-0.002479862430989188,0.028485905068912354,0.0033869946525153516,0.003061133621265366
2022-09-15,-0.02240373395565931,-0.0066602931803697585,-0.008857752546603925,0.005456638006905434,-0.010672303567746066,-0.023725068827727847,-0.013372451474371272,-0.010559249120062675,-0.025252394846239312,0.003139290121216387,-0.025378194262321352,-0.011317761485652666,-0.010942060347793325
2022-09-16,0.00031829394445770376,-0.008373167367103918,0.002545666273984004,-0.0027067790675752157,-0.020571681692636345,-0.004764851485148602,-0.015643854507843447,-0.005928853754940566,-0.003655532303780018,-0.009677827825111507,-0.021658162009615012,-0.007182129262947479,-0.007528751753155705
2022-09-19,-0.002147800493198626,0.013434163701067536,0.006550601709909731,-0.005421499655670736,0.013328544634662265,0.008189659001074823,0.01628650234227913,0.004373757455268246,0.013160343498258564,0.011160632740291554,0.0007714625924497565,0.006857148758303566,0.007246704501775003
2022-09-20,-0.025709502551020336,-0.016879354514329536,-0.005340561429874935,-0.01158094100236906,-0.012352485593142393,-0.00505713505369898,-0.018976435617972687,-0.016061531500961457,-0.01440642384801094,-0.014541973011543363,-0.0064350711377004766,-0.011272112803181633,-0.01159436556484661
2022-09-21,-0.015710019228408978,-0.0237202279479809,-0.0034265979548335768,-0.01686068472923319,-0.013370903001142964,-0.01602776966058317,-0.021956306949171167,-0.022933670536843254,-0.013765009718043508,-0.021080803636896905,-0.014640152473477275,-0.017116493297336777,-0.01677227407962567
2022-09-22,-0.009435138617565175,-0.021627419676711224,-0.0019357808100498586,0.005148445686342873,-0.014885763552107023,-0.009840801303107383,-0.012436861600628513,0.0005882698982293544,-0.003833486312834089,-0.01664731657990337,-0.003988291881344086,-0.008427596288058115,-0.009482011895824982
2022-09-23,-0.01300772071164813,-0.022938391847904582,-0.017347312455071928,-0.005365321398041356,-0.018693505818644263,-0.013519593185216117,-0.020481462117251326,-0.017696513610441444,-0.011761517615176076,-0.01561518100279935,-0.06748814188492469,-0.01723261637204987,-0.017583135114966675
2022-09-26,-0.026273276081965835,-0.001800563654709486,6.901311249141173e-05,-0.010082800545016313,-0.0113433667781494,-0.006675081538263239,-0.016407519145973493,-0.013107493416327665,-0.02426918225196084,-0.016868821697328396,-0.02574593170048478,-0.010340542018774879,-0.01076481200151913
2022-09-27,-0.012836185819070867,0.0029192118999277206,-0.017583327582637476,-0.002145801569823247,-0.003086854790967819,0.0021936028419446973,0.002265059103885969,-0.007156286008854207,-0.017031561788594995,-0.002971212687668423,0.01163362590799033,-0.0021203598319033956,-0.001883645874575679
2022-09-28,0.018752764263600286,0.02805581621659181,0.011885194082690731,0.021963952238130302,0.022381834377253496,0.009208699676075849,0.026271804891828898,0.031763484209883286,0.010979270907791161,0.01906453522794549,0.04403597673853299,0.019672140136923533,0.020290412539667235
2022-09-29,-0.02874012329599729,-0.03377253403875902,-0.016410512724394977,-0.009192028960428589,-0.018296224588576937,-0.027424457792654344,-0.015322858125931926,-0.02462850038482034,-0.04072513362934471,-0.0123557208149353,-0.0013253573091664972,-0.021126419721218426,-0.02110037700282752
2022-09-30,0.009923118183443602,-0.018316203804942144,-0.017884113204884033,-0.014034720039121318,-0.01305872906306782,-0.019442833637422385,-0.0034943042840170913,-0.01663125948406685,-0.019664494825908818,-0.010961214165261413,-0.009038737446198097,-0.01506673588849794,-0.014394203805557892
2022-10-03,0.01863326546870847,0.0024324830038047196,0.017376182126534356,0.021348203151570155,0.030545246931201753,0.031473423564199354,0.03401360544217691,0.029751249922844503,0.029892938770600175,0.028370903467554998,0.057713189517880625,0.025883947546031072,0.026095026436935953
2022-10-04,0.016206821638062197,0.03555429140297228,0.015341800048031429,0.023288402971924915,0.0349030470914129,0.03301620744787459,0.03540423223005984,0.02721333093568301,0.02152076154879401,0.037902448428764224,0.04344255282744447,0.030583700111188827,0.031238843270260608
2022-10-05,-0.0190268513767744,-0.0054332898441254995,-0.006024515464778224,0.0033083399997289042,-0.0057682012847966035,0.003587318490709146,-0.010917507314729846,-0.006185446694287222,-0.022496641225738245,-0.008637343041830725,0.02057916830644091,-0.0020179744811957834,-0.002308003000403902
2022-10-06,-0.031992328814889115,-0.007111356594833973,-0.014627659574467988,-0.013007284079084247,-0.010916824832747807,-0.008524834876286524,-0.01019912578921811,-0.006517526862779732,-0.03298631418879394,-0.014539731314758941,0.01820401998746779,-0.010245078344716774,-0.00999363830894684
2022-10-07,-0.024899815390157176,-0.035411614383686674,-0.015526670928333042,-0.021202308498038613,-0.019216636272081478,-0.041362640751338886,-0.025425996966723208,-0.028427895981087525,-0.020896334825208696,-0.02336724023196135,-0.007227166571987742,-0.028003589245083504,-0.027748244558423174
2022-10-10,-0.011913557443664624,-0.006109594225622406,0.002914778794262718,-0.006476792658702379,0.003260899730802347,-0.015591886164093238,0.0024487367264738324,-0.004623152259869756,0.0016987367575749257,-0.004808628275512983,-0.020599548590139016,-0.007492458086744369,-0.007005864256873551
2022-10-11,0.010187868025049118,-0.00812366834398659,0.009294429097606027,0.005843177562198099,0.00012447960609129893,-0.015175688143933552,-0.0073510946738807315,-0.016378414716127887,-0.002713369511593511,-0.01296973727968076,-0.007530267129734813,-0.006519229651283376,-0.005820919003303837
2022-10-12,-0.013878608438193885,0.0023309171016188124,0.004775481111903179,-0.005298300624317576,-0.008131655372700886,-0.0034156671773902803,-0.00804949288194845,0.0,-0.03416398713826374,-0.0027350562866655936,0.007489289335121274,-0.0032907569019515748,-0.0035056967572304476
2022-10-13,0.018389941827735123,0.009785324748755153,0.016074342058593816,0.022565596436788793,0.021973731909316507,0.031164621666878833,0.029120586121351266,0.022242932587760222,0.025480969301194145,0.04139671688063906,0.04077127832240479,0.025965675434648228,0.02570116290432911
2022-10-14,-0.025935139119218853,-0.0387620002348118,-0.018333379876567357,-0.008332989279275504,-0.022306202079183657,-0.028698546554417725,-0.03413161511253293,-0.019388561356591505,-0.015389417824254736,-0.017766836510753503,-0.03705320940677437,-0.023662705624933444,-0.023699504573170715
2022-10-17,0.03892173090565154,0.04229811622116775,0.011137187966716589,0.017368074107483533,0.022452311513612377,0.03090550892407573,0.02542451949990654,0.03340771042518886,0.021685371885105553,0.025762580143773084,0.01222711666774634,0.026480085513260976,0.02658030203225259
2022-10-18,0.01270029133284778,0.014179218835915997,0.013124577987846164,0.005660969321638509,0.023597008407031383,0.008312745102688313,0.019130157863609387,0.00533797157080329,0.017904797368584413,0.016440639442381944,0.007535638289362101,0.011427561549232745,0.011621136685005418
2022-10-19,-0.025576482222322117,-0.01175895475957689,-0.0038461004429263257,-0.0138353860343986,-0.006893241423447605,-0.002596010045430197,-0.011316206504028758,-0.0011931750387782492,-0.012651281894948574,-0.015951103160405378,0.029361323720900723,-0.006672078882144605,-0.007540964350737145
2022-10-20,-0.004105544791955018,-0.01743009524494754,-0.01424509366636939,-0.00813572843309851,-0.019104774179689588,0.0006554068709272443,-0.006998374571067334,0.003583801218492555,-0.025071013955786148,-0.015811998182093667,0.0018203415454389749,-0.007950941231232078,-0.008497745375356525
2022-10-21,0.0068090231136228585,0.02922681214473366,0.015539718899352462,0.022090483619344736,0.026484718249134342,0.026477115836792908,0.03460191879234298,0.00851089156052831,0.01840005067139594,0.02920747311103833,0.027625075068138827,0.023724828003862664,0.023551178752611257
2022-10-24,-0.0008741258741259417,0.004784688995215225,0.017919549992342132,0.019109835765309224,0.01350738706064325,0.013780756518545711,-0.006240660982684276,0.009029212156978383,0.008209721056068542,0.013478902993026898,0.004750131115606404,0.011881953234294862,0.011487148388300561
2022-10-25,0.03937007874015763,0.023420074349442377,0.012666192482354788,0.007821444737332595,0.013472088831585793,0.01933056212133555,0.02527419069520609,0.023745467306117707,0.020233799080842774,0.011823950416881779,-0.0004474139473840122,0.01626664981276371,0.01694856628964736
2022-10-26,-0.0015062909799752333,-0.010577205818760538,0.006497014885052721,0.011201891640192141,0.0034400841197927967,-0.022335647747111498,0.006664222399551445,-0.04753199268738573,-0.00039302234180849105,0.002935117495852513,0.013607472173316149,-0.007387713747470381,-0.0065757400541931466
2022-10-27,-4.436950927322325e-05,-0.007211349352726715,0.0003757632691403501,-0.0057544464692780295,0.011436259670366766,-0.012495285869421946,-0.0026351872482647254,-0.0412068138195778,0.006835228647471547,0.007470825608027143,0.0027232313716254453,-0.006082598026418751,-0.005478013763509648
2022-10-28,0.023960598127523713,-0.0030023420028527648,0.02218853547616817,0.01686397140942586,0.023790642347343294,0.045230130721059414,0.010246385839795646,0.02984047544573043,0.02853709822769601,0.024862426702751517,0.006635446791644073,0.024626375646783716,0.024178648887460907
2022-10-31,-0.002253325822247354,-0.006932363096867511,-0.006194469598540642,-0.0007817294957520593,-0.0033857224956896914,-0.013426482305657128,-0.008887943865617753,-0.01676588506864285,-0.009404205607476568,-0.007253138038483931,0.006008370885651315,-0.007454384193014141,-0.006913165266106414
2022-11-01,-0.002128121606948974,-0.013499092946323787,-0.0027731924727633084,0.0006013034707494924,-0.0005891865464893176,-0.00864296136324083,0.0023599073200035736,-0.018102063511676758,0.004039153251960581,0.0040786650352007126,0.009944479074554646,-0.00410126085362017,-0.0034073087901798083
2022-11-02,-0.026157729805013852,-0.03793246434817088,-0.01730781963848238,-0.016929767312625632,-0.017623300386332752,-0.034715720869941014,-0.025726638414451553,-0.03039073806078152,-0.01018939950080755,-0.012839759099980586,-0.022506423229844086,-0.025001944970306722,-0.025449728860762244
2022-11-03,0.00013407821229050043,-0.008826340348181416,-0.0033419577404053546,-0.004371060294339868,0.010406159424916073,-0.029972536055170473,0.0077548330404217936,-0.028293316028552784,0.004449982200071201,-0.010680931763695667,0.020425544411976304,-0.010585979163175718,-0.009978741447208006
2022-11-04,0.01291446956832587,0.00862134160175465,0.011371011357490524,0.0056578113446710265,0.015897085955467904,0.016737568197659147,0.034050530813332536,0.017630559636703458,0.0057002776301022795,0.01866285693618086,0.01017383295918961,0.013618682272863003,0.01382239744672864
2022-11-07,-0.0007058719724709617,-0.006157681637549595,0.008703092204649598,0.010582357922654273,0.010647825654294119,0.016400573003588326,0.007884473490038957,0.018243864024150236,-0.01938269066987741,0.009018445205844383,0.017293693642359553,0.00961398204505981,0.009559963889724798
2022-11-08,0.0064897797006755464,-0.003027188110034995,0.0034193924614325244,0.0050279002994653155,0.008590980701063344,0.009177341780395087,0.016796000752996365,0.0036736272235111667,0.0068880836153453195,0.00585885954571852,0.0005321160012883297,0.005597877482399927,0.005273536020543812
2022-11-09,-0.010878147205895194,-0.031158364706105002,-0.011306300356624055,-0.010541964256859493,-0.014472945598320908,-0.02651653077309546,-0.015839710359581982,-0.019007256148461993,-0.008417358198744784,-0.016966940703166067,-0.04881667156512859,-0.020777877333723382,-0.02084663808046705
2022-11-10,0.07742793791574276,0.07696438334765277,0.02456782536671387,0.025907344987065928,0.042310549777117235,0.0832788841226102,0.05549517160653816,0.06323231000850948,0.0475733397324376,0.051352313167259744,0.022232685431779142,0.05543447234545429,0.05567202422548334
2022-11-11,-0.0010701350016464328,0.024622190794781895,-0.0014082119619781563,-0.01279847182425975,-0.0010335364767097843,0.01724250967022889,0.011644256094421435,0.02474912269900864,-0.011453441759248673,0.007869884575026243,0.03063016380228567,0.009240793960120008,0.008936451897616937
2022-11-14,-0.026452410383189018,-0.017076170337011032,-0.009087941502905261,0.0003418472652219062,-0.006802235699845394,-0.00965884678181661,-0.00207497308407556,-0.0026434364674076116,-0.012715791912872199,-0.015398565935080821,-0.005223317784419423,-0.008935794015923149,-0.009075997813012493
2022-11-15,0.012358219062129638,0.012386018921084041,0.010871140745035479,-0.0006963563797206529,0.007734859551234541,0.012364854311646356,-0.0011377233762922545,0.017770013854587097,0.010737861229279666,0.0028481768257324624,0.01106306508676358,0.008713121485880437,0.009258441845067189
2022-11-16,-0.008486622073578642,-0.014599578550533954,0.004601506895742569,-0.001283995225344392,-0.007770543225131821,-0.014455177379125939,-0.009799493332809606,-0.00562263257575768,0.008708020086499735,-0.004506726076087153,-0.02149522328371478,-0.008252061136399536,-0.008845493609158206
2022-11-17,-0.008221950499641584,-0.012677416153103471,0.0001557086690802123,-0.00041993461940992294,-0.002490719674290598,0.0021437672034057,-0.009539486731982127,-0.0066067495982381486,-0.017927541653477652,-0.005364220308869738,0.0011920304251575864,-0.003089327799655983,-0.003243243243243321
2022-11-18,0.012881557690672674,0.00039297399060522764,0.010365988142036153,0.011995785963120786,0.007106672108712964,0.0012930548203173853,0.006467631805530338,-0.003535050928699879,0.01998359118612303,0.007711861495654615,-0.00897210568091611,0.004758574556069206,0.004902828810483095
2022-11-21,0.00717733473242399,-0.014104965057324281,0.009771694188345892,0.00045345101771010476,0.003718978711230614,-0.01129745189807585,0.003780041381505672,-0.008117371174312993,0.004969836253949866,0.003374750728639464,-0.013916102919092066,-0.0038836518432215916,-0.0037885879800438893
2022-11-22,0.004625770961826925,0.011749335161831409,0.00717201388623967,0.008835095245390834,0.007529154692064832,0.019285304159927685,0.022317358385856245,0.013275945683802082,0.008432667295543483,0.01026006896668874,0.03180750152293088,0.013579953113211918,0.013719529047592882
2022-11-23,0.0014933421827685311,0.013261409116302803,0.003345832859866338,0.0034423407917383297,0.0038896746817540517,0.00874209320025976,0.0041295075610701115,0.012144780137600897,0.010374737796927436,0.003732786306391178,-0.011611071282981222,0.0059147063378277576,0.0054964229628335914
2022-11-25,0.006420080354553992,0.0006055840270433599,0.0005788493481653223,0.006224144889516836,0.0037102266056123767,-0.006679853017656723,-0.0011777653350837358,-0.007033928360326236,0.006256312422848298,0.004053940866069139,-0.0030293117915606294,-0.0002830708720074071,5.422993492398831e-05
2022-11-28,-0.027985842456169197,-0.006016042780748521,-0.0030937948034308604,-0.007495472007921666,-0.01806143696043805,-0.021315858363481155,-0.02199798963890831,-0.015477111732841387,-0.010706220202414518,-0.017751972904883395,-0.027375178316690563,-0.01544414970244301,-0.01573667371617593
2022-11-29,0.017063256838004914,-0.004443919373307459,-0.003683705909067969,-0.002323716430822076,0.006194753520287977,-0.009752161787662361,0.00298454362177325,-0.0033254731241307844,-0.007299270072992581,0.006658400285360022,0.012789486807174955,-0.0015918505325509535,-0.0012010489895761811
2022-11-30,0.023354564755838636,0.034833727373138945,0.018258711507293413,0.02448749675630868,0.015912481352560848,0.050348052500132745,0.024179722140112325,0.049138558602281,0.0255791505791505,0.016502151354087502,0.0054595745297090215,0.030947814727501077,0.03036019637045606
2022-12-01,-0.0031323732812625904,-0.0010849909584087492,-0.004725310253923198,0.002397014851607482,-3.496259002866431e-05,0.0007082690410542547,-0.00032709920726559094,0.002948999653058726,-0.0018546712802768317,-0.007137758743754441,-0.004220077776177389,-0.0008676236670089876,-0.0010064563101599422
2022-12-02,-0.004162415833503408,-0.0018809275710426343,0.0043854169269597065,0.0022310423035203364,0.006223558616831548,-0.005493625877337038,0.011028774901356897,0.0005765350245028333,-0.004686893338510134,-0.00429672479226928,-0.006031502668614408,-0.0011946317615054713,-0.0009324459020609854
2022-12-05,-0.017170020079498416,-0.029523396650417033,-0.012016569431141044,-0.009882054877073942,-0.017049468941473522,-0.016554972846116622,-0.019513402375875732,-0.015038893690579203,-0.005962829836440142,-0.02498488817247635,-0.029380093131548435,-0.017894245646781326,-0.018569773429454095
2022-12-06,-0.0078802535023349,-0.016227254494402654,-0.006773856439570403,-0.0074404854326721725,-0.011477051788134074,-0.021373743291091207,-0.008795604139564595,-0.025740025740025763,0.006643307638402263,-0.008576152097540701,-0.02647636467219372,-0.014399175760970717,-0.01407881073400008
2022-12-07,0.0025635637739021,-0.004763140336570437,0.003752297648475622,0.008472402119977795,-0.001370826429533567,-0.005145427655903423,-0.0024485798237022793,-0.009307073375765529,-0.004705947872577387,-0.004516241097794027,-0.002895202895202842,-0.001862348589029894,-0.0019180238810603267
2022-12-08,0.006036217303822866,0.010484366561760883,0.004357105871358069,0.00893483157221997,0.005717627960275085,0.015927582591152234,0.006755031909671194,-0.005030607915631369,0.005623478723106645,0.0015006107136625868,-0.00464886404003273,0.007521759466384781,0.007442459788500999
2022-12-09,-0.0020416666666667194,-0.005178578010394119,-0.00764529839297845,-0.012834625815616674,-0.008130081300812941,-0.006284213689395135,-0.009596442294564134,0.0001827485380117011,-0.004757400400623113,-0.0028399191581295335,-0.023259783384539046,-0.007349546235533633,-0.007619026616975888
2022-12-12,0.008976660682226134,0.0038624701283784812,0.010339846422869448,0.010372539247445633,0.017099437597223766,0.021728459987728987,0.008960749945841728,0.0070649856873135075,0.02269868336454861,0.012615099680254316,0.02486218564824383,0.014279251114533986,0.013966201126629274
2022-12-13,0.02040056277414548,0.0019745522656604564,-0.001668046253793909,0.0027437802509480136,0.003564747820562486,0.011413840729524782,0.013448625858838215,0.016994254611430337,0.0031433647669809606,0.002950565093607249,0.01770213293650791,0.007289703700733785,0.007111549419241747
2022-12-14,-0.010138286224096626,-0.007265661690900926,-0.0007286340623862131,0.001444997847875662,-0.001875688729455427,-0.008583581779396776,-0.011093777084416723,-0.008563273073263544,-0.0016076294277928005,-0.012937411829473833,-0.006412404423188134,-0.006052765788066128,-0.0060277013132555846
2022-12-15,-0.012823139006104323,-0.017837928091722022,-0.016607369598833244,-0.01860436557885381,-0.024511991731460347,-0.037767083734359996,-0.03020742039146951,-0.03844769673704418,-0.012663409841434548,-0.020061351831840213,-0.005288734229607739,-0.024921658340258168,-0.02477149581303706
2022-12-16,-0.029631474103585687,-0.017387444395122742,-0.005267060417785241,-0.014083273375668615,-0.004828125940641748,-0.012683043930543425,-0.004137044623850228,-0.0010604453870626251,-0.01661276501644693,-0.007434679757394758,-0.013253606213783797,-0.011137778348199956,-0.011022314012481438
2022-12-19,-0.011205200581643981,-0.016589773164167765,-0.0004112581930343362,-0.003604426845364883,-0.005154015534638345,-0.014151729230547527,-0.013390336371702838,-0.021855876108405115,-0.004131999100517092,-0.00231162082250691,0.0013431623664645898,-0.009007465553582783,-0.009124957439564318
2022-12-20,-0.002681660899653826,-0.011308325351369275,-0.00017999948571578717,-0.000585927548784837,0.0014228729873035917,0.0015665677095226815,0.006499877360804485,0.007213993871297397,0.000620960230319767,0.0030533802715713154,0.015160495367626536,0.0010372846193742458,0.0013286601149979926
2022-12-21,0.009150837019689328,0.015826882964105282,0.00820431047785597,0.013057276133669804,0.018458922824700963,0.016758400860948486,0.00836684131432519,0.011852696963934761,0.013568023469013646,0.017028972531604847,0.01891343760562947,0.014868040255179737,0.015087735352657061
2022-12-22,-0.004039709484722098,-0.025895794001440153,-0.002882579526032436,-0.0015788844646574818,-0.012532045549394799,-0.025402748376448625,-0.009425222539976685,-0.011525933350037376,-0.006345318935767508,-0.009754036304734592,-0.023116244703469624,-0.014451686760656446,-0.014209891707328115
2022-12-23,0.008845738942826475,0.007123090602116022,0.005257367990175954,0.0008253424226005723,0.00569951940493163,0.0011504620255493592,0.0071565079494164685,0.010773130544993625,0.010531032937485918,0.006151876677986667,0.03162817979748089,0.005868056373107056,0.005978509373571139
2022-12-27,-0.0014114627887084064,-0.016417022120821412,0.004682708335984165,-0.0026565441005206303,0.003265855005643248,-0.009726320821497159,0.0003027978521539243,-0.011786833855799372,0.006180709534368001,-0.00033575429853849315,0.011416515793096327,-0.004049604402806883,-0.003715782416508495
2022-12-28,-0.015933524649847985,-0.008562351873329654,-0.01257678424418962,-0.006362391198692086,-0.013140573015151147,-0.01643628329264113,-0.01495368595241453,-0.01509960664890242,-0.009668622427898454,-0.0041894997348418395,-0.022205455944138697,-0.01202063067180259,-0.012477759021853108
2022-12-29,0.02158868335146913,0.025695278009480793,0.0040532567148097165,0.010462257738704128,0.012248362842590454,0.02639489940867512,0.01046873719577146,0.02686163359958771,0.006786826880284869,0.014343280137752101,0.009561994099402282,0.017461316021801565,0.01768265921323131
2022-12-30,-0.009969749904137015,-0.002816566169470014,-0.004662868238840989,-0.0032438549066449163,-0.003953516233377363,-0.001255230125522977,-0.007461022241145088,-0.00025092528699577343,-0.00961432202453294,-0.0029225949843368904,0.0075981236980533495,-0.0025407348906808513,-0.0027010770260914585
2023-01-03,0.003098506691913805,-0.005907626208378147,-0.002361608460719089,-0.0028822987751806473,0.0020687996151069754,-0.010063669049844237,-0.001041773056888906,0.013929848779569598,5.579111805387171e-05,0.003756099273352742,-0.0362465419281911,-0.004000520901158988,-0.003982930298719767
2023-01-04,0.02286670384829881,0.014136502791284089,0.002881807304866868,0.002492140900839379,0.009134338390627939,0.0025624212322874484,0.017401439555046583,0.010953648121789783,0.009372384937238465,0.015859970623207653,0.0005710140901584726,0.00753894993384141,0.008100542702085045
2023-01-05,-0.02894052512373113,-0.00950999832292554,-0.009852090362141186,-0.010309733675729293,-0.010859610100745765,-0.019570279522409084,-0.0159782936388303,-0.005509304603330101,-0.022218537555960927,-0.009174627764867993,0.019912391646358385,-0.01164556173549236,-0.011503502051363412
2023-01-06,0.028593642017968213,0.023973387249385025,0.027064844205480387,0.008887075489139917,0.026936026936026813,0.02991535888495145,0.03441584967320255,0.017235011695186486,0.020292804250749086,0.022775442131962143,0.0167863894139888,0.02284078674404566,0.022953714213646004
2023-01-09,-0.0005458973712941795,0.005670654605583358,-0.010280798244064915,-0.01659389198172523,-0.004203747072599517,0.010910210119162489,0.006002566887155725,6.0510710395922374e-05,0.006371191135734033,-0.0043313573284868845,-0.00469993307057337,-0.0007676350678290644,-0.0006949036661773045
2023-01-10,0.0034452333935550694,0.012612072384010409,-0.0016059343096394008,0.008346987951807217,0.005397396549899458,0.006143751050845081,0.01022591218669655,0.012888001452169062,0.0004404073768233818,0.006499709986693691,0.007501606419701323,0.006978255898501873,0.007290346459695618
2023-01-11,0.03600887660679142,0.026791598613140843,0.0006383005885131077,0.0057480054038898665,0.009578947368421131,0.01754639519811385,0.01608704099475422,0.013381123058542332,0.008584163319209859,0.008593365989253865,0.0035597217484166777,0.012849397206098123,0.012771548508501374
2023-01-12,0.010871761710382621,0.001711596063328935,-0.007922636285929374,-0.0039030324534614635,0.005688203060739694,0.0072259851396816455,0.0031549963669739167,0.008311718934213674,-0.006410606143270159,0.002302288844822309,0.018696146967972727,0.00341595270064321,0.004023923655393835
2023-01-13,-0.006077083000159966,0.009741284846683795,0.004603791054756945,0.004726162457858951,-0.0012325768920631308,0.003401990076060013,0.006728551550616579,0.005437006723180149,-0.004392828707135643,0.007092198581560405,0.001378289760032514,0.003996816605869258,0.004095398699108577
2023-01-17,0.0008045052292839916,0.0006989469811928828,-3.8402457757436004e-05,-0.00498882578995008,-0.008419547189831955,0.004374214968950074,-0.010716449560739139,-0.009187114780788375,-0.001240934285635431,-0.006775879865481227,0.0012459975949348223,-0.0020304619300891558,-0.0020720642121794253
2023-01-18,-0.015594855305466337,-0.01297662920109166,-0.026524316089967526,-0.014176184264944602,-0.018447652169867323,-0.012820624939876013,-0.01381818181818184,-0.009272300469483685,-0.02407642608647642,-0.018354313682763745,-0.01765378326363476,-0.01556263264319191,-0.015386969160492092
2023-01-19,-0.0044912624530458745,-0.016927531913704996,-0.010165033861529338,0.0023364335181397244,-0.020832592697927477,-0.01141910507525612,-0.007704548983077153,0.009003672550645714,-0.009986985797544201,-0.012003961478041059,0.011062500920647533,-0.007638348019527341,-0.007824812981420348
2023-01-20,0.011976047904191711,0.02462564287135005,0.008143798490806597,0.00566648851570184,0.014038654709605636,0.027197290128324614,0.02045725685005184,0.039626629094751564,0.0058868916640471,0.01650507250133937,0.013024855036568805,0.01891839901509429,0.01868155224682022
2023-01-23,0.00239118100024327,0.015695917027943818,0.002978190683270654,0.0028492947195206675,0.010932222606786057,0.022773866541041743,0.0031814784291928078,0.01778756564458761,0.00042614847012689694,0.01120443416757344,-0.0020278432951735814,0.011881357596139619,0.011903846787389094
2023-01-24,0.004043181174948396,-0.0017200738994711529,0.0038365019510977483,-0.006461334150577258,0.006469511835192732,-0.00037957138287658676,0.00040119977838504184,-0.006935197514425173,0.004856023172601809,0.001042454812946625,-0.002161663616319087,-0.0007114764130643492,-0.0009658480471420594
2023-01-25,0.0010872629162805847,0.005406144589297002,0.0028271141185556292,0.0001028198339461106,-0.005301866209986739,-0.002640942718421746,0.002024291497975783,-0.003575618749650955,-0.013621591069662431,0.007356769739825575,-0.0009098655420921586,-0.00018172991946630024,5.431358491381211e-05
2023-01-26,0.010981496379726563,0.02032044830118873,-0.002766937704746897,0.00156784126249776,0.0055659720993856965,0.016140002652213603,0.004840861444634914,0.016540510232688543,0.003867862361401686,0.004952063359733305,0.033233108791812516,0.011007863115068517,0.010764367878517866
2023-01-27,0.009429833286913603,0.022724041093455494,-0.0025259465755755883,-0.006928762061178428,0.0035181124154186616,0.004420308158625819,-0.0033760716182382744,0.008825151682294585,-0.00031394485986646625,0.0004977435625164173,-0.019852539977894934,0.002494809663015962,0.002589894040019969
2023-01-30,-0.012376823019314087,-0.017135756554079284,0.0007478940877005957,-0.009270504935655732,-0.00968763511855375,-0.019388909845341473,-0.006984356563772831,-0.01798797156916343,-0.004539355354440833,-0.005190540943915578,-0.022909589197522173,-0.012968731575016657,-0.012798113510906317
2023-01-31,0.018757982120050976,0.022217507006516035,0.010751137391669108,0.012950175081672288,0.017133956386292892,0.014382554581046758,0.022250330592767265,0.013529313512610441,0.007141218309051345,0.013352447948790536,0.008852789505207959,0.014642450911824145,0.015461287065287044
2023-02-01,0.0072866880827391345,0.018923734237428658,0.007601406130417265,0.004834463091352603,0.007123300385168729,0.022913339709854208,0.0065241844769403645,0.013458580531751307,0.001822479141156741,0.00018095081427871307,-0.01891136564386986,0.010452337732424155,0.010906174819566905
2023-02-02,0.022324206596141982,0.030829301417536925,-0.008573966553806156,-0.0067971863108128305,0.007741043658564761,0.02783739140822261,-0.0028311727015347676,0.06737492547021517,0.0015349194167306734,0.001825627867962698,-0.025179696839992216,0.01469942051995421,0.014744301655296388
2023-02-03,-0.020353039640873538,-0.03108479768119765,-0.004246146654374061,-0.0025865460901872694,-0.0051896390114538615,-0.008007213706041516,-0.018174686192468648,-0.0221917529961404,-0.02071803604370659,-0.0010178618334646394,-0.0023013914333731567,-0.010354661511665864,-0.009975088337381033
2023-02-06,-0.006757019144887466,-0.0013172767215958725,0.00024777006937548585,-0.005962543328677183,-0.002079790412281013,-0.012228968960961817,-0.010787055533359902,-0.01308750973773054,0.008665410810027474,-0.0014133114215283404,-0.0039608468017300336,-0.006140486597300043,-0.006685477248320804
2023-02-07,-0.0030887125151504158,0.0021955204574852782,-0.003585257421482857,0.006440700019517243,0.002475618040922445,0.024646216768916318,0.01298176782829441,0.024785560174709342,-0.0008045052292841026,0.011635178724244799,0.030776731572051075,0.01287252984617182,0.012390431068290297
2023-02-08,-0.0029414071691897803,-0.008941156491466429,-0.008334641754330852,-0.003076923076923088,-0.005869380441524408,-0.012501696430709863,-0.008087942131343562,-0.04133716750539185,-0.017109500805152944,-0.005612402596346322,-0.008543471191651553,-0.011080691642651352,-0.011244189455169806
2023-02-09,-0.010108956456751694,-0.002073391194084895,-0.00295549603514933,-0.008597883597883604,-0.008804057723192149,-0.0050324583457966865,-0.014068331897789332,-0.027960790615458753,-0.01410140136333049,-0.012286097568955934,-0.007141153318623639,-0.008829829085981511,-0.009137883568751226
2023-02-10,0.002662322180720045,-0.012191457394290617,0.00930300263342465,0.009359180630224007,0.007378568347923498,-0.0054722952358123855,0.0035527082119974907,-0.008871989860582907,0.02003026796047358,0.004024844720496912,0.039236001621694605,0.0021952713463186946,0.0022227209096057354
2023-02-13,0.008163912337018964,0.014619095215331779,0.011721515668021487,0.00830044904068572,0.008805628196524085,0.017749037998055606,0.0050877294798135075,0.011008562215056195,0.005847442834700622,0.01103632584380887,-0.006054038433752407,0.011448590134117032,0.011483467858018681
2023-02-14,-0.010377766421636014,0.01177004720011654,-0.009291897776165015,-0.006034316560632247,-0.0028331211360013153,0.004362886167603941,0.0021556701824620994,5.4993400791847336e-05,-0.004801156905278492,-0.005368185749016874,-0.00018897820935881438,-0.0002803767683676739,-0.00032678360600435497
2023-02-15,0.0025819265143991466,0.011633124772459924,0.0018574960430102205,-0.005133476863794839,0.006280482193797843,0.003836409121062756,0.004436506107398097,0.011657959857025002,0.006393676073120469,0.0015584500803831336,-0.0177963883800053,0.0027731236687436045,0.003184545464131716
2023-02-16,-0.009310618066560972,-0.021642884044022148,-0.007951533510034081,-0.010176959519616391,-0.01090510047781268,-0.017532265898070776,-0.011491615518461118,-0.015491656248301289,-0.008287851222963383,-0.010695625112607021,-0.01030286881605813,-0.01378869707782826,-0.013191780101960426
2023-02-17,-0.00451909618076396,0.00039350208299482325,0.01289813108712834,0.00894879555646022,0.006310096153846256,-0.011937274605940296,-0.009632867809199586,-0.00469302120141335,0.009987770077456215,0.00046357615894043747,-0.03646534446139582,-0.0027674487398573477,-0.0025884107371111353
2023-02-21,-0.019564518720874058,-0.033408867416306776,-0.0033653846153846034,-0.013645769616200565,-0.02293451546960057,-0.024027657026623683,-0.016249999999999987,-0.02291007932545641,-0.018855413002738963,-0.020123121731647542,-0.003058056504191331,-0.020041234687148357,-0.02054743317278429
2023-02-22,-0.01016185207949194,0.005157557635485421,-0.0026727161314714643,-0.0032590696477697856,-0.0026211549537478174,-0.0014244595247598912,0.006750317662007621,-0.0005109571931416479,-0.004202051071082291,-0.002009727757886992,-0.007691948367407386,-0.0015735464083616035,-0.0012757188184880919
2023-02-23,0.009810820880076232,-0.0008801189920877306,-0.002156975528132321,0.0026674079810435902,0.003983312513258008,0.016297349839677455,0.0018340301333124032,-0.006589037205339543,-0.004839471199244549,0.0014045656845989019,0.01271006919926565,0.0053294245875146196,0.005316826062273572
2023-02-24,-0.018160203328687397,-0.015627064595977846,-0.005895376714572076,-0.012687641102147929,-0.0057869283500797675,-0.017729453997408107,0.006535304423141319,-0.014294699525415955,-0.00020756731111370996,0.0010477220494795603,-0.00010846155038024552,-0.010537544363360851,-0.010186462213437886
2023-02-27,0.0014613168552461975,0.01177660250387036,-0.0018449941355542787,-0.003088978631221484,0.008323592958594528,0.005209979893524341,0.0023077073514168323,0.004176576367538987,-0.007651926327965297,-0.0005908369627604104,0.003145726151366768,0.0030730168965551474,0.0029623127982882913
2023-02-28,-0.00037521887767866247,-0.0005483668397265884,-0.007499240833894416,-0.007270190876044524,-0.002529155543065875,-0.0018744260356517994,0.004487717312832817,0.0024262029923169948,-0.01724498640126715,0.00167221255679606,-0.014428052830771643,-0.0030359797500902896,-0.0028879286769130097
2023-03-01,-0.014889268882679274,-0.012849443810231787,-0.00758250967767693,-0.0018173465389345056,0.00375639761468749,-0.008146168905918016,0.0068180493774403494,-0.006108453869647867,-0.017213064898728647,-0.003794138477622999,0.0193727371044341,-0.004725262269687613,-0.00411405250628083
2023-03-02,0.012193056731583551,-0.0031734932630502755,0.012144283741940765,0.005786841196894654,0.011998877298030619,0.012635172627039948,0.012038894891186702,0.010958427552618,0.01822626562693408,-0.005281243123381407,0.008425972907729395,0.0075821419804169565,0.007281660350753505
2023-03-03,0.017358206458089276,0.021179009847565045,0.0007946072653590708,0.011628219967161124,0.010608546929530505,0.02138704145229431,0.013992679579075906,0.020991052993805992,0.01759611001367567,0.01599591593635674,0.012884043607532147,0.0161477890665227,0.015704802213545976
2023-03-06,-0.004029108251449198,-0.007089387934830382,0.0032817689793431803,-0.0006186307639091115,-0.002001097745048752,0.005336161813066509,-0.016469261139311908,0.0045500505561173465,0.004300561462190933,0.0005192194958547613,0.0009784735812135015,0.0006871595099910977,-0.0006891130899184805
2023-03-07,-0.025056759545923568,-0.0136591423122977,-0.009747154332141905,-0.016167573000352875,-0.01268375402454247,-0.012644305581581028,-0.01989907099438004,-0.011463400995358808,-0.016563577970738597,-0.025378331324494408,-0.0174900368448756,-0.015326967063694075,-0.014987770582594484
2023-03-08,0.013210263358455432,-0.0025718268063485983,0.0011854338154986266,-0.0056085515188417645,0.002286178484391277,0.008424718007112642,0.004661322723460648,0.00192329449032691,0.007771159021499274,-0.004053589831673032,-0.010240004898059207,0.001414821002566402,0.0013892231289243107
2023-03-09,-0.022941913915587198,-0.02358477808130266,-0.00945893809783549,-0.010327865506425837,-0.014669954959648845,-0.014450299479592754,-0.025372728684578294,-0.022244805781391097,-0.008401344215074324,-0.04104580573951444,-0.013639948656882672,-0.018459372596762003,-0.018930580588781498
2023-03-10,-0.032547795218339726,-0.009787355844251722,-0.004553024605135847,-0.007369571643648265,-0.018237367802585225,-0.017406140511100565,-0.021491883278558,-0.01426261693036146,-0.015976761074800394,-0.017552694050787743,-0.014157821294742856,-0.014478143694236278,-0.015565848661648785
2023-03-13,0.016047745358090282,0.0023031806271738287,0.0047357556296125924,0.009162620938978128,-0.0061042753866041854,0.005496432177575894,-0.010931075194398066,0.0024603128112001826,0.015436654366543845,-0.037801127626857944,-0.019577594707210655,-0.0015097408062482165,-0.003087746284525128
2023-03-14,0.008397511203933172,0.017062052283933316,0.008016866304989989,0.008832370259549416,0.010549387027625867,0.022932773109243687,0.012451377883883286,0.02752293577981657,0.012839924898552235,0.01889161577535514,0.00884065729070338,0.016476647924144494,0.016689168491394568
2023-03-15,4.314808422511973e-05,-0.002103838132523461,0.0067941117697996045,-0.0017142740525574185,-0.02509712324522717,0.000271093987463944,-0.03276822376712607,0.015013648771610377,0.0133648268851283,-0.028437523340055115,-0.05421919217905824,-0.006980856226510457,-0.00810159353657991
2023-03-16,-0.0006040471156750771,0.018827799879003404,-0.0007409857757194604,0.00957417086317447,0.01271269313514578,0.028153282633333943,0.01174814005296132,0.027734199910354196,0.00669754816628787,0.019449195702727184,0.009384563073784324,0.017561980816715783,0.01732556308080002
2023-03-17,-0.022665457842248382,-0.012433871954511067,-0.0060382155484051125,-0.012642250631100138,-0.016270760911548887,-0.0011342759006310876,-0.015392285162335706,-0.004742953715313747,-0.009759671746776055,-0.03285889339240278,-0.015293404298322488,-0.01101942286909019,-0.012098290314732418
2023-03-20,0.010645816768265703,0.0039083140498878954,0.013521974874438847,0.01281095972819446,0.013570552147239123,0.002311112532787263,0.020084388185654056,0.004820333041192004,0.008139225145766149,0.011948851896612211,0.02110700602079918,0.008918358593079878,0.009459096404423883
2023-03-21,-0.006556230604484514,0.027124642678887367,-0.001235574016141272,0.005932975599878487,0.011282473428080309,0.008329543550587681,0.012264228987425518,0.024476668120366307,-0.02055076037813397,0.025387652894154122,0.034540520620456316,0.012982181765728518,0.013384787695310374
2023-03-22,-0.03642923137841525,-0.02199957591178958,-0.009817856390819113,-0.0149563186923789,-0.019057195527783732,-0.00917068230192819,-0.017591173766472568,-0.016229447134571418,-0.019782986631497024,-0.023725884319876767,-0.02111398963730582,-0.01646318766285193,-0.017180250372056394
2023-03-23,-0.006164102095794655,-0.0004968652320811451,-0.004319625721045162,-0.0017710568441128283,-0.0022575842628071996,0.016498698311798288,-0.0013933948922717487,0.01833621808740804,-0.010060546755550015,-0.006580719645949751,-0.013629747254201185,0.002984528711166279,0.00228249493397481
2023-03-24,0.02572819994486819,-0.0035430544383084905,0.016298906731808893,0.013101777610972754,0.0035102310392485236,0.0024668468355224515,0.008080471499677166,0.002655760344186575,0.031167948599141182,-0.0006004493685596302,0.0028675878722832504,0.0056398022650376856,0.005854319643630701
2023-03-27,-0.003628056973931759,0.0017868966956016141,0.005437780754984578,0.004081770114168215,0.008239079563182594,-0.008510838388112951,0.007416589195331058,-0.010753827409016314,0.0012581630819004097,0.014012442583871243,0.02101901242412607,0.0016469444647304599,0.002297174916616962
2023-03-28,-0.0026073274893233522,-0.0011227409365832663,0.0022208287610387956,-0.005668439870934017,0.005439775639475952,-0.0045646400455279235,0.00498318431629885,-0.010174574274392278,0.0029320248922930503,-0.0005733944954129377,0.014477563052735176,-0.0015738410521103363,-0.0012561429799237134
2023-03-29,0.02312164781178172,0.019053662073966526,0.005357282515185524,0.0023949914320025023,0.014199148772452874,0.020942761744819904,0.013855163548064597,0.011848084830123229,0.014378617027623664,0.014993306559571762,0.014965129794653143,0.014237259113583312,0.01391218005295669
2023-03-30,0.012158590308370076,0.008966216576826502,0.0034228370651765427,0.005485223548098439,0.0022760950743880848,0.011409594325535233,0.006420319607132852,0.0032080414906698884,0.004058346076932118,-0.002920450691487275,0.0034833229947033306,0.0057152646227105475,0.0053753495609405455
2023-03-31,0.021848885793871897,0.026165917305827513,0.008334087062137563,0.011225200139227232,0.013152447750955032,0.014656690479302847,0.0157384261573843,0.020785588658530196,0.007585964501200859,0.011508153971163226,0.006340148993501327,0.014436547571732294,0.014730234320038837
2023-04-03,-0.009455660618451267,-0.009132459320607023,0.005138522258386846,0.010796105194177619,0.0018912198367946331,-0.00045472114225941773,0.006516774295164618,0.0052733253276249226,-0.0072381616813465,0.0020176356299508313,0.049094345566230935,0.0036989178231867648,0.0033917829258927057
2023-04-04,0.00017199862401096055,-0.0007196427797285798,-0.002435013194966751,0.00023575020955579618,-0.02252362475384817,-0.005819287431097497,-0.014670500557478983,0.0030642983276203406,0.005211993441087026,-0.010123797449474337,-0.0172053988319546,-0.0057970522559043225,-0.006781895103854407
2023-04-05,-0.0052450558899398425,-0.020381425051192226,0.005546467641345476,0.017303915149927906,-0.01300543581918745,-0.011920241913034757,-0.002223413336509661,-0.002174700978615385,0.02572094378094958,-0.0014126155990431544,0.014206932371946479,-0.0024923181973370845,-0.0028789759835610162
2023-04-06,0.006871812602645022,0.000496000992001866,0.0008006913906610791,0.002252498664589986,-0.00025363237798470273,0.006784579938792001,-0.0021885756351843755,0.01707228478023959,0.0073552381222845575,0.0030744275529066556,-0.014715850039915046,0.003579129567424122,0.0031985574291326646
2023-04-10,0.0048504099240245235,0.004249329402703728,-0.00013969140897840404,-0.00037243230400740845,0.008976031700009823,-0.0014719693339723117,0.004925126119120327,-0.00688775510204076,-0.0020015787099685323,0.002707733965138015,0.006466505640994269,0.0009963410653295313,0.0018937570213448662
2023-04-11,0.0046134130713371135,0.000158675587760726,0.002413188711357206,0.0029612975750761272,0.005890875130209805,-0.010330491264573416,0.007282035001388909,-0.0042640637040842755,0.0006496991610407399,0.008495077355836766,0.008915959111138072,-4.137148920324574e-05,0.0006407381303261683
2023-04-12,-0.0030189641976359205,-0.015406717963633798,-0.004485327656986393,0.0001537121483834447,0.0033328968825510064,-0.006105508145849425,0.000689451393676821,-0.008925807450211432,-0.0011574074074074403,-0.0020268511287141466,0.0011291099602552812,-0.004134886369720592,-0.004300868711446859
2023-04-13,-0.004051691047895156,0.02313152924115358,0.005549191803487119,0.012301485655737743,0.003772644766345312,0.019541342408654794,0.010059055118110338,0.023322400957884293,0.0002260972783540982,0.00858968864707732,0.006090317147626312,0.013262625398648753,0.012776128361504435
2023-04-14,-0.01682939362795477,0.0012861680067894898,-0.005809685340353754,-0.00786305754644756,-0.0012055455093429313,-0.005056788384315891,-0.0067431934672878,0.0031032202268912457,-0.011132773869062751,0.01054867910585644,0.0019131890469927804,-0.0020693547375681964,-0.002381179159919977
2023-04-17,0.022300622849427354,0.006772107654666293,0.005894559945001099,-0.0010329129420166838,0.007892837279751985,0.003928252639354923,0.005866771313646657,-0.012678770666396222,0.005714775552190243,0.011279501288824711,-0.01271034729681364,0.0033062325383550473,0.00360681475823732
2023-04-18,-0.0015338076775596177,0.0012498372607732122,0.003265409441842726,-0.006548546044065406,0.0046375654542467615,0.004070010309159766,0.003979400749063666,-0.006472159441134218,-0.005114072222064392,0.0031273726454319473,0.004457540042309027,0.0008551496873283604,0.0005813584762066615
2023-04-19,0.005504587155963359,0.00022538336844113438,-0.0004920018166221229,0.0028397044651462533,-0.0007011885145321584,-0.0013053684230613927,-0.0031281573016240793,-0.007238134629304005,0.007824770825598959,0.0025589735272388836,-0.0025122226400902115,-8.423849602978706e-05,0.00010564012634550757
2023-04-20,-0.011882532676964819,-0.014793950686830981,0.0005805954890254483,-0.0043371857622427346,-0.0018477587154569486,-0.007578739781313515,-0.0007406396787962288,-0.007655452557025266,-0.0005383808903119958,-0.003181564898531608,-0.008882789407009706,-0.005952552882162232,-0.005767341635770196
2023-04-21,0.0017179178835251552,0.012042787522651643,0.0074802901292967405,0.00677540777917196,-0.0024252791414276498,-0.00371625524704422,-0.009050303302190477,0.0032012595119390586,0.0030052166024039373,-0.003949076745527913,-0.0059191405833930455,0.0009031936248575789,0.0007118193891102464
2023-04-24,-0.0030869490653404608,-0.0007214442792944364,0.003994090248910842,0.005579415599355819,0.0022667480973408427,-0.004240350978914287,0.006928451924023138,-0.00010462439840974724,0.0049748431228449075,-0.002009522602603342,0.015383437930506672,0.0008515744450250384,0.0007962459656871701
2023-04-25,-0.00916050232238097,-0.020475975087853704,-0.0011597889932282168,-0.01051855523989309,-0.018350773990180036,-0.02085338964628425,-0.02148288601755377,-0.01579993721879236,-0.0009562918377680196,-0.017614192939810702,-0.01837642270294726,-0.015810821263512076,-0.016241102400627927
2023-04-26,-0.008246885715525787,-0.0038096083829144423,-0.007353859215421976,-0.014066775432601486,-0.01869382005706044,0.017321080258170918,-0.0117863278596827,-0.00621943440357231,-0.02370495495495495,-0.00956513710645357,-0.012792554825234892,-0.003841213469789828,-0.0042378364389235035
2023-04-27,0.024289903278042813,0.0276695697132312,0.010389283692849416,0.005107624954396206,0.019852807006873086,0.02171820502328492,0.013584539500282933,0.05525541588660077,0.01199607820520221,0.015996420381453103,0.004433520526422097,0.019566123190639217,0.019221814322688324
2023-04-28,0.011536489488976231,-0.0003729886802271709,0.00484246430394264,0.008160487425460383,0.009232200579696315,0.010744608624674745,0.011288392500997224,0.00542376317923754,-0.0019376531600843183,0.01187264886686834,0.014744145706851786,0.008253231286347917,0.008361843643086342
2023-05-01,-0.009208414294162415,-0.010647159889623503,0.0008919722497520155,0.0058634811847830814,0.005507558118920564,0.0018339968678655616,-0.0003747091074034481,-0.0007562389715149997,0.0020556158282418746,-0.002683979543723347,-0.012561050061050127,-0.0003861392787588569,-0.0003898635477582735
2023-05-02,-0.017351637107776208,0.0015699688637460518,-0.0032181404099415056,-0.004876926321979336,-0.010484619814991047,-0.009300100572169012,-0.009489612721210516,-0.017810292633703373,-0.012279901988717312,-0.022984325562788843,-0.042799511569315496,-0.011586253889876552,-0.011900746300122278
2023-05-03,-0.005943858735736884,-0.0071369774243831285,-0.0078726468981275,-0.001111196752479282,-0.0038367880263705523,-0.0083114078445089,-0.011074373580846952,-0.0016951764524578694,-0.0031442005365334147,-0.011874185743532495,-0.019232011368040203,-0.006998286233062534,-0.006496762286774982
2023-05-04,0.00920914804469275,-0.006958960654089297,-0.002941250093869696,-0.008082821592772516,-0.010946555054732743,-0.004903652243258172,-0.0064048338368579705,-0.012555315426571956,0.007321025522310398,-0.012939802606795725,-0.011064096020547698,-0.007218725172645657,-0.007881456029206424
2023-05-05,0.01530943216710634,0.019984012789768135,0.00892509697099042,0.009224805196488939,0.015058352623456672,0.027128034614154695,0.01658152923051981,0.00995310057321519,0.0066358335009049085,0.024386985974620856,0.027470240572712967,0.018474744042430657,0.018745400233776355
2023-05-08,-0.006857775695361501,0.0030477185649600003,-0.0022395301963320513,-0.0021839530835490173,-0.0036938937916453085,-0.00017630200909279914,-0.0029710867397806373,0.012744440431350368,-0.003253238970378547,0.002104949425330238,0.0007453617434984849,0.0004521003324267081,0.00013810980792117178
2023-05-09,-0.004031566306399004,0.00017362618282823483,-0.003042621642517007,-0.0069073843994824635,0.0017405402827781469,-0.008550279319129106,-0.009339813203736003,-0.005196657835744856,-0.002032753092075068,-0.0036991597888319516,0.00035621184890155533,-0.004579374208577791,-0.0045676166601161805
2023-05-10,0.009818275772973895,0.006284176720770862,-0.0014759224515321634,0.0027095703580779507,-0.0032370162326843532,0.012249207226161962,0.0005047038397867354,0.016900542865922352,0.00943856327280046,-0.005783905815624046,-0.011491834323357542,0.004483913021312569,0.004311126762066353
2023-05-11,-0.01019189765458417,0.005511756689150715,0.003131576310251516,-0.0033551840502694663,-0.0064592387411051,-0.004489736410229428,-0.009887205149417766,0.016518936341660018,-0.011424998578980383,-0.002026760748400247,-0.012444124244756272,-0.0016966193288928677,-0.002082558571959714
2023-05-12,0.0015079057343501123,-0.008895713415628115,0.003571339377138383,-0.0018486446515791899,0.00010815357808091619,-0.0022343389736310115,0.0017118751146345534,0.0018826793499802097,0.004427322907083697,-0.004118166945598745,0.0011771923134316076,-0.0015832974226629437,-0.0015332360864149797
2023-05-15,-0.0023659984513465515,0.00140216036560048,-0.002724965160262771,-0.0016376184349046197,0.005070652696337552,0.007384184597087673,0.00846336947897397,-0.0002967065572149208,-0.01242200469402932,0.008175981873111748,0.002020402755696704,0.002958235533743192,0.0033910957078111537
2023-05-16,-0.02613082661377264,-0.0025324551850507415,-0.00875868694556381,-0.008162468267916445,-0.013628864500394577,0.001617693758989791,-0.016441727692711128,0.005935892362485262,-0.02295386042198011,-0.009682917236341737,-0.02536938485439444,-0.006377711373504735,-0.006961197963716748
2023-05-17,0.012928935133938557,0.02039772973441356,-0.0010195476229436506,0.0009712815666509389,0.017004823891595855,0.01283112891554583,0.006666119702998685,0.011801730920534936,-0.00355956336022778,0.0209168620924427,0.020722049821098265,0.011890800262780221,0.012457458421627265
2023-05-18,-0.006775363902609688,0.015421326607732766,-0.00443514855227678,-0.002432404080669248,0.006673896721448358,0.020641678144495357,0.005480959269748675,0.017884914463452528,-0.0036020481066921795,0.007002334111370301,0.00490090209825067,0.009445100354191105,0.009354981924272199
2023-05-19,-0.0015403573629081402,-0.008379678026343318,6.327992507659808e-05,0.004561198267533317,-0.0026873764339581108,-0.0011149478788927691,0.0025938234578908315,-0.004917876241405605,-0.0016730901377312035,-0.004488594554819869,0.007307234492791803,-0.001445909410321633,-0.002000272288374294
2023-05-22,0.006699872173491439,-0.003677059701618468,-0.014680013667598968,0.00043180435337308865,3.561169013099885e-05,0.0013148673934559874,-0.005477403185382812,0.011707691569502465,0.00026934011671420066,0.002254416438761231,-0.003873297226325123,0.00015505799168891166,0.0005981363331093448
2023-05-23,-0.01278514821139276,-0.008701761514174233,-0.007102582874170094,-0.011287464113581058,-0.012321206006291163,-0.014985678107345635,-0.015364292246722866,-0.014797249229309917,-0.003410722833891766,-0.012205464803274446,0.010363462615744501,-0.011222073018606449,-0.010906840896458436
2023-05-24,-0.022087195635782986,-0.0023140834607073835,-0.006480738881846193,-0.0065878680045240445,-0.012667203480476452,-0.006233427579437789,-0.011248942186629196,-0.006017426467048614,-0.00627439207445224,-0.013102881887412265,0.005218270469481201,-0.007318638164020563,-0.007591742389702394
2023-05-25,0.002766565377114505,-0.0051695510022425895,-0.007668771564351307,-0.010393432362791444,0.0030431025038646364,0.044460496347782374,-0.0037992651970607527,0.004310344827586299,-0.013776018851394234,0.00032151908310318333,-0.01891536751942635,0.00875769092446621,0.007991709135976688
2023-05-26,0.011668928086838504,0.023805426983498856,0.003516322032119268,-0.0017291260176276468,0.007718165600766991,0.02678136666125641,0.004169984493524792,0.01711915899117522,-0.0009802419972430032,0.00739256206159844,-0.003736957851745326,0.013048987300302572,0.012814669563834702
2023-05-30,0.002727110157367596,0.007571364946513004,-0.010838868260028334,-0.006706071859435392,-0.0023001240381025356,0.006271563870293706,-0.005926420567183399,-0.0007111701118907021,-0.0038941526385183334,-1.8768064262042472e-05,-0.009377437718876003,1.6645067709930572e-05,-0.00015697929966296265
2023-05-31,0.006554014891435145,-0.009157478607529468,0.0007137664397596222,0.00848159155369177,-0.014001544998068827,-0.010914517742921404,-0.01123076600121764,-0.0005218959054894556,0.009573354675860513,-0.011429965653797614,-0.018764869483631097,-0.006108638170785219,-0.006688368100984943
2023-06-01,0.0003100637845501186,0.01217130736338845,-0.0008585505025822115,0.006708022714428052,0.012621192831260508,0.013320673284419549,0.012398624262239366,0.011487705307130058,-0.007836082568527747,0.010935601458080146,0.012293822354267014,0.009854467765435526,0.009736564805058023
2023-06-02,0.020856396404374866,0.021970893970894023,0.013946909206282054,0.013346700083542107,0.029618346450029698,0.005107621225079573,0.033741559367529206,0.000985545335085325,0.010141364474492987,0.021841195913461453,0.029602266977026614,0.014534401637518846,0.01611287360160296
2023-06-05,-0.005205170469332776,0.0034745955798587413,-0.003494178542093218,0.0038384930946695484,-0.007103523582524196,-0.005600341715765733,-0.0009940156202454808,0.005766796380514805,0.0044721630666262335,-0.005623862821856007,-0.005815763175570421,-0.002003563447343426,-0.002906499055130962
2023-06-06,0.006627714310630584,0.009933586876312628,-0.004697047009721067,-0.008784263225670719,0.0060309351497092045,-0.0012409231923090625,0.006518295902205429,0.004941264217788621,-0.000666323409152958,0.01330745772109787,0.0069043931054937335,0.002353882619408054,0.003944996652417876
2023-06-07,0.017543099714112387,-0.009073098663925916,-0.003286360290251311,-0.004149350089814208,0.015868537978700914,-0.01616911177406244,0.011761857687574429,-0.018693756378142634,0.01700257614790135,0.003301413588691293,0.026462646264626688,-0.0038119915496573897,-0.002092994623876465
2023-06-08,-0.006257715720914381,0.01564652308490122,0.0074120967529214266,0.0064762614732329915,0.00178191243173198,0.011983526987221937,-0.0034895314057826754,0.0026471283384543742,0.0040827273810943865,-0.0011271497654798956,-0.004448199993622781,0.006188606028794119,0.005284586280638326
2023-06-09,-0.005697395476353617,0.004379911444413409,-0.0011651654796815958,0.0019244249871042118,-0.00265656402319292,0.004645454140282501,-0.008224112056028021,0.0013200697751165613,-0.005787552310568933,0.0007462143273149202,-0.005781272520538616,0.0011481323635922358,0.0005318169731431954
2023-06-12,0.0002584981258884067,0.017355870811952778,6.553509404283453e-05,0.004587307349592562,0.006948626488164189,0.02074816235437038,0.0043983536437737225,0.011959131785865829,-0.0016717415965131766,-0.00092752568882426,-0.00969685254985353,0.009321075820101221,0.008913421240928088
2023-06-13,0.006159279838049647,0.010040678019035187,0.004180865006553125,0.005289093298291636,0.011581635000230017,0.007130965037209558,0.023321682535856425,0.0027450797934212012,-0.0006279528736320428,0.006152837950995638,0.004668184775536766,0.006932584761680793,0.007203501448805438
2023-06-14,0.003210616438356073,-0.0010976693850732744,0.005573030188334549,-0.011202248292539352,-0.002910579273492031,0.011432327195594283,-0.004338181889562809,0.0012991833704527611,-0.0006881900601417579,-0.0036546533507019197,-0.011171013648064498,0.0008194076003487094,9.053141943216048e-05
2023-06-15,0.0034136974610625703,0.0068176717766961215,0.009306128806167768,0.015499930597325573,0.015119898744569538,0.012760301284891584,0.008517014313315752,0.01538461538461533,0.010569495179352018,0.012565825313237688,0.010363966796011592,0.012178136985173449,0.01193900746313692
2023-06-16,-0.0011482032745057102,-0.0018369919449054972,0.00046294510242672615,-7.159780259824444e-05,-0.001505195169896112,-0.00825061652780612,0.0010947335496735988,-0.010040160642570406,0.005273917809842654,-0.0021878698755425363,-0.0010857235456167569,-0.0036716193988033385,-0.0036974823325944817
2023-06-20,-0.011069482288828314,0.007500096253802102,-0.007493669584441975,-0.0014711147274206748,-0.007582319919901881,-0.0044112313217029575,-0.012556141378637031,-0.00290429651484414,-0.011671431518759823,-0.006865564342199759,-0.022906088282530046,-0.0047351341054383544,-0.0048684617456628
2023-06-21,-0.0044773549164800475,-0.01170904699669073,0.00387225445503514,0.0006192999954368616,0.005667841799199769,-0.01412925395569875,0.0035398580101646537,-0.013546627213463336,0.008409626338234055,-0.0018820804227444032,0.009197921336189241,-0.005245277085977551,-0.004922355111329435
2023-06-22,-0.014357377616329492,0.015343330214141693,0.005134490098690492,0.006475823159211469,-0.007123775601068472,0.009221591173905086,-0.0028967800417766254,0.011482939632545985,-0.007570604761200639,-0.0074337310077237095,-0.013029530311754689,0.003710753626574581,0.0028511555743617745
2023-06-23,-0.011012636012636023,-0.011051785727886898,-0.00591685598038838,-0.00321060535446116,-0.007492762672418718,-0.01102417269224687,-0.007806478388900917,-0.002455863954404336,-0.015137518996394372,-0.0041831068244923,-0.007934258996882937,-0.007658795633847637,-0.008077073768597787
2023-06-26,0.022137438445499313,-0.012476894639556368,0.00034860300573247294,-0.005987324016832107,0.007926794395195724,-0.010336546479436937,0.009999203250736999,-0.01881270903010035,0.00980303167831531,-0.0019627625424194495,0.01713796058269068,-0.004486779982200151,-0.003554898366367243
2023-06-27,0.011111111111111072,0.02057401341444387,0.0033815614553620588,-0.0019990853857712043,0.012551351596722604,0.020420543896249033,0.013982566165739785,0.0112199971594944,0.0004194756554307677,0.007076165269813028,0.002263078778267813,0.011455777787018118,0.011861443701339569
2023-06-28,0.0021033653846151967,0.0024912500573139873,-0.005917083649554344,-0.0035217721452699413,-0.00038106339101595665,-0.0002510156224195814,-0.0067879023631235436,0.008005617977528079,-0.014795291862589433,-0.0018068001387037125,0.010152618914197165,-0.00035400978894173374,-0.0003013470211846725
2023-06-29,0.008652816448918355,0.0005640931820953821,-0.001526895355908886,0.006457503974353962,0.00937324812198681,0.0012686079010486573,0.012689460697920207,-0.0063164739213228405,-0.0004559963520290866,0.016729440157969844,0.011111111111111294,0.004473526683512752,0.005174683239050237
2023-06-30,0.005096190597528194,0.01368297551387343,0.009317937353394923,0.010789183403063785,0.008697487392531178,0.018166940523561603,0.00926248211316083,0.00995559710212679,0.012165450121654597,0.009027315722275109,0.00621258330509411,0.012269017659743087,0.011665567084507833
2023-07-03,0.008492838129040559,0.010747516046116568,0.00689504635217375,-0.008181477702728812,0.0006937638339812313,-0.0030785782801441286,0.0030655451880521323,0.0012958163643095322,0.006670673076923039,0.006273279749068772,0.0031111681313746864,0.0011706865481149187,0.0014030927325725528
2023-07-05,0.004650578179989928,0.0008402486541150278,-0.0009308968489779579,-0.0005143396594941008,-0.0060304604278546,-0.00560406196974339,-0.024697725058735798,0.012063227953410971,0.010984418840666255,-0.003311903370348701,-0.005419664268585089,-0.0019683139606652134,-0.002673981469604514
2023-07-06,-0.006005254597773013,-0.016456533206535173,-0.0034462512444797255,-0.008663592068579251,-0.007395598069173226,-0.0016083161714229854,-0.007089698394046273,-0.010640727040233888,-0.01207558311189838,-0.009080247352334925,-0.024497275401456298,-0.007922515415510367,-0.00824132336063954
2023-07-07,-0.004992657856093929,0.0017751658080404908,-0.013397202725549562,-0.011643646590356438,0.002286517355224449,-0.0043579618752005445,0.00883664049863886,-0.005769940915805072,-0.007381727981829678,0.001578050748677562,0.020646926030286616,-0.0028651801277997935,-0.0018754426743013974
2023-07-10,0.003457581379659347,0.001078293129839869,0.00033753083214338453,0.008077705532729684,0.01391037268670492,-0.00017429222558007496,-7.820748445619419e-05,-0.009192627327173963,-0.004184982236406287,0.004422322883282925,0.0075556990636100885,0.0024051194034939716,0.003238218979561225
2023-07-11,0.011681653920497581,0.008579391382946833,0.0013626453488373436,3.957026690137866e-05,0.012018307339399126,0.00193399422433016,0.00971803996715015,0.010543086078440567,0.012426303854875309,0.01194295900178255,0.02200038456608122,0.006742215156717579,0.007053268113848654
2023-07-12,0.0044027247051006135,0.00957438068992289,0.002345744611915279,-0.002750024730438172,-0.0020280675877923926,0.012530283433238587,0.012935959255601537,0.015070017620328224,0.014662844173684464,0.006323762550642709,0.009030902619902692,0.007411145100759908,0.007478706460771312
2023-07-13,0.00669919775039296,0.010800334366516173,0.004408988647824019,-0.00013887235646548035,0.00152142492311369,0.014949471370351963,0.007876574837019978,0.023205883696496343,0.0037966859934661645,0.003675891403665421,-0.004537190981556138,0.00847017995778332,0.008257808587728066
2023-07-14,-0.00016431153466966997,0.002700507168419408,0.00346279108685299,0.01502675317631974,-0.00332034852808738,-0.0015077463663950574,-0.005766421973102842,-0.006071699629447758,-0.00410484958658297,-0.006801653324962076,-0.027518926090689177,-0.001024381158481913,-0.0017042577227220912
2023-07-17,-0.008340180772391181,0.0031822494708415583,-0.002963362068965414,-0.004326606676266942,0.004213253785940507,0.01332467416132932,0.0007822188304873468,-0.0065130485558998474,-0.011776482364717622,0.010044074522818747,-0.0012198645308336697,0.003855356437357571,0.004097201221356261
2023-07-18,-0.008161743381530417,0.0027574465608311005,-0.0012866535428005532,0.007002388665292347,0.0056591500433651465,0.01258433493400024,0.007758883635809122,0.0038430237815354484,-0.007775725436453551,0.011248065923749495,0.009786905795005296,0.007117288222535212,0.007412876837431748
2023-07-19,0.011152882205513803,0.005224015962270956,0.00928872341247855,0.004945572705117751,-0.0005066729910955248,-0.002737513601825725,-0.005164292605414067,0.002296986893662867,0.010208677375769248,0.0044698115802503935,0.00523593538632916,0.0023578588709500803,0.002507425838058852
2023-07-20,-0.0039657950179698975,-0.0340033923995815,0.007939547113936296,0.016483871802167593,0.004066224451275469,-0.020409503174915855,0.0024339227990111123,-0.024849465264671577,0.01848714519245065,0.006948723214897035,0.012918751187385169,-0.006756875147840957,-0.006695397875942755
2023-07-21,0.0043963336236572115,0.0003661251998745563,0.0033812876753962495,0.01012819289372402,-0.0045868603102307,-0.003130954318706247,0.0,-0.005022810008755374,0.014970671491522536,-0.003433388856783459,0.008127539856205068,0.00032415482692993436,9.684667234854949e-05
2023-07-24,0.009951686831564777,0.005235914940657116,0.0038495033509611254,-0.0023240141834145467,0.0023741434198456535,0.002577303084439375,0.0030919230623316363,0.004631344942571225,-0.002817711328349626,0.01014804202483277,0.016589147286821815,0.004034089155574794,0.0039219104061356536
2023-07-25,-0.0074413279908415175,-0.002258812340248495,-0.0005154898410781872,-0.0006249684359376229,-0.0013026861172418247,0.01187940488013628,0.017624477600650668,0.004241194910566071,0.0021625050458451422,-0.0073446232292704305,0.005673326216257379,0.002814712029929778,0.0026719140357476245
2023-07-26,0.0034190146646895236,-0.0006255585344057124,0.002113340461664226,-0.0007895950324997569,0.006629727049286327,-0.012964429871207717,-0.00284317915745258,0.026487330150569255,-0.0004603389245331213,0.006531500884474184,-0.000894725668011187,-0.00015544744781559316,0.0003078462308077068
2023-07-27,-0.021224188185065107,-0.008658976422546205,-0.008121712714811213,-0.007655641531381097,-0.0081817110913589,-0.003382796338394667,-0.006690272083488713,0.00854165734985024,-0.01727066002705735,-0.01292753819115855,-0.005433875203011418,-0.006424700279192064,-0.006837853433352525
2023-07-28,-0.0025585101920979625,0.018529097824616425,0.009896729776248003,0.002943181311435561,0.006186902769529823,0.01478339819249852,0.006941708410724168,0.02301347995743175,-0.002636126651240578,0.0013524849771446856,0.0009309423884014123,0.009877881875342887,0.009770599114932832
2023-07-31,0.007022412850594906,0.0055572365847718075,-0.004586581117321242,-0.007939784673039685,0.0022964330171266756,0.00128039353922893,0.005161073950550543,-0.00030341120887700246,0.0003230448444979661,0.004445204308428874,0.02000426920379339,0.0014687171966489831,0.0018124628397169218
2023-08-01,-0.0012527142141305347,-0.011478730587440866,-0.005098700775506226,-0.005122130806415437,0.0031583906126206873,0.0008714486887224648,-0.004448728405130775,-0.0029049601109953915,-0.012565322059773454,-0.00030638297872331854,-0.004633920296570948,-0.0026650918726683903,-0.0027089894416419957
2023-08-02,-0.004431808679655536,-0.01843519838441443,0.0025054728130893267,0.0005792064871126268,-0.010811445403801634,-0.02591248935297641,-0.012325910478885871,-0.02074183589163814,-5.946363798536858e-05,-0.008853776476197006,-0.013395807052321684,-0.01383957541738301,-0.01355294478998681
2023-08-03,-0.013522593650260317,0.0034340607390037636,-0.0017040075733669724,-0.004971860427721464,-0.0061067713952787095,-0.003160867424929492,-0.006032500094257931,-0.001687388987566596,-0.022894862036155983,0.0006871435442863394,0.009513516804676048,-0.002547973917609636,-0.0026271747168490345
2023-08-04,-0.009919114516815708,0.019078992002050432,-0.010216209381716967,-0.0036392548254061685,-0.006535096289541631,-0.014938271604938325,-0.0026931684557902624,-0.0030691219642380307,-0.012080822834885319,-0.004291698139119671,0.0002563290662083162,-0.00529999622380839,-0.004897465415308999
2023-08-07,0.012125381605538,0.010991937273466812,0.008520477248920466,0.011833474980374792,0.012577035709602669,0.0026549956794481577,0.006960292104061905,0.018828358541917556,-0.00021561681811177458,0.013637460777214505,0.0014923573215954722,0.00902405745383561,0.008882352941176341
2023-08-08,-0.004545647648583229,-0.008677456173724618,-0.0065865305450354406,0.007835191680077846,-0.0045971057658066306,-0.00775968974398622,-0.010481586402266152,-0.0023209984672651895,0.0049294472857230875,-0.008742537376898563,0.004861748724355408,-0.004218270022397053,-0.0045381221697470275
2023-08-09,0.001963127347217597,-0.01200088567421953,0.0012877889556159872,-0.0005407640678181114,-0.0008672932860658289,-0.015103697024346219,-0.004676018704074858,-0.012422087613027766,0.0017168434606658067,-0.00777295423737534,0.012237866986219315,-0.007038747560775049,-0.006930954031179715
2023-08-10,-0.0031092938069682274,0.002749058746190025,-0.002037437921813212,-0.00043284532145138055,-0.002810299367411395,0.00010771074280002679,0.0009012464046020963,0.0042668563047245645,-0.0031523535532840263,0.0007609033998547954,0.0007694925788359619,0.00025068771249703303,3.932015452834392e-05
2023-08-11,0.0018799401837215068,-0.002823469813457269,0.0018629577644506679,0.005693107137398679,0.001033709821331552,-0.008838060876940168,-0.0027013046726824808,-0.004824076123035925,0.005127260446409432,0.002056333160532109,0.015599816646704845,-0.0010696312010077813,-0.0010124541692470013
2023-08-14,-0.005373363469657666,0.003937154938626675,-0.005221865607010101,0.003292681382419671,0.0002934878311249278,0.018536628432111568,0.001901798063623783,0.010362003024103839,-0.008308387806219009,-0.0018451775336700837,-0.0033195504047522917,0.005750383620255262,0.005234674800747907
2023-08-15,-0.010676156583629859,-0.01368507218336057,-0.010165672291501227,-0.0035911288388473794,-0.012735808050073905,-0.009137976443290285,-0.016450963474259228,-0.010123685021347861,-0.016909998151912742,-0.0179675892332678,-0.024424447820497686,-0.011550831677699436,-0.011657955012627008
2023-08-16,-0.012048192771084376,-0.012720592118665275,-0.0027809395695364003,-0.0077655389955471055,-0.0055364769074979225,-0.008838689707148961,-0.006647562235608362,-0.012050335719685057,0.0045743647585925196,-0.002111115020583254,-0.009044082414949806,-0.0075554433893813,-0.007764605678858283
2023-08-17,-0.007457448675206257,-0.015834320431011406,-0.010143066526583477,-0.007647573267965058,-0.00841182525539852,-0.009643944614361022,-0.0018251040113038686,-0.005896120262849913,-0.003337179927018652,-0.004989245795282371,0.011106074342701833,-0.007712864385729601,-0.008054937267310214
2023-08-18,0.0027844073190135266,-0.0032302400161511313,0.0037083142239402456,-9.005937485917492e-05,0.0011943430555090284,0.0011174026899927192,-0.0008454082535438445,-0.009824783809480708,0.003880335461259321,-0.0012579953578200076,0.009385040723305593,-0.00014872916647590273,0.00014087341517421414
2023-08-21,-0.008770769976640613,0.011474911776391039,-0.006397033865113921,0.0009457086059481146,-0.0013824473778094593,0.0226244034046168,0.0002164502164503368,0.00804755372656607,-0.005953865336658426,-0.0009047686630712093,-0.006247871726159482,0.006879175048229769,0.006267983982936487
2023-08-22,0.002801244997776786,0.0009088108441157594,-0.005295106953277062,-0.0036828506420885088,-0.002031884964051267,-0.0024172866125177217,-0.0007869213668824093,0.0017690283951736774,0.0026341371632851995,-0.008789530692330794,-0.007657812011144016,-0.0027774179104816943,-0.0028895087835068
2023-08-23,0.014632199707355964,0.008302682405084694,0.006261145234792931,0.0029481398334332276,0.009945184025058618,0.01919720767888311,0.001811344529542458,0.019017432646592836,0.004535076470772115,0.009315323707498768,-0.003032714279280091,0.011044888377340412,0.011040028878549712
2023-08-24,-0.004107852991303673,-0.020070667063501135,-0.007705535646306716,-0.007641345597221405,-0.012184450425901883,-0.021519362486828397,-0.0043432973684727205,-0.020351033103754745,-0.0063204433650912994,-0.002413829824997382,-0.007424139748512859,-0.013458039995401183,-0.013170813952335103
2023-08-25,0.0026767300013164075,0.011011860724103872,0.005609059159699559,0.006040886169482063,0.008567039325401815,0.008198017802756308,0.0027041964391456563,0.0016782328661495427,0.00783330722230935,0.003433797103512104,0.010711251365456809,0.006717988442317857,0.006391895558838678
2023-08-28,0.00774617067833705,0.003674289983900847,0.004564828457166881,0.0023322638421792163,0.007849415741080445,0.008141370781191037,0.007362349652552336,0.010505343234921138,-0.00040416601896464677,0.00588662919555305,0.007265303671680323,0.0062645975336552695,0.006471134545672497
2023-08-29,0.011508229469752829,0.02353067583539281,0.004111939028063283,0.008298195094359029,0.007755187591699908,0.021111184689755813,0.016766654290348182,0.024601183007707528,0.0027992037820354643,0.008760642329590507,0.00298053709278423,0.014508347036412905,0.014446594235253185
2023-08-30,0.0034775888717155645,0.0032992411745298433,0.0017475905421444615,-0.0002932420458094942,0.004400560469393078,0.008336684003683592,0.0015183256135766765,0.0035425322545374893,-0.004249116059797831,0.0012057035017825068,0.005096431012451497,0.0038331298928546698,0.0037656126211598195
2023-08-31,-0.007572840456937402,0.005059639472661415,-0.005363815078569534,-0.012051957327143703,-0.005067898947184846,0.0037013573787572085,-0.0004989445403953408,0.0011330950928265526,-0.010309920573119413,-0.003996718850899805,0.0015374380959420897,-0.0015969452055097921,-0.0014811061524370173
2023-09-01,-0.0006897740989825207,-0.005420840118678494,-0.008298537938978279,0.002349432973388188,0.005137530261039247,0.0022523532766454135,0.010156669994624057,-0.005397875674734487,-0.005161452760118257,0.008043036377654689,0.02051690799864203,0.0017991596526802933,0.0024201260807619196
2023-09-05,-0.009490940465918918,-0.0008672767510019552,-0.008301986405332196,-0.009446537235583974,-0.016892260075415777,0.003906387358904917,-0.01805637389998671,0.00043767507002812067,-0.01543815248339131,-0.009578111147808821,0.004874238852167423,-0.00419419058100845,-0.00587021280738298
2023-09-06,-0.0023083623693379574,-0.00971295159986818,-0.0019298339011926124,-0.006078217229633087,-0.004777846754168258,-0.013746525157382838,-0.0033486247411106396,-0.0054247965701286205,0.002024291497975783,-0.001702471215950574,0.0014393459611952153,-0.0069715777558858605,-0.006639312958411359
2023-09-07,0.007115728816518896,0.005017455303843121,0.0033870731154406197,0.004741878307051417,-0.003152255031912299,-0.01570420306981024,-0.0044280442804427445,0.001099674496349179,0.01263427930094596,-0.0019866734647233653,-0.002170288605266135,-0.0032113009127796577,-0.00366715627803349
2023-09-08,-0.00628521889900302,0.00033082209290080655,0.0015549205927303245,-0.0004491661133461111,-0.004637182380941796,0.002066508781022325,0.0012484881588701313,0.0035150929302691925,0.009626650622248878,0.002360567945601355,0.009679510262873725,0.0014266008258556617,0.001157624988868955
2023-09-11,0.00021810250817888566,0.027697187438930904,0.008306573604734524,0.006805645103517444,-6.735594247797572e-05,0.004536943684286365,0.004149943498421793,0.01169052935767767,0.003356020449769348,0.0036906854130052125,-0.013153201991526031,0.006723514803174124,0.006275571719407846
2023-09-12,-0.000348887919755847,-0.008951883625512913,-0.0070800652734642755,-0.0016753560940270251,-0.00370482637836389,-0.017459707114879652,-0.0024253477948738,-0.010603306500476029,0.0012816505157862146,0.008474873052005005,0.023071919045898115,-0.005695872498027943,-0.005244497696938799
2023-09-13,-0.01029578570805334,0.00896632646283968,0.0025579854208084285,0.00023973823176870468,-0.006659680200128415,0.0031009551605201136,-0.0059322363558563795,0.003980578277415603,0.012050825762542683,-0.001007049345417954,-0.00761611394497741,0.001241623523611013,0.000671359601923216
2023-09-14,0.017103059155426203,0.008769620105030684,0.008169956241820264,0.0025263648848234954,0.009857972592794306,0.007032451108429427,0.014009274296112206,0.01180724991286164,0.01474534966221408,0.008707591768631895,0.012629570566123682,0.008429883781315706,0.008830348774110819
2023-09-15,-0.005070642281355675,-0.01877886616251334,-0.008156200416989057,-0.007385533916594356,-0.005335819638062955,-0.019456172721959986,-0.010882778581765562,-0.01110967575248667,-0.004924760601915157,-0.005496493616141573,-0.013146979007016446,-0.012159552507158722,-0.01200000000000001
2023-09-18,-0.008145663632007638,-0.01007160221974257,0.0008461243538386842,-0.001796652757796835,0.0011293564926704303,0.004721150755384151,-0.004291761768205782,0.002656215980840315,-0.0005193535575717112,0.0031532624138050913,0.006839165621794097,0.0007212964460983073,0.0004454431169138573
2023-09-19,-0.0055775142731663285,-0.006471694733070632,-0.0024965985495951637,0.0009521138884722724,-0.00464769983981228,-0.0007698306372597719,-0.000979604631570652,8.685833405719379e-05,-0.00547132901332692,-0.001105354058721919,-0.008335220196988513,-0.0021511026084926055,-0.002166857957018986
2023-09-20,0.0012807490173563085,-0.010924035131216092,0.0015493815716289827,0.00018242349614627784,-0.003887390348391806,-0.017726416195574246,-0.01029593457668998,-0.01889004689942675,0.0010449641946090882,-0.006622173041012536,-0.009546914020692188,-0.009394795170962755,-0.009122549554284154
2023-09-21,-0.0348006351446718,-0.02878911027216735,-0.013089870555724525,-0.009217220242709323,-0.016258775073670795,-0.01518402824935483,-0.020449411484960267,-0.015447262426415254,-0.010807159743329908,-0.01616973874297245,-0.013889289110451508,-0.016400890463858953,-0.016461687798336788
2023-09-22,-0.00717451903303945,-0.008736322610416236,-0.004715906807250647,-0.0019263389041564993,-0.003411903495177171,0.0026064651368049585,-0.0012541975158796292,-0.0008991188635136815,-0.001613954498898118,-0.007412780411860553,0.0015487566114376072,-0.0022956120092377796,-0.002258760327215059
2023-09-25,-0.0017030286292920582,0.006659302509073539,-0.004267118954353832,0.00538834983433123,0.004607332273376175,0.0046732507118196764,0.008000486105484761,0.003824694024477937,-0.001958528927161307,0.0015150164869441873,0.012793954601155288,0.00402309227186648,0.004140237808733183
2023-09-26,-0.017797039974180362,-0.02026899924755443,-0.009003406694425009,-0.008628879556041857,-0.015179520354881904,-0.01779486108781747,-0.014527699077702128,-0.013447487561074056,-0.030463493645651707,-0.013418757786082813,-0.00502700756211738,-0.01473449776826885,-0.01478652963399274
2023-09-27,-0.008261747171759759,-0.003792060672970776,-0.007693776771341976,-0.004950102438701975,0.007624633431084993,0.0016796531969167638,0.00016311883206920896,0.005361443046026704,-0.019308616590631544,-0.002020347788440735,0.025073831721582174,0.0002293186195019281,0.0007937162412896548
2023-09-28,0.008519903441094323,0.00968488002312795,0.0024607516977812605,0.004775473064073665,0.004260768335273557,0.00686737682903904,0.01045828916252134,0.011614769286392157,-0.02185094185094194,0.006940929795387296,0.00011298158400174785,0.005893073124170867,0.006293194903645105
2023-09-29,0.0035199699629229197,0.005328879344627335,-0.0025369920873273832,-0.0076546800634584855,-0.0059003547168060555,0.003925091562435368,-0.00223948350650649,-0.007281987133666901,0.0020764954116150314,-0.008831765635097466,-0.019727180298237612,-0.002709491359862204,-0.002865916069600738
2023-10-02,-0.017491347862688134,0.0028481012658228,-0.0064479762428509835,-0.0010791223138514328,-0.00914211084809402,0.013284874516444223,-0.013062644073280283,0.014670806894379051,-0.047159090909090984,-0.008385250651984921,-0.019072588196315188,7.92901202177898e-05,-0.0010264832683227754
2023-10-03,-0.018992764661081574,-0.025938781950141876,-0.006987975147716097,-0.00909575886903169,-0.007390582891035891,-0.01818175642628106,-0.0029708244550074037,-0.013970816516609808,0.011680521940440114,-0.016711413073256187,-0.00022028049049138687,-0.01374408577578079,-0.013974517057131153
2023-10-04,0.011305740210587611,0.01974536737073973,0.007315849614001779,0.00453578831193302,0.0038295097516152232,0.01251284322102797,0.011939255697346995,0.012819359481827997,-0.0008667914846404168,0.008265537352799113,-0.03362220916568737,0.008109801510834735,0.007805335556481774
2023-10-05,0.006717205642452706,-0.0056786593598601165,-0.020695284075974985,0.004944061097340358,-0.006354230642037106,0.002507858411917363,-0.012610673381528659,-0.0012435049074033255,-0.005482874692022244,0.003831770535895007,-0.005806265294645119,-0.0013040164174730196,-0.0013545792015221547
2023-10-06,0.003431512725192931,0.007005072087543418,-0.004802870421381167,0.010132792917711075,0.013312730298347786,0.019412843286278125,0.009583941755959113,0.018231135221663974,0.013678076694930041,0.008166486208731838,0.0041278723111497495,0.011814879091820885,0.011451883451717881
2023-10-09,0.012966657167284179,0.001792626435687561,0.0006671303459142575,0.003576896679161612,0.016058651026392923,0.004306108120758267,0.0014667237059220462,0.00952006637844427,0.010085711335237946,0.0003458569972329961,0.03535376604394114,0.006303818034118613,0.0064186560746897214
2023-10-10,0.0030477798096308906,0.01090278547562118,0.010766262872705656,0.0049319392385085425,0.005749315969937108,0.0015346307232404488,0.01080124488924139,0.002162910412250696,0.013563249727371884,0.007715403511964425,-0.00017646799311776817,0.005207972949908379,0.0055944909521823405
2023-10-11,0.02014771877337318,0.004816917955747124,-0.0063993712898382515,-0.004253369977751609,0.006232997004029128,0.01008113435197222,0.002334379779441287,0.010704881944144873,0.01630690605877194,0.0011195579551814827,-0.01348747591522148,0.004293017364807916,0.00416746745430463
2023-10-12,-0.013059616001466323,-0.009540883934835098,-0.011482888659764656,-0.009311953735953282,-0.00933150809947536,0.0010464243876113777,-0.015158207516864808,-0.011061285500747364,-0.014953518377609387,-0.006294980249273996,0.0008796517175571061,-0.006246358765807258,-0.007293020257270411
2023-10-13,-0.00037143653078275385,-0.014559362850801949,0.008430016574269894,0.006122597891915937,-0.008555767946385351,-0.015223036718056582,-0.0036491142233909812,-0.013214717567801015,0.010915197313182246,0.0019603572206492448,0.022538022672089042,-0.005018840769632216,-0.005235973982485875
2023-10-16,0.01021830004644686,0.01649150268336297,0.009776417580549257,0.007516020992114791,0.010511155762552349,0.009760363710407116,0.00920734951098745,0.01470459518599565,0.010465116279069653,0.010163043478260914,0.006555562030184703,0.010594346293018697,0.011088102985729265
2023-10-17,-0.005379310344827526,0.00061281730973195,0.005065386989953513,-0.0013022196628624805,0.0031377867684243554,-0.007735460474772138,0.01009650474414081,0.004269817993616698,-0.0024001315140554924,0.0055235738239989285,0.009783772831215343,-9.831650139591197e-05,0.0008373688458434003
2023-10-18,-0.021818518004899867,-0.02328849943859468,0.003909031258289231,-0.008957062450447917,-0.024301935217755033,-0.012293320629124915,-0.025771747420818225,-0.01584711187459742,-0.009392920703974794,-0.017014749683425867,0.009330657875877835,-0.013399798774352711,-0.014011673034081573
2023-10-19,-0.024431737630546846,-0.022010884856864976,-0.007745901069407202,-0.00962644628099174,-0.009018742073371167,-0.0043646470336253795,-0.010816267666570512,0.003272822482108584,-0.009348903749542559,-0.012482990111584824,-0.0012638275514406105,-0.00848282575441528,-0.009006982711909362
2023-10-20,-0.005425305173415995,-0.016571452057046465,-0.0037840565085770494,-0.003958770044194093,-0.010285822628809727,-0.016871118880408265,-0.012850686272467882,-0.011526249401939914,-0.010545405695862375,-0.01547026292097664,-0.017374736961838222,-0.012585320243104325,-0.01248297775760332
2023-10-23,-0.008425871809857766,0.002139770476182523,-0.002729242283559863,-0.006300225869799836,-0.004657567049808575,0.004197119907374036,-0.010718204067853843,0.0072164041186306704,-0.008213970538320625,-0.007110198749650243,-0.016191578642743565,-0.001685542214310054,-0.0023087691439794833
2023-10-24,0.011886634903482518,0.010375745443930162,0.009564383252454567,0.0028868009793541205,0.007181436527889717,0.007092928689815592,0.011260876983449908,0.013848842289209129,0.02573579739904197,0.006728817382151808,-0.014178347134179536,0.00726575986948208,0.007151757573219175
2023-10-25,-0.020678607834571094,-0.0240219912662315,0.003255735964005302,-0.00897174639684184,-0.01269587234855718,-0.011867767919205074,-0.01140965075080147,-0.058904640841125455,0.004837848658748145,-0.0029871924125313143,-0.00158145225058548,-0.014339592436341642,-0.014368294102969359
2023-10-26,0.021511771995043283,-0.015630682827394327,-0.006281424532375124,-0.009765532218112605,-0.004427508619125331,-0.02171026996458636,0.007168000000000063,-0.025778388278388298,0.008632997974565848,-0.0021722032882662834,-0.007964614993798746,-0.01183251050332379,-0.010548300668762223
2023-10-27,-0.01601242175748463,0.016978716457153542,-0.01356730391882055,-0.017057759258751637,-0.008736436651721191,0.005791226802488447,-0.000593082120692312,0.0009399821403393016,-0.018105803733087567,-0.018635288818826812,-0.02304633367476039,-0.004800313253070176,-0.00540500202554306
2023-10-30,0.003057349967947154,0.012639725576011562,0.015529980107985342,0.0054661953467616264,0.012245648443245827,0.01189424842648279,0.009855244473645275,0.02061323191059783,0.006772387434204052,0.017057732392480984,0.003052823090443635,0.012010093822027113,0.011640495203387058
2023-10-31,0.02035298166265176,0.00709202105913076,0.00372168511186044,0.00627552683221122,0.007653277467637221,0.0055828386587333245,0.004533243787776975,0.001840264998159702,0.008591694695127883,0.01094293503807453,0.0022288489916379994,0.006474961721408823,0.006653881607527001
2023-11-01,0.005107203083594358,0.014349270523516422,-0.000571516190635446,0.0018605805011162602,0.0032687985963395505,0.020805637256590126,0.0009610563262578697,0.018368846436443764,0.010961798791560673,0.006323581378912868,-0.003312832625266382,0.010505985025513809,0.010125356545169328
2023-11-02,0.030918939648147292,0.02397190345897826,0.012552651398923365,0.015661755602327743,0.020519147610890798,0.017146038226016014,0.019244416614485393,0.009108946608946678,0.018877167771645054,0.02400798417949601,0.03105331999692229,0.018858574846738696,0.019151618718154406
2023-11-03,0.02352831767878727,0.012092207067081251,0.0009366649218987,0.005119765953556454,0.008204610545095914,0.011241321891885647,0.015461173001310557,0.013897577978371656,0.005962111741513398,0.013229614121214484,-0.010133874602629711,0.009393716215277292,0.01039781615188784
2023-11-06,-0.014128657096129427,0.0018441750862980832,0.0017477224561692761,0.006616403560190998,-0.002584550905174954,0.007832949558166602,-0.0051223102829370815,0.0016307461765614484,-0.002804065895548491,-0.003865405511320086,-0.01194137868644829,0.0017529609897344312,0.0008297411612330219
2023-11-07,-0.008755356895995492,0.011878539962240309,0.002088112867995706,0.000461844298230929,-0.0025679035402051964,0.010831429371139345,-0.018709585875580137,0.005500308017248878,-0.007317462853490886,-0.001251743499874891,-0.02234023072697322,0.0028401412741241305,0.0022647308610022066
2023-11-08,0.005764492585188963,-0.0025344009951022706,-0.004222359311810364,-0.001404964206864312,0.002726645056346788,0.006378347747132862,0.0025614542449905464,0.0011378057853048684,-0.0073392132878389305,0.000644560624507573,-0.0121901729412498,0.0010049378994057,0.00044385264092317023
2023-11-09,-0.01506817656574988,-0.018175582990397787,-0.004019989812354519,-0.02100361784805027,-0.0024508087668930756,-0.004040785377667944,-0.008468290270737922,-0.003016129737290707,-0.013846552954147384,-0.0040974806756369775,-0.002733578776051959,-0.008083910212239531,-0.00836896023231426
2023-11-10,0.010981275517387035,0.016567173657638046,0.0066072292487386886,0.005981180496150484,0.013395573026346641,0.02593960809508511,0.011574506992498401,0.01674850929498417,0.005162605636118478,0.01142672344095308,0.010679088633266831,0.01561640999689451,0.015323449860695781
2023-11-13,-0.00821612588775944,0.002904911017577838,0.0036526921439654636,0.005653099680950069,0.0009235635700348688,-0.0053729941291584815,-0.0013968775677896117,-0.0019404915912031306,-0.01239858675739347,-0.0015631938893330144,0.007070295353357903,-0.0008357416584374722,-0.0008612660611098111
2023-11-14,0.05321538893569233,0.033169561865904695,0.008947994910314838,0.006980991679631954,0.020414989446488452,0.01916205742635957,0.029108039167283772,0.014171527327716538,0.039418331180231414,0.019445976479797844,0.005432836750260739,0.01907492831317792,0.02098890414666177
2023-11-15,0.0016442252144159841,-0.0003918879200548453,0.006983713708419881,0.0006516102161733262,0.001989352443173553,-0.0007722103130232139,0.004697463369780275,0.005964299407830387,-0.0033143184932599157,0.005706806282722576,-0.0033597572304452372,0.001597081655804411,0.0017769313083515481
2023-11-16,0.00031055900621113075,-0.009099887665015682,-0.011971774084947095,0.0038265563007271464,-0.0006091576703104451,0.006779063728763246,0.002447176793601624,0.009443950366323728,0.004508393285371781,0.0032276537039930275,-0.02109645647884928,0.0011903492875668942,0.00012739852217724668
2023-11-17,-0.0019514791324788394,0.007311765780023238,-0.001785495236407808,-0.0019059847922475726,0.005858250651857411,-0.002815569454295397,0.0016671628460851462,-0.00465682161436487,0.001909854851031234,0.0055004929687094695,0.021217843936965464,0.0012820967827800178,0.001910734407917447
2023-11-20,0.007910056436919444,0.005173989561381598,-8.192468390721963e-05,0.005206239446811978,0.0032431097944161102,0.015016688630793196,0.0015455031801701047,0.010495258166490995,-0.0030817130512135193,0.0032512772875059603,0.0011655011655011815,0.007390308416887814,0.007119804400977925
2023-11-21,-0.004717605043869311,-0.0037571950284794875,0.0035230500327725345,0.006085814652615262,-0.0005257211888010094,-0.008342206407421227,0.00395671355372218,-0.0001251355635271123,0.0021989228464895927,-0.00037722908093285046,-0.0020799379123012107,-0.002020943928152108,-0.002427703004525217
2023-11-22,0.003676796314343811,0.004963116052437044,0.007089399918356332,0.005399711132018092,0.001902544933634731,0.0027837344256178564,0.0011823359016296386,0.008844019857327634,0.0033706436021367914,0.003928093588116077,-0.0010887993653854178,0.004061090434732906,0.004185811073903922
2023-11-24,0.0036191905371407707,0.0013359752619412912,0.003823755928172856,0.005107117674580941,0.0029154193288951635,-0.0031817308249622034,0.0033263133032850334,-0.006657569366910643,0.003042403498763946,0.0032976233191519544,0.004468943180579554,0.0005969336920788049,0.0009209174276352261
2023-11-27,0.003782048462993126,0.0019263345675866184,-0.0023958866126471134,-0.006353098528756207,-0.00579161329843525,0.00044068232313043687,-0.0008435342121783096,-0.004745649820997344,0.0009478672985783199,-0.002809945504087308,-0.003968500031004019,-0.001954230217531494,-0.0019563596215121937
2023-11-28,0.005169769989047168,0.005378877991486508,0.00402072427006317,-0.005034475932829574,-0.0024197613846411725,0.001911841179529583,0.0019633636345788297,0.0032625062740505584,0.0031250000000000444,-0.0010246776534880153,0.0005758575608540983,0.0009801271528184774,0.00039786125316609855
2023-11-29,0.00732249487861214,-0.0035419302031400868,-0.008076437229553535,0.000192317894848415,0.0032566339880291117,0.00010685880898231304,0.0037622714714009575,-0.011214875343950714,-0.007866830296736849,0.007077527993845534,-0.008835103983574122,-0.0009462358037187757,-0.0005723043495131641
2023-11-30,0.008264462809917328,-0.0016652478456322672,0.00830477016243747,0.012524781031819199,0.010667233794871223,-0.0007998290441737499,0.009663250366032328,-0.010119323691866522,0.00405975451171936,0.010185200903087832,0.006387219284066381,0.0037841330116161753,0.0038531344326575567
2023-12-01,0.0210711526907561,0.012738329431300599,0.0037486899739338497,0.0035819527208433843,0.015671377309174783,0.00169259535361177,0.010904872389791098,-0.002300123525152409,0.012445904539280406,0.007360231225528979,0.00480289421157698,0.005873724769035471,0.0074543169293241895
2023-12-04,0.005337704366830565,-0.0046457006957472124,0.0009905628806639033,0.002081470993168466,0.002050007087790462,-0.013087823535511856,-0.011877438604544488,-0.013704478504034445,-0.003931234594864441,-1.668140190502765e-05,-0.00459370538208459,-0.005408487734594569,-0.004193817717680126
2023-12-05,-0.004515050167223977,0.0031684784625087836,-0.007916661094692357,-0.001679949992186236,-0.008607650035366565,0.00815895120390886,-0.013723554574840757,0.002207601073500154,-0.008144087705559966,-0.005054549094184901,-0.017025257249766113,-0.0005689551794614278,-0.0016768821556609748
2023-12-06,-0.0034016462287922433,-0.0003550505947097493,-0.0022510682464582654,0.0006131047887396601,0.004730857042500869,-0.009306859670581313,-0.0015700435687090453,-0.004664622295166954,0.013800726354018744,-0.005029928072028622,-0.01641606395127526,-0.0039061302598102365,-0.003735881841876787
2023-12-07,0.0009270574354220962,0.0089534126561297,0.0032288570656580085,-0.0007822073892523873,0.0006445621893265141,0.01282586833758792,0.0067028344537483076,0.032197873725320125,-0.0023986044483209623,0.004027433732706642,-0.006095496105655185,0.007968188792220499,0.007926126178502635
2023-12-08,-0.002273397044583847,0.004319638587793717,-0.006517728490822661,0.001800485348224301,0.003308076948271621,0.009024807527801437,0.0033193400370985504,-0.0015554714760163124,-0.0021545667447306904,0.004984726930952199,0.01114626429788279,0.004095438100658821,0.004143394122340549
2023-12-11,0.0032490822397568397,0.0012413924041390079,0.009650965774313791,0.006134090435507389,0.00899920563239287,0.004196515620363828,0.007103240245207809,-0.010442105263157808,0.006634121917636682,0.0068137410444397695,0.0012355187574211168,0.003924532563629679,0.0040401332669552925
2023-12-12,-0.0004626514131896853,0.003989410194511045,0.003087787130640285,0.00465342049058326,0.004605064492472222,0.008282578544292374,0.005661835748792088,0.0019572802314695714,-0.004072370057199737,0.007132549305820524,-0.013541883684033418,0.004599302532861449,0.0040524820260503525
2023-12-13,0.03576688407321682,0.01352607874473355,0.018188631770547525,0.01825045577823725,0.011411579049070752,0.008902325609212669,0.011970870241915454,0.006539833531510109,0.03717576552111601,0.016074575489566367,0.012493095493387951,0.013650752632599072,0.01479596197494737
2023-12-14,0.026244160065000965,0.010750992674990245,-0.01486671223513325,-0.005478862724753508,0.0122699386503069,-0.003399687003533103,0.016766035013101588,-0.00042190532444530415,-0.012790417719995228,0.00930413499100391,0.029443383662532296,0.002647070695482867,0.004520059518796193
2023-12-15,-0.012430228415343914,0.004779396122590818,-2.6686236573647548e-05,-0.008505305478511027,-0.0019922407465661207,0.007048599648462384,-0.0019981699004650855,0.0014772919128820394,-0.01728500442032732,-0.004014967799958247,-0.005127965335577911,-7.627845875146644e-05,-0.0008291410471400473
2023-12-18,-0.0035274782538982086,0.007918360433604388,0.010794870768450648,0.0018863203279888552,0.0007249422147510565,0.002678621528792835,0.0005987799857791742,0.01888144308172124,-0.0029780369772925974,0.0014028411564570575,0.0076454276269406485,0.00452831947855481,0.0041957650744515185
2023-12-19,0.006959250170964104,0.0070159223627273,0.0022441651705567,0.006692154489507107,0.007286165734023298,0.002403435498978146,0.009144631035643558,0.009224405377455946,0.005631611698817762,0.007745072781141449,0.012236267238832754,0.005866395531329616,0.006610894977762571
2023-12-20,-0.013143176733780737,-0.01744541788346554,-0.02019177576986908,-0.014612145192686943,-0.01637430557726971,-0.015437957276760783,-0.014750847803124412,-0.0005328305598819583,-0.019801367531945058,-0.017160661500359553,-0.0096768247726714,-0.014684263175886003,-0.014795273629546468
2023-12-21,0.009189167307614543,0.014429166873067167,0.006882738039226233,0.012020580887147414,0.010649345144746247,0.010755768840501778,0.0101566761336922,0.011195407012507763,0.0012941510684638668,0.008746403082375398,0.00390855228464182,0.01030148882054327,0.010654532857718113
2023-12-22,0.003208985158443589,-0.006480641785838848,0.006875742646960559,0.004873598999763917,0.004372123258227889,0.0003867957954410972,0.006330645912078436,0.0017033011598668324,0.003341529537860044,0.00228851391642082,0.0025492074282358335,0.0016600832148312428,0.0018434972718093245
2023-12-26,0.007836865253898484,0.0034966753498431036,0.004428768431102181,0.0021710563903332147,0.007265590746810879,0.0039845223443157884,0.004440579495624153,0.002226720647773295,0.00647228855096138,0.004052033252399889,0.008722318965650233,0.0042316647141837915,0.004614132746472377
2023-12-27,0.0046020788701102155,0.002658848718504858,0.00443564356435644,0.004649424522863876,0.001751476836977961,0.00023812253609323264,0.002505203824120006,-0.002140981619874749,-0.0011862396204033177,0.0024021907980078527,-0.005270635684495262,0.001430441384365766,0.0014174605366099602
2023-12-28,0.005331332438196057,-0.004082373219631563,0.00028914649212730126,0.0024148345239369817,6.207388861878549e-05,0.0012402936733266756,-0.004612020653032678,0.0008906161444417471,0.007032129016127042,0.003466841340086013,-0.014651677110210093,0.0003701705294067992,0.00022059026277809757
2023-12-29,-0.011745295989315285,-0.006341354036744962,0.0016292636779313696,0.00031449310002140685,-0.001986241142088563,-0.0027828006481459555,-0.0038765413866942433,-0.005015369681281356,-0.0009000341392259026,-0.002786180544499306,-0.0023847376788554975,-0.0028264709879060046,-0.0034643411778759736
2024-01-02,0.00930121631290226,-0.009223674096848544,0.01141253017105659,0.017631228149601386,-0.009484518984586354,-0.02580685042800457,-0.001964345280011992,-0.009105691056910614,0.013823310139164935,0.0038955855352438284,0.011905319896883038,-0.0056605790982068305,-0.005532707522638014
2024-01-03,-0.023511342155009496,-0.018825488786556765,-0.007120437861534046,-0.001353188334157207,-0.015090311643190635,-0.010200967520675341,-0.011103683897801364,0.0010255989497867102,0.003921929098875454,-0.008142623133319593,0.015177482359843841,-0.008016310936719062,-0.00936520594180601
2024-01-04,-0.0027021576930832403,-0.009662256267409464,-0.0014761015244340037,0.004646673390215295,0.0009562667346678655,-0.006438259563517179,-0.0033046678433287235,-0.006925945657964783,-0.0032656798412940002,0.0023570157294723337,-0.016258555133079944,-0.003428406248073834,-0.0032666891310045854
2024-01-05,-0.0019411193788417824,0.0028712900295919663,-0.0024201988487703163,-0.0002463478924937812,0.002059316816338752,0.0014871076370965852,0.0021099431068911656,0.0034252228458238054,0.0038581664523240633,0.005262821128067197,0.0006493406100711585,0.001825673750394552,0.0017748645374553451
2024-01-08,0.014303079416531528,0.01767507084635822,0.007133958428955589,0.00840253308035388,0.005826271186440746,0.027458367592376742,0.004135804790013742,0.017437795599424044,0.007229136163982464,0.00596725172254664,-0.011649645411986431,0.014114671594383177,0.014098766357943715
2024-01-09,-0.007350297607158551,-0.0013564333696961528,0.002408885532363625,0.00040929527905397833,-0.0024223275408109535,0.002547044174644242,-0.010970906503912858,0.001293504183677685,-0.007570939705036195,-0.006896769907304701,-0.016257874908158776,-0.001477892491718369,-0.001996672212978279
2024-01-10,0.0013280212483399723,0.009838516101676742,-0.0012600020783539723,0.0041584484895855756,0.004793074324324298,0.010025286596316851,-0.001703642008025974,0.011666868515602946,-0.0006408104726739472,0.002054729062470173,-0.01010662810468943,0.005665930831493693,0.005427735170982828
2024-01-11,-0.00956514749618198,-0.00029178171880783754,-0.00019509149791252511,-0.0011310841380652858,-0.0020068506104607975,0.004387866134696994,-0.00322348211915513,-0.002553870710295225,-0.023450381679389287,-0.004116927087472799,0.001605316809272228,-0.000671063771963798,-0.0009212344541685846
2024-01-12,0.007831520857003671,-0.010464495461825929,0.0034602976376314487,-0.0029404960488986776,-0.0004421843908910539,0.0034644235991836414,0.0013696545426875595,0.006240998559769562,0.005878306547432821,-0.0022984102662324535,0.012565512156812453,0.0007510083175741311,0.0005901337021669839
2024-01-16,-0.006119901759471746,-0.002028704003453119,-0.004835489641940471,-0.005531979850404434,-0.009795557240812713,0.0039001126439135447,-0.011854103343465039,-0.004214376590330748,-0.010506683245259496,-0.006351187048057927,-0.024011903065989104,-0.0037313198838587747,-0.004054776342223176
2024-01-17,-0.01871581932347577,-0.009111682994168313,-0.0012375431511755242,-0.0024191221165477117,-0.006701343459807996,-0.0049749648808863345,-0.008016764072592997,-0.006348319092869148,-0.015204825332998162,-0.0028014361385262365,-0.00840090820629269,-0.0056168930629166836,-0.005792327479319681
2024-01-18,-0.006109895553812472,0.006183662037407611,-0.0010825616277553296,0.00011694106785653524,0.013407438343988609,0.020312760865935697,0.003934184771022586,0.01382247759874633,-0.010526987367615148,0.0022765067730112776,-0.0021752641392167593,0.00880526501252299,0.00877633832179292
2024-01-19,0.009636552440290824,0.01022348509496851,-0.003264261558750148,0.0006461777050228434,0.006118373083385142,0.023468046138035215,0.0010231265202114148,0.01628948515714801,-0.0012573344509638762,0.016398724185701985,0.0036715894376240232,0.012313478102632613,0.012150455296103813
2024-01-22,0.00440202410828161,-0.005181680897203722,-0.004650431638654862,0.003800761382296347,0.0074150317186909565,0.003859520196566102,0.0029698196895189266,0.0003509866625066582,-0.005164789050647323,0.004295042474958599,0.0029232603334803375,0.002194301015948863,0.0031264812046523094
2024-01-23,-0.005079053002375655,-0.00142447067964524,0.010778868679423903,-0.0005330327110534272,-0.0005838320231864591,0.004515265565232518,0.0032109827145301306,0.009980117734201377,0.0023037736461273273,0.0014360787160510036,0.0033706767407022387,0.0029213904746590025,0.0023261942190437868
2024-01-24,-0.013585837793330668,-0.002420731839107737,-0.012304527284801026,-0.009084779010605004,-0.00642590390352793,0.007707648958452218,-0.013991107022385707,0.01173428031034085,-0.013790870831984381,0.004601468687950971,0.014329995618234559,0.0008119886527155895,0.00022664019509188726
2024-01-25,0.01306343906510854,-0.010486404506554026,0.009241193840962003,-0.002270365238048133,0.009743191315120914,0.0037815636351590243,0.010924075729891625,0.01835107397657465,0.01788996848739499,0.005380392156862701,0.022319285782854914,0.005260293105750158,0.005338433092847206
2024-01-26,-0.0037078235076009047,0.005503127440461775,0.005420797575662606,0.0058593386697751715,-0.0014245014245014564,-0.010518239865366485,-5.768343331813419e-05,0.004046156151655822,0.003257118900964473,0.0029488399669233,0.007637291265630619,-0.0006517972440622799,-0.00047781754582088
2024-01-29,0.006781623454492847,0.013697039203873107,0.005235670113807656,0.00684230641204242,0.006351718608452961,0.009685156004657802,0.005172579559657775,0.008880597014925273,0.0063966570234650355,0.0030179521483462146,-0.0020501669643551157,0.007556783214781593,0.007738932784933317
2024-01-30,-0.009118166509220815,-0.002169647843957234,0.005570274636510497,0.0024734290052408348,0.0004656119693315919,-0.007426083222777047,0.0044572827792019876,-0.007101116946519825,-0.00038327637420532135,0.011957937837334898,0.010131822638631549,-0.000600657882721567,-0.0007786907255248332
2024-01-31,-0.007088082901554382,-0.018521575015608027,-0.0067604040819474465,-0.0011115182606572516,-0.01143838166549449,-0.021141602147436545,-0.01268402308263672,-0.03929821947403689,-0.0028756749848228846,-0.012153815501095955,-0.01896647356095149,-0.01610568186202166,-0.01648169546484657
2024-02-01,0.01749185939717801,0.019763105944285986,0.019720496894410022,0.01266828892502958,0.017010859330864436,0.013833174689511285,0.016608475916745524,0.008762746694583434,0.01884192649085148,0.0009153815123965625,-0.0006439150032194751,0.012493679898465615,0.012495560068853218
2024-02-02,-0.012636934312558967,0.024965405490668502,-0.0024744936805237705,-0.001183360502324482,0.00650125498909615,0.01318057981138665,-0.005692383590755523,0.04693085290387056,-0.018053153011479806,0.004464216514501018,0.0016186824239377007,0.01068446187367389,0.009687778287503113
2024-02-05,-0.019945979638479217,-0.01315099157077404,-0.0059535167728886895,0.0030948898049978357,-0.005375904501042528,0.0058440340658370005,-0.025247127972214733,-0.008150378148175208,-0.020306844751929676,-0.006141880526535082,-0.0023378049737192708,-0.00318637682737688,-0.0039466182025515995
2024-02-06,0.014924740301038852,0.0037143363459153367,0.0022779334792235595,0.010852928060935518,0.008908937709365183,-0.004801061662521922,0.01705201746314522,-0.0020728457210541507,0.003105894661130426,0.0028259553126408488,0.0032082533891106824,0.002310426660138587,0.002531192701578755
2024-02-07,-0.0005848686134436454,0.011250079449713679,-0.0007660976263742514,0.0025931909363505756,0.006436828436115372,0.014337668062596398,0.008103946102021142,0.00927299703264084,0.0005214783912392829,0.006921111713246164,0.0016460260228876589,0.008241442161546875,0.00779744486474887
2024-02-08,0.005643104961752465,0.0029261411252023972,-0.0003577863248956925,-0.0017243224601918294,0.0005363449608872806,0.0014287111178714618,-0.0018521700941360741,0.0038956266078646884,-0.008274154668056588,-0.004936031492188464,0.010877220439784008,0.0005705637169521882,0.0013367327065740842
2024-02-09,0.002826502618671345,0.009887821963498578,-0.008513249223453534,-0.0005479713148929255,0.0011631435217962505,0.01499905069299401,0.00263993572330401,0.007358324791331139,0.004204440940743792,0.003183384586855409,-0.015621613252825517,0.005742400323335062,0.00597632456039543
2024-02-12,-0.003688966260465776,-0.0027580310416394083,0.0063430671050088705,0.0009773539928485953,0.0012325099762591218,-0.0077360910694243,0.0073074868350759825,-0.0018170585456263044,0.011448384142352497,0.004159157077499032,0.010506283323634458,-0.0009489496897510108,7.030556556419931e-05
2024-02-13,-0.0183467154803012,-0.019601606847771125,-0.009838963834121306,-0.008686385177776312,-0.010120374948288324,-0.015587423416144941,-0.014111184771285257,-0.01343430298175996,-0.016881184916887726,-0.012778621504287768,-0.01145543121293724,-0.013674270785210219,-0.01482464388340654
2024-02-14,0.007035090693337853,0.010211853648903979,-0.0019278293159440407,0.008077835500435393,0.016716953437168725,0.010951011799079202,0.006609029779058639,0.01417078751199341,0.00539473684210523,0.009618671722037675,-0.0017319288964464663,0.00957972369210025,0.01009722593881035
2024-02-15,0.023609123811126898,0.008845047611069079,0.005405755768732368,0.00703008638665481,0.006887632338787197,-0.004354061806570386,0.018780776424781376,0.0007641365257258226,0.015443004842298214,0.016560725224323836,0.02477800734981006,0.0058212781615079034,0.00694088765652312
2024-02-16,-0.009908317230604813,-0.004151933070838942,0.0016117178333354687,0.002851564810980367,-0.0060041222331750355,-0.007909091650336597,0.00507699801416317,-0.015634658037304905,-0.0016432529965201281,-0.0029372132810490115,-0.0002308615753993104,-0.004803438753173572,-0.005226786403339512
2024-02-20,-0.0017855659828918125,-0.01004787681275221,0.011289616642207845,-0.004005616121572464,-0.0035460992907800915,-0.012670503888817408,-0.0022554008462414288,-0.0011081150962213293,-0.0013554945941585128,-0.003705109710728016,-0.009529087578318718,-0.006005310084565729,-0.0061799139572606965
2024-02-21,0.007196638795291088,0.007229845927069878,0.002864089410506754,0.002629817630439568,0.0041819973058285775,-0.007636044795169772,0.005716634284860467,0.0019598417335353613,0.013637979510713105,0.00312447607870614,0.01857320484923841,0.0012641920124771833,0.0011975410490461247
2024-02-22,0.0024368081942838238,0.021861388898567924,0.003731722177091612,0.012057160748359275,0.012123335669236068,0.04349017458701954,0.00962217186164871,0.016090935931502903,-0.007747489239598115,0.013264251853652542,0.0012207217517357094,0.021122887309807714,0.02032498715290676
2024-02-23,0.0009888344114374892,-0.0034439958535653625,0.0030349781228660166,0.004447868875424588,0.004985113896004867,-0.0026768632200602216,0.005795554901383504,-0.002070318175214303,0.00706895443737543,0.003268904916853055,-0.005791358683227887,0.00034794369209545373,0.00045154567558181036
2024-02-26,-0.011401522947108389,0.0022719962772108637,-0.002899720113971549,-0.005049976754997743,-0.0011318340632842094,0.0003277816436906278,-0.005871915415149753,-0.02089171974522297,-0.021026099164061063,-0.0046332969644432564,0.0032191308346747327,-0.0037867473667663187,-0.003549977432906193
2024-02-27,0.0003747189607794521,0.0018844864433049668,-0.00016437386202705628,-0.0027276284818147367,0.001152822938220499,0.0006446050585382501,0.003514518087807783,0.010259841641574674,0.01893556692631093,0.0026577773773592828,-0.004308961723584748,0.0017062725735916828,0.0020034319660635624
2024-02-28,0.012818912057268816,0.003196238116332184,0.0008978817578249032,-0.0050894906995268,0.0029525524816202964,-0.005505138755801164,0.0022186772283037115,-0.00919895499871215,0.0030066530194472474,0.003549285650103373,-0.001994997160965517,-0.0016580743494716277,-0.0016951657350497973
2024-02-29,0.00846517361824528,0.009014700687481225,-0.0028554822732671514,-0.007264164827078701,0.0034246911399609115,0.011732476856225249,0.007921987632185434,0.01199539495673485,0.00041456725556465734,-8.953753861318248e-05,0.00432088324389146,0.005229044372909275,0.005433741444469398
2024-03-01,0.010839004115561712,0.003844315328113357,-0.0003674607197162727,0.009712940506756862,0.0035596933187296287,0.01778811653510526,0.0038481784683523923,0.005137614678899061,-0.007172229128813212,-0.002193866129393207,0.011743270967939479,0.008007817482197588,0.00785539831286508
2024-03-04,0.010682468658040012,-0.012736247669380751,0.0011408145415827686,-0.0013272335402486624,0.003839407522900018,0.002060153332022807,0.00699781205359562,-0.015151515151515027,0.016470814871893724,0.0022734751263873143,-0.010835187118838907,-0.0011932849011501157,-0.0008421486822092206
2024-03-05,-0.012364390555201,-0.013097559153006366,0.0034438662463125436,-0.007950462502866795,-0.00827072048459443,-0.02185393567017435,-0.005261267732088237,-0.007710843373493925,-0.002621687355886082,0.001253544247127314,0.007435171727989021,-0.010193044173106403,-0.00964986970095727
2024-03-06,0.005492286568128613,-0.003902942694889,0.008024932810114516,0.007095393625408342,0.004962706290009944,0.009113371626608524,0.007455277361589907,-0.0017185340157658269,0.00965923486192044,0.004054013771723097,0.003431990402575469,0.005141130024711504,0.005167218126080231
2024-03-07,-0.0004819664230057974,0.008693368714929539,0.0049318429320683865,0.004897055880587198,0.008269292581012833,0.018907473950880327,0.012237950188138225,0.018375060813592414,0.006053762429032883,-0.0014695840631773205,0.007778803517108912,0.010304108322428451,0.010203552667956917
2024-03-08,0.011331672426263761,-0.004980611923324552,-0.008333021934905371,-0.002366309377379472,-0.0026372225120269155,-0.01840316879887849,-0.005558210751774539,0.0,0.0020889193739477285,0.0019325969643362306,0.0038894144854411117,-0.00652853397862474,-0.00633739576651704
2024-03-11,-0.004887158296249305,-0.00492292015230078,0.005802999472454662,-0.0005283984829093091,-0.005259334592474296,-0.003762356825100732,0.011338756474839284,-0.002315155078641773,0.005102517034317522,0.0019437066931762281,0.009992520568436802,-0.001122238074512727,-0.001402947049507608
2024-03-12,-0.0036334597724096973,0.009929146716116222,0.006343973225435784,0.00481096830282679,0.004547136375143701,0.025385435754501806,-0.0005808223035763671,0.011749972374673012,-0.009936542330908682,0.004472218931406147,-0.001584762581829935,0.011201772588189884,0.010506718611285937
2024-03-13,-0.006051134086719534,-0.0010687932912666342,0.0012905787749428743,-0.004063020665867723,0.0024329013560275836,-0.010797617936028736,0.009087226810841287,0.0015654579874764263,0.006565782891445826,0.005720182809966001,0.015190399193010018,-0.001924537270519222,-0.0015438416922552989
2024-03-14,-0.01608676369793982,-0.004348333024697615,-0.007783065635534325,-0.004290913359943582,-0.0043415200154709455,-0.0011458237738767307,-0.005549835075655873,0.005488713605466877,-0.008107100701994163,-0.0071242194142306925,0.011032366479140743,-0.002871076469757039,-0.0037502456026446973
2024-03-15,-0.0009014915587608474,-0.01142805970971772,-0.0010991756182863188,-0.0035076549410772984,0.0008060521894512895,-0.012912523494020167,0.0007897369298539569,-0.01174896970573347,0.0011586759778285938,-0.0005462705958778624,0.002283566989449426,-0.006482890915021411,-0.005899502658206268
2024-03-18,-0.00016405545074227312,0.00618772210995755,0.00817786225178807,-0.00022480684359349468,0.0016690278882915965,0.0050581205173005905,0.001665906779363846,0.02955701064491345,0.004629340006255811,0.004963438954132426,0.004253907827190373,0.006318044044564486,0.005606734982575912
2024-03-19,4.102059233734856e-05,0.008615077771160218,0.0035224369310149495,0.00668654879405417,0.008244047042411884,0.006379471384988289,0.00028010714098147815,-0.0017054538994490942,0.009184880752226121,0.004850729814349419,0.010797926568355987,0.005649179907640134,0.005772760803554489
2024-03-20,0.003855777513433578,0.01453564219112602,0.002335928809788612,-0.002327686538212914,0.012135246019773893,0.011526468283807878,0.00974849922117027,0.01263480086842006,0.001295776386017966,0.012419361916882421,-0.0008949499254208293,0.008904105621114988,0.00934714937529324
2024-03-21,0.004331303885915183,0.004629159645097802,0.0003945794646049716,0.001148883520886157,0.010005695842035367,0.0013646075388717982,0.004003882552778393,-0.00172219879094615,-0.0020952087505777817,0.008495882097962815,0.005402946027412758,0.0032365990253835353,0.003895193112014139
2024-03-22,-0.012408967004353233,-0.006265031022008372,-0.005620539621106535,-0.0014359276151243439,-0.0034118465326993253,0.0045269188139678285,-0.005904186447993065,0.008520226736612457,0.0014511995553769808,-0.01212069113728187,-0.002050571331598694,-0.0014022623165372838,-0.002003164663501922
2024-03-25,-0.004160830518250114,-0.002142184078691378,-0.002689804772234239,-0.0015794343503396924,-0.006847054163405031,-0.005175777464825115,0.00026049354844315253,-0.0034910106475825042,0.004593944626009705,-0.002871562826313956,0.009083565972763497,-0.0030549197773100945,-0.002884274798859887
2024-03-26,-0.004509163115873127,-0.0004619659368058082,0.0006090133982947776,0.0033999752085140944,-0.003637054270927198,-0.00761574266478271,-0.001093787978749261,-0.0021369767034506992,-0.011386305742258185,0.0020217005556040224,-0.0075693742276148335,-0.0027998213940082506,-0.0027150010149536996
2024-03-27,0.024185505319149092,0.011037932698516384,0.00965133466655077,0.01303025489884635,0.015992832771010823,0.0012327906611526718,0.014391240114712822,0.0011234377194215828,0.027536321867627,0.012221851276617457,0.009438367601069642,0.008630596627706266,0.009430841906183485
2024-03-28,0.006897671021666829,-0.00137140091292276,0.0017100536390926013,0.001120763745325437,0.000666041275797502,-0.0011136352347913547,0.0026215239106968102,-0.003050918782437906,0.007553098280914883,0.005692980569298012,0.011046316025569158,0.001116511606195525,0.0013946884215656485
2024-04-01,-0.01773049645390068,-0.006072070495257487,-0.007663682251943582,-0.008770454242243209,-0.007874680091121355,0.002253307336988364,-0.002546312119762084,0.014562594533750639,-0.006446969924135737,-0.0062453658814806134,0.00791692085852147,-0.0020135697089078697,-0.002500230725989816
2024-04-02,-0.011199540531670493,-0.012760164446280586,-0.005730268938971994,-0.016203879802206056,-0.005206413999678694,-0.009658820887493924,-0.004060513646409802,0.0009014318898865614,0.0016901068388965879,-0.004448015611099976,0.013687323749913993,-0.00723906654944817,-0.007797057809253882
2024-04-03,0.0005808405592664379,0.0021747631429098746,-0.010991336387173867,-0.001005258274048848,0.005138677811550307,0.001067849298778789,0.006261826939618187,0.007066403408500621,-0.00415787887918051,-0.000821515046696697,0.0065951960917356445,0.0010910886106099138,0.0013139601912448562
2024-04-04,-0.007753866567151713,-0.011582694414019601,-0.004757529608699462,-0.013998463801080052,-0.008571077574394459,-0.017238563812975394,-0.010137791910281524,-0.013930450933856142,-0.001996853443059332,-0.011683759574191876,-0.0005662208800689683,-0.012334284436888443,-0.012140299189800197
2024-04-05,0.006477225240284046,0.0094467684295092,0.002175150173885587,0.009088383777385856,0.014278361324513211,0.013839791813511138,0.009222638641819714,0.0161155295102553,0.0035166434244831013,0.008961279682414558,0.010858715299322697,0.011099216857287653,0.01076402279641786
2024-04-08,0.008179364749844265,0.007471595587024593,-0.00180448471235517,-0.0038180501612796736,-0.0021426154944931275,-0.0031642307112778045,0.000308034568323734,-0.0002403020940611178,0.006404446861216773,0.0038766978634767746,-0.006271767704399522,-0.00037468728023148934,5.935170975313042e-05
2024-04-09,0.012890206737500964,0.0046308592286894434,0.005145125404530715,0.003868727585108811,-0.0022319746854515543,0.0015539891910241188,0.0026517030776864736,0.0010644507777357592,0.005523203458005721,-0.005043300335739742,0.0005639930709422369,0.0014454894769517779,0.0015091396208497532
2024-04-10,-0.04102459849562912,-0.011930504809484876,-0.0034460640666071907,-0.01147169179028995,-0.008372110583593773,-0.00742162677398861,-0.01549276549276557,-0.0022295396858065253,-0.017314466535315542,-0.014989355385306102,0.0037980969252862096,-0.009456977183866844,-0.010539593315612161
2024-04-11,0.0002967862291189949,0.009357784318164697,-0.00278910105127661,-0.0049094981536413895,0.0010565391205026309,0.023639753839259203,-0.0010398613518197708,0.011413248994465164,-0.0020657391093019672,-0.005822330696621303,-0.0019653982939807912,0.007444813046443954,0.006981459775327048
2024-04-12,-0.010426821514856188,-0.01608836023789295,-0.009074111572339727,-0.015160087359090912,-0.01067784845632358,-0.016401773080140458,-0.017678695350450968,-0.01488732537983073,-0.0073668188736681905,-0.014389659558105672,-0.015419239889077896,-0.014550707243232486,-0.014664774803096026
2024-04-15,-0.01773247098128239,-0.01618563395459993,-0.004521130538065576,-0.0019210931081555804,-0.0072658772874057975,-0.019899588019446468,-0.004927500397379214,-0.01625090570334331,-0.009108194308145134,-0.005101658038862755,-0.009007292913900122,-0.012021290507689297,-0.011865035224323361
2024-04-16,-0.015305455021148662,-0.005175016676614241,0.0007184553210597411,0.0002166163291577039,-0.001965302249932188,0.002251753015402702,-0.007365730715984453,-0.0011924803591470967,-0.01355575500603512,-0.006228791192217753,-0.00867726611198072,-0.002056572537150636,-0.00230376543479216
2024-04-17,-0.007970950314409642,-0.005660723612699203,0.004551223702260243,-0.0017634938215839169,-0.00565530754978727,-0.017099687944180597,0.002145654156310961,-0.0011939040662967138,0.02083267969754954,0.002033630789777252,-0.003407107836348122,-0.005780564238499708,-0.005973882848921086
2024-04-18,0.00022319435764650564,-0.007062948976404804,0.004134973709735146,0.00024174652566855137,-0.0035217450685812723,-0.008945550137613223,0.00032115902724494383,0.00653916467444815,0.006146848203583577,0.003983279314209609,-0.0022374784590581953,-0.0022081912146246774,-0.0021117837533437545
2024-04-19,0.0040166019547462906,-0.011917272538800705,0.00949415353329952,0.003179128063706349,-0.0018992608546674061,-0.0307973873582027,-0.001105859270489673,-0.020328326929793916,0.014692855179155195,0.013471314999472073,0.01119855143115811,-0.00875852104918673,-0.007627327878103718
2024-04-22,0.007645463839623057,0.006612933566787715,0.009367091794981519,0.00391035224057612,0.007483987405714654,0.012761252871067663,0.000982090245165601,0.004171420422133254,0.009573123005599316,0.012041915989401852,0.00636372401823726,0.008731224445012842,0.008743324773641925
2024-04-23,0.008690281882747453,0.011830832039560812,0.001546693941699706,0.012454541538726716,0.014038982027766211,0.017119355957925242,-0.008348496200364042,0.018604651162790642,0.004890267175572394,0.006824432645497147,0.005255882071146134,0.01196463497385536,0.012182124076210776
2024-04-24,0.004110907023528343,0.004958301959168576,0.00925337816800531,-0.002516181967362474,-0.007901609124774445,0.0003133839924565063,0.0007735204173413557,-0.0005925616089789143,0.005934718100890191,-0.0012562997589655733,0.001034787936551096,0.0002129946455513565,0.0001566443303455678
2024-04-25,-0.005182926829268242,-0.0019933273015154684,-0.002912214023050974,-0.006239299053746983,0.002864525369436821,0.001513752692733128,0.006902378084949534,-0.040248325892857206,0.002684365781711051,-0.005060773157425147,0.004950966390555145,-0.004576437949929346,-0.004681191702631149
2024-04-26,0.0007004947243991477,0.013166654862242222,-0.00189351748719091,-7.970716812699674e-05,0.0017176659043318665,0.01854450931377838,0.006265954977953125,0.04698742641180331,-0.011238268953546626,-0.002014024668126946,-0.010164444745212164,0.010209134739185721,0.00973861351516736
2024-04-29,0.010762567266045409,0.02032869855783681,0.0029634589393545685,0.0033234406808761996,0.006907048657605053,0.0035739717017542194,0.008444507521998545,-0.02058241643816605,0.013924841560296386,-0.0018855139498570317,0.0066863565509884815,0.003178456301617949,0.0034111372766312265
2024-04-30,-0.018439163744968123,-0.026555766424357863,-0.004166254574226147,-0.0011122926674244082,-0.0164077149745514,-0.021643696869084406,-0.01808458236577315,-0.01488411652136934,-0.005781025324999134,-0.00957820478762661,-0.028904010974831196,-0.015730517164206925,-0.015910542028335306
2024-05-01,0.0012347312254707976,-0.00017595596877839625,-0.006107931620960572,0.002539095959472215,-0.0020912566020483414,-0.01258923603710338,0.005016482728966709,0.008381897978271713,0.011452184179456815,-0.00016391244095426138,-0.015973144975173215,-0.003435477561168243,-0.0030161151735143
2024-05-02,0.013741466637304356,0.015831784648307812,0.007956631983911944,-0.0011412250776581256,0.005624110571768259,0.016408148847953274,-0.005080576155162664,0.011808355035496376,0.005048441694875727,0.0023100539509373075,0.005117052577715331,0.009128425650457572,0.009471462492304905
2024-05-03,0.008211322066298932,0.007123800284120518,0.00334589075047087,0.0022606187985727555,0.007036861133458139,0.030104863666201576,0.009962193832756983,0.010260207319652936,0.008565372666298865,0.003063060383923455,-0.00046667515166942675,0.012556771059594851,0.012283620967531217
2024-05-06,-0.0002154615185728792,0.010582593079341951,0.0007904552528221753,0.00440131185915793,0.010048413332435002,0.014836096079854144,0.006333493001224211,0.013855442711059984,0.00454859511745731,0.011725640759572498,0.008163554046406452,0.010326085896653403,0.010542440854755197
2024-05-07,0.01064609284082585,-0.0055763220785587375,0.010860175243736947,0.008114636692481358,0.002448995149655353,-0.0052925687690952294,0.011670545095550322,0.005645438898450816,0.011176706597122665,0.0032087912087912507,-0.0013753034789564245,0.0013434374239973401,0.0013881555415509172
2024-05-08,-0.00904128283862149,-0.004060197737792093,-0.002746917348309119,-0.003347360943040667,0.0002756706401261244,0.0023394232605513654,-0.0044435925138536225,-0.001677278017388928,0.010486339417299817,0.003972600739020393,-0.0012085611096277482,-5.782909574536532e-06,-0.00021261215291068503
2024-05-09,0.02311069030814239,0.006867914670113162,0.007602374977045967,0.007919296867921144,0.009246676233286122,-0.0025350756024111742,0.01078223731424277,0.0038402194411109036,0.015173613058843127,0.006866353413537807,0.013633869401882492,0.005090917502462489,0.005503572643756449
2024-05-10,-0.0039961300635174,-0.006049515902169844,0.006354336257381021,0.002217480941650418,0.0007909604519773517,0.004772642860932708,0.0012814518503125871,-0.0015028862246815322,-0.0016300594004695634,0.004565616285957752,-0.005524555120623997,0.0016493801399288799,0.0013704772137015375
2024-05-13,0.002914097474448818,-0.00217074712169929,-0.0027526590928297345,-0.0009567890160619985,-0.004516201874223746,0.004792218387860814,-0.0007782639525433233,-0.0017446037012964766,-0.00013836617223828007,-0.004127774022350428,-0.0022751381832395445,-0.00024125544739483917,-0.0002449965784960817
2024-05-14,0.006906135511854261,0.004385361017789302,-0.002227575937337356,0.004351573629583605,-2.8354315526835094e-05,0.009349527268140534,0.0007788701190807323,0.004763210198067247,0.00207577980127871,0.004809219837670797,-0.0013430142275568935,0.004837764439558523,0.00526449214128788
2024-05-15,0.016854167537953213,-4.112603072126131e-05,0.00021840154337104956,0.014380814455906998,0.006294836532735992,0.02292820843920529,0.0016084121685890906,0.009106101429009916,0.014058443351930627,0.007186489399928053,0.0015129228829584562,0.011715980391409309,0.01123038255592057
2024-05-16,-0.0014806284445174622,-0.007540082392536673,0.014823800570146206,-0.0010399163366743291,-0.006518451726826191,-0.0033747413589061415,-0.00732120040059403,-0.00016898742733539862,-0.0036497344409641697,-0.00024259721726715977,-0.0041822276306769934,-0.0020817045486656305,-0.0024771610736581406
2024-05-17,-8.237910865804832e-05,0.0048692216842674,-0.002558064477569233,0.001593845755724077,0.001210138693239271,-0.004783027275768514,0.008505827100365293,0.004935266876246569,0.00010934638200166269,0.0060806760113047975,0.013652835913138706,0.0011647882803798026,0.0010666577778517539
2024-05-20,-0.006796836381611326,-0.007196271959970302,-0.0068310103903262975,-0.00295361127422189,0.0016902578823618786,0.013245406958842354,0.0014832956760206795,0.003397356116922934,-0.0021320213202132843,-0.012116224958856003,-0.006415763656015261,0.0009164157208665369,0.0008823847697059239
2024-05-21,-0.0005391729915806831,0.0048738274083561794,0.0059729948234044095,0.0017727050536817668,-0.0033182503770738947,0.003084465739132236,-0.00013777662963909698,0.00046932618169615026,0.009724162489385568,0.005644118914261087,-0.0050904425198387004,0.0025018226757822504,0.0021873830415437556
2024-05-22,-0.008589924475060129,-0.008474050802967925,-0.002590922176374577,0.002034121506425679,0.0015322336561744976,0.0007043675839435437,-0.009852386447801398,-0.002580083098780217,-0.011827898649015234,-0.004955514616626022,-0.018307213546777223,-0.002706049712388192,-0.0031037859549536417
2024-05-23,-0.02159809133146373,-0.015182151071088668,-0.011990090436790446,-0.010801201567670393,-0.012163565964680378,0.005628451557726288,-0.00878490040880242,-0.01152282729196763,-0.017048262230275002,-0.01509845570928292,-0.010238176833447632,-0.0073808038801509435,-0.007841896706736406
2024-05-24,0.000171122994652384,0.00750702019275562,0.002288357373257943,-0.003149410152844201,0.005497026825490803,0.011301773663480619,0.008757458757458814,0.012880641653072233,0.009914816366429324,0.006819771508510097,0.0013272740388083903,0.007000971935366307,0.007123558926683593
2024-05-28,-0.006287694084434747,-0.000917379795235207,-0.008440304579624192,-0.012476795659003281,-0.012616826872795417,0.013770264068565963,-0.003984063745019806,0.004663960004026579,-0.0011891592920354466,-0.011014299774214087,0.010777010964311717,0.00024883499977379486,-0.00020827952778867953
2024-05-29,-0.009254476584022009,-0.005586435545711366,-0.007544581618655677,-0.007983129989456272,-0.01423206547905631,-0.0035725996290368878,-0.014200873362445354,-0.00561084763876829,-0.013179389207298442,-0.008444190777246008,-0.01760387712921374,-0.007367076011488782,-0.007782944186123908
2024-05-30,0.015119259677629726,0.0018397124127722542,0.002554546352058429,0.0007288187063467788,0.0070331731332786696,-0.024508479737528344,0.008292432269610295,-0.010613286760260743,0.0140849022193541,0.006051303244088979,0.0024230992455018807,-0.005974995016091,-0.004652647137866173
2024-05-31,0.01861759041301081,0.0015478678120888212,0.014574280825711883,0.014068094920191898,0.011601288169790225,-1.2587292876120593e-05,0.010930498198752359,0.005601194921583286,0.016711396397642853,0.014142362537409747,0.02485272193031962,0.008027917211029578,0.008268786175939402
2024-06-03,-0.003529411764705892,0.0014190276148393632,-3.639760746387832e-05,0.007379345015799954,-0.012360003068425995,0.009825764498855749,-0.006084099640168983,0.004861087668365682,-0.01262688110594079,-0.006003356093044809,-0.025987232359753643,0.001116056625188655,0.000502100453563914
2024-06-04,0.009487265980772541,0.001725673959860563,0.009330259645716987,0.003326976431936579,-0.0023204108777755694,0.004115934224828255,-0.012190216345733473,0.00329223636913345,-0.00022048893421156013,-0.004395092631670816,-0.009715213734702077,0.0015028201536890773,0.00031783736763757453
2024-06-05,-0.0014201578881416488,0.006666713352334375,-0.002187789250982619,0.004310727672147907,0.010033086804204228,0.026766805288312323,0.007188385269121911,0.0151347731458229,-0.005844245348035848,0.002221864904766724,-8.785544850220539e-05,0.011847660516995706,0.011739523060971813
2024-06-06,0.0019241226419040025,0.009711236791396294,0.003541869962774058,0.0032722320159899176,-0.005983177732173384,-0.004683767131900107,0.0008437928488556068,0.002111026816637551,-0.01031528159054984,2.9170252176857758e-05,0.005535379568884613,-0.0001998494591923805,-0.00048760330578501154
2024-06-07,-0.008641923767377713,-0.004257752485411381,-0.006002328903614629,0.0010578030605767896,0.0010080449743141706,0.0019872746398976737,-0.010081849158674938,-0.008130081300813052,-0.010871087949343106,0.0035003281557646204,-0.004703929164360798,-0.0011152708034434244,-0.0017033098783706402
2024-06-10,0.004463909711109215,0.005113160680555451,-0.002185963937633484,0.002993941670971667,0.0029339427154946307,0.0028828645344622927,-0.001064584811923397,0.006072874493927349,0.012746792057332312,-0.003938667248019612,0.007140453301728078,0.0025808913052016713,0.0023688242845902874
2024-06-11,-0.0027251383531780027,-0.0021615221521602557,-0.0009924957637376108,-0.0034590937291487656,-0.005396951060563593,0.01656085449173883,-0.0005683836589699398,0.005277567041593656,-0.00634911755656864,-0.012110777132518291,-0.0023971756911855824,0.0027104214117694703,0.0021731765561348038
2024-06-12,0.006852482448396202,0.008444058114988273,-0.009995396059996553,-0.002032150261654042,0.00926051757945201,0.024633986244161354,0.0021859671571764494,0.0017390163073793818,-0.0066993188087597355,0.0008714403875693666,-0.010922436140156755,0.008503679780924589,0.008937699943933453
2024-06-13,0.004843423799582469,-0.002045451435920609,0.0010524641121976153,-0.00042373629477920893,-0.006424806678721251,0.01361545281941523,-0.00019506658864010262,-0.009826400262037294,0.0023237361142598445,-0.001992237651815887,-0.008863890688497578,0.0023445728948188194,0.0016180700836820883
2024-06-14,-0.0015374387102136122,-0.00662192639104997,7.335052995749436e-05,-0.0010656775295121435,-0.010348098815147422,0.005111060224410213,-0.00936502305782183,0.005590473040026467,-0.0025728018094429705,-0.002942568167031423,-0.008259797367560884,-0.00039383555341243603,-0.0014522787722532904
2024-06-17,-0.006991551874817814,0.014346538957857424,0.009901595257013618,-0.002015748774047532,0.01075952462463925,0.011840102794965945,0.006946931175248805,0.0038817066350866902,-0.01136653533263432,0.0080974061605541,0.0022319422391323673,0.007664408277487045,0.007770369644082731
2024-06-18,0.0036461170948407506,-0.0042247197126374925,0.0008715124372087324,0.0011575577893008226,0.005516040063870076,0.006104082372463848,-0.0011735419630155564,-0.007733394501425517,0.00017202821262696233,0.006369988966531848,0.004648243083683168,0.002521363070800975,0.0024971825618822496
2024-06-20,-0.0025471855687322353,0.004543249687438022,-0.00211641491407355,0.0036574287096355906,0.0005485780280063413,-0.015960970369707228,0.001068109801687589,0.004953601268121943,0.00891526201123738,0.00556952403227684,0.01855157844624955,-0.0025259566650810417,-0.0025637500303283822
2024-06-21,0.0027211453928914775,0.010153975897059242,0.0002545084351368576,0.0029975666811645763,-0.0013947403859100316,-0.008382835881994288,0.0007646619482875039,0.006605106634681723,-0.00537008097741154,-0.0031400369245082604,-0.00676257942014169,-0.001562165984246855,-0.0012243574150652137
2024-06-24,0.007014028056112176,-0.0073924957415724135,0.009983885233785239,0.005496694951010239,0.0036121251818101996,-0.02070996417611959,0.005579544041082407,0.0019260903630191617,0.012483574244415152,0.00953728143730026,0.027337431252022037,-0.0030651719607218686,-0.002329942603852886
2024-06-25,-0.014137645107794361,-0.002814876111536857,-0.006478160202502581,-0.003059690184513908,-0.00841715294840295,0.01792539438678009,-0.012846565708328095,0.01850705418526588,-0.009790367632536823,-0.00826267207881326,0.0014170996693434468,0.003933647462219136,0.0028887152947303374
2024-06-26,-0.0013036713066151284,0.019827773847744368,-0.00044676817561617455,-0.003560133519621589,-0.002410105018632369,0.0037156674627167874,-0.0005191178576542388,0.0009917143862567812,-0.0038465922042396627,-0.004704682834462015,-0.00857632933104635,0.0015724132887204867,0.0012900922537668613
2024-06-27,0.009263938015833029,0.008977462966297756,-0.004989127808649463,-0.0016954919860135975,0.00045601847359955094,-0.0006418176275210241,-0.003152144712098126,0.007734100351550088,0.0014587683418665343,-0.0024585845577476118,0.002479815455594059,0.0009072819876230209,0.0011263633858971112
2024-06-28,0.006216622162883656,-0.013637235005982351,-0.0046256389087862,-0.0007639733667131887,0.0008049421508442567,-0.004293765095268021,-0.0001616989166173255,-0.016269186857795215,-0.010824860047983553,0.0038436711460594353,0.004185123396421853,-0.004083627735109618,-0.0034238536565623923
2024-07-01,-0.00991002197619928,0.007325049928290861,-0.006732856829214762,-0.0055989131521527735,-0.01098879801542696,0.012996735842841334,-0.015453728661275923,0.000967149166639869,-0.006872058441370954,0.002192149183058989,0.0001861850679576449,0.0026755889592124937,0.001721869365344908
2024-07-02,0.004020437222548079,0.018076337096742057,0.006213620846329482,-0.0039507691579774296,0.0054868609276714775,0.005353029327960668,0.0015878810001825894,0.00840606782827158,0.004390172990260233,0.011038847410172803,-0.0020190159802966345,0.006195331948881222,0.005999967567742903
2024-07-03,-0.00037540669058144793,0.0031825073191131814,-0.0011715889675371072,-0.007279723061759058,0.0040244781820661935,0.014761199262618652,0.008145489002678863,0.0019482593420629968,0.006281479766109044,-0.0010817359698844786,0.004433603558361421,0.005084398104196586,0.0048519431951898895
2024-07-05,0.00321301898602111,0.008474962706255473,0.012096182982259007,0.007261330127342536,-0.004008346678313068,0.004863685300391607,0.0012833489986263658,0.027413853559019596,0.001869804102062389,-0.0028444367437696627,-0.015227701274212913,0.0054487793072806046,0.0044595591773877175
2024-07-08,0.0017053489726313042,-5.1675580704291235e-05,-0.002124731390491852,-0.0009560513298614293,0.0012862738983843158,0.007242470824931679,0.0028161386406715394,-0.010052433992119414,0.0007178132537040138,-0.0015203950131044142,-0.005889349850590309,0.0010166708878267539,0.0012456880030664585
2024-07-09,0.0006643690570111715,0.002577452778997902,-0.0023591182946599565,0.004285544460294721,-0.004535103256320894,0.00037658728236111827,-0.01015283253226762,0.0004074341053688091,0.002783117665624335,0.006482394570450856,-0.00942625342905512,0.0007410929775606423,0.0002073563658404609
2024-07-10,0.007303207601975226,0.006539822039522525,0.004498987424663259,0.009777404253052513,0.008994212419834113,0.016253200337259965,0.01336679578809541,0.006892230576441172,0.009442060085836923,0.004192902324107184,0.007232713667030044,0.010208033738690059,0.010325800947262431
2024-07-11,0.026611740473738488,-0.014742219206493434,-0.0034768331844411415,0.007215159454437847,0.012644368653592863,-0.027402779703313507,0.014213416603854778,-0.025637834474175336,0.01831065759637185,0.008465578098544979,0.010544481331441924,-0.008763008283767415,-0.006061132200553931
2024-07-12,0.006861682918020806,0.009635188253256599,0.004240060087708608,0.005877423709876428,0.005300775980021655,0.009218632372790081,0.009289733517358512,-0.007504151232596845,0.007264933474363966,0.002219566330885936,0.002185302034791059,0.005517016620885551,0.005780484512589279
2024-07-15,0.004025187310696676,-0.0030695375744861364,-0.00604371742906773,-0.004286854802318607,0.007005053917976012,0.004067346249677195,-0.0029979487718929665,0.00315305170361313,-0.02390361179429068,0.014168086314594097,0.015581452439746402,0.002826181805230199,0.0032762554373997332
2024-07-16,0.010320327074981206,0.015065743185236347,0.009466593846714,0.014455619273384235,0.02536790072115158,-0.0038332703246851674,0.019571639586410727,-0.0063825010423682604,0.007728894173602674,0.012234385061171915,0.0034694573996132405,0.006389379210899104,0.008104875515407173
2024-07-17,0.008054060425097154,-0.017951734444055845,0.014319206492335423,0.004833878385576362,-0.012960078166047495,-0.03719606372181283,-0.0020006553871094734,-0.020884441575209856,0.0003652198342463109,0.008532470406018344,0.010839993198435538,-0.013927512704686507,-0.013729959255038615
2024-07-18,-0.00810663340868334,-0.012801750932449174,-0.004812365170803301,-0.022930263045398802,-0.007330899039045158,-0.002255008456281793,-0.010178864598634707,-0.00290113078165688,-0.0006459222646595375,-0.012834400581387406,0.003336277107251595,-0.007816372508844482,-0.008159550472873978
2024-07-19,-0.0012180746561886169,-0.008022039290282446,-0.003787517865650347,0.004999358308735102,-0.005992699631218623,-0.012710793838917045,-0.008729659892450559,-0.0019176723425359254,0.001095967401995246,-0.0100287527954106,-0.012909535452322762,-0.007140293511332718,-0.007133509942229832
2024-07-22,0.009795822022896195,0.008715086754126133,-0.0003586714808349045,0.0056768381520673206,0.010704246680358631,0.01963503038311587,0.003364097505988317,0.01205817073574722,0.008701998652593579,0.006370052335451959,-0.007176119233980982,0.010792007266121617,0.01097805995338752
2024-07-23,-0.001714196665108303,0.00015732546705993222,-0.0031694015213127313,-0.0003405345815753469,-0.002069482161251135,-0.0012754287174526757,0.0038092228834238906,-0.002258518542764598,-0.006539767351254944,0.0007807598466362808,-0.015510948905109623,-0.001558116673645582,-0.001136761105281603
2024-07-24,-0.013424914142990962,-0.038938482310223343,0.00038393703432637594,0.008146745343479589,-0.02165732999277481,-0.04138671540350669,-0.012608421936206038,-0.037563152024145396,0.011568951511246706,-0.011883367464928019,0.0022300741427248028,-0.023149031452155744,-0.02284863871137177
2024-07-25,-0.0056962025316456,-0.004248702543083738,-0.00029983569004188304,-0.005715627487701158,0.007586729457803143,-0.011427304943411598,0.002550342702300812,-0.018611309949892574,-0.00877824545857342,0.002805662079855553,0.01472330588065307,-0.005142681306694263,-0.0038767897574563115
2024-07-26,0.01670910248249524,0.011725224299705683,0.008925786404971658,0.005685123638479173,0.017210524311769282,0.01091573572733795,0.01676471107813504,0.009065332916536217,0.009889649392373245,0.014860742052947629,0.003574022127611043,0.011090490848678192,0.011561166255130706
2024-07-29,0.006182501173892518,0.014175275179052482,0.0007015624628410322,0.0009221182373222447,-0.0015721504772597816,-0.00334810250344586,0.0017374383209396438,0.00867410161090465,0.004453788486541876,-0.0021334367726920656,-0.008683314415437016,0.000813320877067536,0.0004768832848367488
2024-07-30,0.007583417593528763,-0.005486730389277494,-0.006606699383295611,0.0010757671994003903,0.0027462227720915777,-0.021986514746206498,-0.0035729152213125337,0.0016038766038763974,0.0054530432387771555,0.011883937248368781,0.015429094864601867,-0.004960154039322595,-0.004209114631722688
2024-07-31,-0.0029333436257670265,0.017879914627434657,-0.001973660602145877,-0.00388689145855603,0.01130064962377908,0.03953526491807935,0.010461270670147904,0.012878607202480463,0.012490413060151306,-0.001907087780918082,0.004172187297381003,0.01579342363752767,0.01496048937999972
2024-08-01,0.015832462354353094,-0.022544145379735925,0.010906563114243317,0.010564249111994828,-0.018272732314176365,-0.03361660967407143,-0.0034624726533565298,0.008947492347539221,0.018531544205172557,-0.013801256409199159,-0.02564498470003651,-0.013693569708273734,-0.01444421352176617
2024-08-02,0.0008764575870741087,-0.04612821187406835,0.00863111469423572,-0.0020953051536556355,-0.022002127719668363,-0.019908675799086728,-0.01885911840968013,-0.01923653942323711,0.0013811787829689504,-0.024239298607529602,-0.02258877764172007,-0.018381839946536194,-0.019311407599659325
2024-08-05,-0.029506948410432,-0.03072821267176329,-0.019383125279168745,-0.026943364876322318,-0.01724104736234111,-0.03783575599453348,-0.022833383251995354,-0.03351689441838335,-0.02689583830667619,-0.029055482543854483,-0.02017775288516821,-0.029968802370122227,-0.02987247134326887
2024-08-06,0.022950176539819456,0.010440987625496057,0.005477974228348836,0.00484783981661252,0.011774040298171196,0.011107294762966013,0.005589311793448015,0.012239729881823314,0.008231798729795292,0.014594674120935736,0.0040314088871507,0.01035414252467537,0.010391979676390939
2024-08-07,-0.0080153403643336,-0.014412905182435765,0.00046493884265985663,-0.010696432000837919,-0.005276355151949352,-0.013618577660628683,-0.013949402040413728,-0.003752605976372392,0.00548811808916172,0.0006670340187349133,0.00464447307703808,-0.007734688541859436,-0.007838273386150951
2024-08-08,0.008891981752106926,0.02132741352909706,0.008877396599182408,0.02264184240712952,0.022959531271290246,0.03305609644943441,0.015783253023001986,0.024135044642856984,0.00153258765325881,0.016230002318571746,0.020728942973037512,0.023042600250024137,0.022977753588679484
2024-08-09,0.004904966278356904,0.004060199997130587,0.0018897786596745458,0.0045845700743194495,0.00019028590457170758,0.006411702484973247,-0.0009845514920429066,0.009705762157744324,0.002604096754275309,0.0036932466347250337,0.0028343511673434296,0.004671658542179324,0.004239612948276683
